dataset,project,model,n_instances,n_features,minority_class_percentage,repeat,fold,precision,recall,f1_score,g_mean,accuracy,auc,mcc,PD,PF
AEEEM,equinox,Dummy,241,19,0.48132780082987553,1,1,0.41379310344827586,0.48,0.4444444444444444,0.37416573867739417,0.3877551020408163,0.3858333333333333,-0.23223674999012753,0.48,0.7083333333333334
AEEEM,equinox,LogisticRegression,241,19,0.48132780082987553,1,1,0.7777777777777778,0.56,0.6511627906976745,0.6831300510639733,0.6938775510204082,0.7183333333333334,0.4078676665939673,0.56,0.16666666666666666
AEEEM,equinox,GaussianNB,241,19,0.48132780082987553,1,1,0.7777777777777778,0.28,0.4117647058823529,0.5066228051190221,0.5918367346938775,0.6791666666666667,0.25389557491804177,0.28,0.08333333333333333
AEEEM,equinox,DecisionTree,241,19,0.48132780082987553,1,1,0.6111111111111112,0.44,0.5116279069767442,0.5582711408148076,0.5714285714285714,0.6191666666666668,0.15381450138501307,0.44,0.2916666666666667
AEEEM,equinox,RandomForest,241,19,0.48132780082987553,1,1,0.7,0.56,0.6222222222222222,0.6480740698407861,0.6530612244897959,0.6974999999999999,0.3152995291836768,0.56,0.25
AEEEM,equinox,KNN,241,19,0.48132780082987553,1,1,0.7777777777777778,0.56,0.6511627906976745,0.6831300510639733,0.6938775510204082,0.6841666666666667,0.4078676665939673,0.56,0.16666666666666666
AEEEM,equinox,Dummy,241,19,0.48132780082987553,1,2,0.5357142857142857,0.6,0.5660377358490566,0.5107539184552492,0.5208333333333334,0.5173913043478261,0.03524536884251207,0.6,0.5652173913043478
AEEEM,equinox,LogisticRegression,241,19,0.48132780082987553,1,2,0.7727272727272727,0.68,0.723404255319149,0.7295025106491946,0.7291666666666666,0.8695652173913043,0.46382024385259374,0.68,0.21739130434782608
AEEEM,equinox,GaussianNB,241,19,0.48132780082987553,1,2,0.9090909090909091,0.4,0.5555555555555556,0.6185537128270866,0.6666666666666666,0.8469565217391305,0.4237627068876458,0.4,0.043478260869565216
AEEEM,equinox,DecisionTree,241,19,0.48132780082987553,1,2,0.6538461538461539,0.68,0.6666666666666666,0.6433607413250058,0.6458333333333334,0.6400000000000001,0.2894517311260547,0.68,0.391304347826087
AEEEM,equinox,RandomForest,241,19,0.48132780082987553,1,2,0.75,0.72,0.7346938775510204,0.7295025106491945,0.7291666666666666,0.7721739130434783,0.4587317109255645,0.72,0.2608695652173913
AEEEM,equinox,KNN,241,19,0.48132780082987553,1,2,0.6538461538461539,0.68,0.6666666666666666,0.6433607413250058,0.6458333333333334,0.7356521739130435,0.2894517311260547,0.68,0.391304347826087
AEEEM,equinox,Dummy,241,19,0.48132780082987553,1,3,0.5,0.56,0.5283018867924528,0.4681136985632964,0.4791666666666667,0.4756521739130435,-0.0493435163795169,0.56,0.6086956521739131
AEEEM,equinox,LogisticRegression,241,19,0.48132780082987553,1,3,0.7619047619047619,0.64,0.6956521739130435,0.7077213895435063,0.7083333333333334,0.7147826086956521,0.4255796193691143,0.64,0.21739130434782608
AEEEM,equinox,GaussianNB,241,19,0.48132780082987553,1,3,0.75,0.36,0.4864864864864865,0.5595028849441882,0.6041666666666666,0.6730434782608696,0.26484887678869223,0.36,0.13043478260869565
AEEEM,equinox,DecisionTree,241,19,0.48132780082987553,1,3,0.6785714285714286,0.76,0.7169811320754716,0.6801534353748233,0.6875,0.6791304347826087,0.37360090973062793,0.76,0.391304347826087
AEEEM,equinox,RandomForest,241,19,0.48132780082987553,1,3,0.7391304347826086,0.68,0.7083333333333334,0.7089490077940542,0.7083333333333334,0.7460869565217392,0.4191304347826087,0.68,0.2608695652173913
AEEEM,equinox,KNN,241,19,0.48132780082987553,1,3,0.6538461538461539,0.68,0.6666666666666666,0.6433607413250058,0.6458333333333334,0.7043478260869566,0.2894517311260547,0.68,0.391304347826087
AEEEM,equinox,Dummy,241,19,0.48132780082987553,1,4,0.4642857142857143,0.52,0.49056603773584906,0.42528762645695595,0.4375,0.4339130434782609,-0.13393240160154588,0.52,0.6521739130434783
AEEEM,equinox,LogisticRegression,241,19,0.48132780082987553,1,4,0.75,0.6,0.6666666666666666,0.6852482888641929,0.6875,0.7669565217391303,0.38769905726763276,0.6,0.21739130434782608
AEEEM,equinox,GaussianNB,241,19,0.48132780082987553,1,4,0.9090909090909091,0.4,0.5555555555555556,0.6185537128270866,0.6666666666666666,0.7869565217391304,0.4237627068876458,0.4,0.043478260869565216
AEEEM,equinox,DecisionTree,241,19,0.48132780082987553,1,4,0.625,0.6,0.6122448979591837,0.6043321862224019,0.6041666666666666,0.6391304347826087,0.20851441405707477,0.6,0.391304347826087
AEEEM,equinox,RandomForest,241,19,0.48132780082987553,1,4,0.6538461538461539,0.68,0.6666666666666666,0.6433607413250058,0.6458333333333334,0.6939130434782609,0.2894517311260547,0.68,0.391304347826087
AEEEM,equinox,KNN,241,19,0.48132780082987553,1,4,0.68,0.68,0.68,0.6659416347320276,0.6666666666666666,0.7017391304347826,0.33217391304347826,0.68,0.34782608695652173
AEEEM,equinox,Dummy,241,19,0.48132780082987553,1,5,0.5,0.56,0.5283018867924528,0.4681136985632964,0.4791666666666667,0.4756521739130435,-0.0493435163795169,0.56,0.6086956521739131
AEEEM,equinox,LogisticRegression,241,19,0.48132780082987553,1,5,0.85,0.68,0.7555555555555555,0.7689631641542312,0.7708333333333334,0.8782608695652173,0.5568768277116907,0.68,0.13043478260869565
AEEEM,equinox,GaussianNB,241,19,0.48132780082987553,1,5,1.0,0.4,0.5714285714285714,0.6324555320336759,0.6875,0.8713043478260869,0.49204193231664184,0.4,0.0
AEEEM,equinox,DecisionTree,241,19,0.48132780082987553,1,5,0.5357142857142857,0.6,0.5660377358490566,0.5107539184552492,0.5208333333333334,0.5304347826086957,0.03524536884251207,0.6,0.5652173913043478
AEEEM,equinox,RandomForest,241,19,0.48132780082987553,1,5,0.782608695652174,0.72,0.75,0.7506518906054691,0.75,0.7843478260869565,0.5026086956521739,0.72,0.21739130434782608
AEEEM,equinox,KNN,241,19,0.48132780082987553,1,5,0.7272727272727273,0.64,0.6808510638297872,0.6877815628968761,0.6875,0.7295652173913043,0.38012335774385503,0.64,0.2608695652173913
AEEEM,equinox,Dummy,241,19,0.48132780082987553,2,1,0.4482758620689655,0.52,0.48148148148148145,0.41633319989322654,0.42857142857142855,0.4266666666666667,-0.14917397079657826,0.52,0.6666666666666666
AEEEM,equinox,LogisticRegression,241,19,0.48132780082987553,2,1,0.9090909090909091,0.8,0.851063829787234,0.8563488385776753,0.8571428571428571,0.9216666666666666,0.7202771009357686,0.8,0.08333333333333333
AEEEM,equinox,GaussianNB,241,19,0.48132780082987553,2,1,0.9166666666666666,0.44,0.5945945945945946,0.649358657959272,0.6938775510204082,0.9133333333333334,0.46305309432954683,0.44,0.041666666666666664
AEEEM,equinox,DecisionTree,241,19,0.48132780082987553,2,1,0.782608695652174,0.72,0.75,0.7549834435270749,0.7551020408163265,0.7725000000000001,0.5125215823282815,0.72,0.20833333333333334
AEEEM,equinox,RandomForest,241,19,0.48132780082987553,2,1,0.8260869565217391,0.76,0.7916666666666666,0.7958224257542215,0.7959183673469388,0.8366666666666667,0.5943247013318183,0.76,0.16666666666666666
AEEEM,equinox,KNN,241,19,0.48132780082987553,2,1,0.76,0.76,0.76,0.754983443527075,0.7551020408163265,0.8225,0.51,0.76,0.25
AEEEM,equinox,Dummy,241,19,0.48132780082987553,2,2,0.5,0.56,0.5283018867924528,0.4681136985632964,0.4791666666666667,0.4756521739130435,-0.0493435163795169,0.56,0.6086956521739131
AEEEM,equinox,LogisticRegression,241,19,0.48132780082987553,2,2,0.6521739130434783,0.6,0.625,0.6255432421712243,0.625,0.651304347826087,0.25217391304347825,0.6,0.34782608695652173
AEEEM,equinox,GaussianNB,241,19,0.48132780082987553,2,2,0.7272727272727273,0.32,0.4444444444444444,0.5275043787166296,0.5833333333333334,0.6565217391304347,0.22531773195489457,0.32,0.13043478260869565
AEEEM,equinox,DecisionTree,241,19,0.48132780082987553,2,2,0.5652173913043478,0.52,0.5416666666666666,0.5421374765483944,0.5416666666666666,0.6,0.08521739130434783,0.52,0.43478260869565216
AEEEM,equinox,RandomForest,241,19,0.48132780082987553,2,2,0.6363636363636364,0.56,0.5957446808510638,0.6043321862224019,0.6041666666666666,0.6643478260869565,0.21272958552637758,0.56,0.34782608695652173
AEEEM,equinox,KNN,241,19,0.48132780082987553,2,2,0.5263157894736842,0.4,0.45454545454545453,0.493435163795169,0.5,0.5843478260869566,0.00888301269073847,0.4,0.391304347826087
AEEEM,equinox,Dummy,241,19,0.48132780082987553,2,3,0.42857142857142855,0.48,0.4528301886792453,0.38221323436236365,0.3958333333333333,0.39217391304347826,-0.21852128682357483,0.48,0.6956521739130435
AEEEM,equinox,LogisticRegression,241,19,0.48132780082987553,2,3,0.6666666666666666,0.56,0.6086956521739131,0.6241515980843952,0.625,0.7165217391304348,0.2574493993714395,0.56,0.30434782608695654
AEEEM,equinox,GaussianNB,241,19,0.48132780082987553,2,3,0.9,0.36,0.5142857142857142,0.586811576306191,0.6458333333333334,0.7069565217391305,0.3893549203549079,0.36,0.043478260869565216
AEEEM,equinox,DecisionTree,241,19,0.48132780082987553,2,3,0.6956521739130435,0.64,0.6666666666666666,0.6672461249826392,0.6666666666666666,0.6365217391304347,0.3356521739130435,0.64,0.30434782608695654
AEEEM,equinox,RandomForest,241,19,0.48132780082987553,2,3,0.6538461538461539,0.68,0.6666666666666666,0.6433607413250058,0.6458333333333334,0.6782608695652174,0.2894517311260547,0.68,0.391304347826087
AEEEM,equinox,KNN,241,19,0.48132780082987553,2,3,0.6666666666666666,0.48,0.5581395348837209,0.5956363057232594,0.6041666666666666,0.7086956521739132,0.2261203988644295,0.48,0.2608695652173913
AEEEM,equinox,Dummy,241,19,0.48132780082987553,2,4,0.5714285714285714,0.64,0.6037735849056604,0.5532512598464997,0.5625,0.5591304347826087,0.11983425406454104,0.64,0.5217391304347826
AEEEM,equinox,LogisticRegression,241,19,0.48132780082987553,2,4,0.7647058823529411,0.52,0.6190476190476191,0.6554122499551747,0.6666666666666666,0.7626086956521738,0.36150461545846474,0.52,0.17391304347826086
AEEEM,equinox,GaussianNB,241,19,0.48132780082987553,2,4,0.7777777777777778,0.28,0.4117647058823529,0.5056205829602307,0.5833333333333334,0.7069565217391305,0.24707880841884577,0.28,0.08695652173913043
AEEEM,equinox,DecisionTree,241,19,0.48132780082987553,2,4,0.7272727272727273,0.64,0.6808510638297872,0.6877815628968761,0.6875,0.6791304347826086,0.38012335774385503,0.64,0.2608695652173913
AEEEM,equinox,RandomForest,241,19,0.48132780082987553,2,4,0.7894736842105263,0.6,0.6818181818181818,0.7040256912308268,0.7083333333333334,0.7608695652173914,0.43526762184618506,0.6,0.17391304347826086
AEEEM,equinox,KNN,241,19,0.48132780082987553,2,4,0.7391304347826086,0.68,0.7083333333333334,0.7089490077940542,0.7083333333333334,0.7686956521739131,0.4191304347826087,0.68,0.2608695652173913
AEEEM,equinox,Dummy,241,19,0.48132780082987553,2,5,0.39285714285714285,0.44,0.41509433962264153,0.3387958215439679,0.3541666666666667,0.35043478260869565,-0.3031101720456038,0.44,0.7391304347826086
AEEEM,equinox,LogisticRegression,241,19,0.48132780082987553,2,5,0.9,0.72,0.8,0.8107967096306115,0.8125,0.8678260869565216,0.6414657129337197,0.72,0.08695652173913043
AEEEM,equinox,GaussianNB,241,19,0.48132780082987553,2,5,1.0,0.32,0.48484848484848486,0.565685424949238,0.6458333333333334,0.8382608695652174,0.4289522117905444,0.32,0.0
AEEEM,equinox,DecisionTree,241,19,0.48132780082987553,2,5,0.7142857142857143,0.6,0.6521739130434783,0.6659416347320275,0.6666666666666666,0.6695652173913044,0.34151450937027694,0.6,0.2608695652173913
AEEEM,equinox,RandomForest,241,19,0.48132780082987553,2,5,0.8260869565217391,0.76,0.7916666666666666,0.7923547734168841,0.7916666666666666,0.8504347826086958,0.5860869565217391,0.76,0.17391304347826086
AEEEM,equinox,KNN,241,19,0.48132780082987553,2,5,0.7692307692307693,0.8,0.7843137254901961,0.7689631641542312,0.7708333333333334,0.808695652173913,0.5405423894522708,0.8,0.2608695652173913
AEEEM,equinox,Dummy,241,19,0.48132780082987553,3,1,0.5172413793103449,0.6,0.5555555555555556,0.5,0.5102040816326531,0.5083333333333333,0.01695158759052026,0.6,0.5833333333333334
AEEEM,equinox,LogisticRegression,241,19,0.48132780082987553,3,1,0.8260869565217391,0.76,0.7916666666666666,0.7958224257542215,0.7959183673469388,0.8541666666666667,0.5943247013318183,0.76,0.16666666666666666
AEEEM,equinox,GaussianNB,241,19,0.48132780082987553,3,1,0.8333333333333334,0.4,0.5405405405405406,0.6055300708194984,0.6530612244897959,0.8358333333333333,0.3681175226887611,0.4,0.08333333333333333
AEEEM,equinox,DecisionTree,241,19,0.48132780082987553,3,1,0.6521739130434783,0.6,0.625,0.6324555320336759,0.6326530612244898,0.6441666666666667,0.26711222531767115,0.6,0.3333333333333333
AEEEM,equinox,RandomForest,241,19,0.48132780082987553,3,1,0.782608695652174,0.72,0.75,0.7549834435270749,0.7551020408163265,0.8475,0.5125215823282815,0.72,0.20833333333333334
AEEEM,equinox,KNN,241,19,0.48132780082987553,3,1,0.7037037037037037,0.76,0.7307692307692307,0.7118052168020874,0.7142857142857143,0.7916666666666666,0.42881613451059714,0.76,0.3333333333333333
AEEEM,equinox,Dummy,241,19,0.48132780082987553,3,2,0.5714285714285714,0.64,0.6037735849056604,0.5532512598464997,0.5625,0.5591304347826087,0.11983425406454104,0.64,0.5217391304347826
AEEEM,equinox,LogisticRegression,241,19,0.48132780082987553,3,2,0.7368421052631579,0.56,0.6363636363636364,0.6620127412408445,0.6666666666666666,0.726086956521739,0.34999070001509575,0.56,0.21739130434782608
AEEEM,equinox,GaussianNB,241,19,0.48132780082987553,3,2,0.9,0.36,0.5142857142857142,0.586811576306191,0.6458333333333334,0.7278260869565218,0.3893549203549079,0.36,0.043478260869565216
AEEEM,equinox,DecisionTree,241,19,0.48132780082987553,3,2,0.7272727272727273,0.64,0.6808510638297872,0.6877815628968761,0.6875,0.6956521739130435,0.38012335774385503,0.64,0.2608695652173913
AEEEM,equinox,RandomForest,241,19,0.48132780082987553,3,2,0.7391304347826086,0.68,0.7083333333333334,0.7089490077940542,0.7083333333333334,0.8008695652173913,0.4191304347826087,0.68,0.2608695652173913
AEEEM,equinox,KNN,241,19,0.48132780082987553,3,2,0.6521739130434783,0.6,0.625,0.6255432421712243,0.625,0.7043478260869566,0.25217391304347825,0.6,0.34782608695652173
AEEEM,equinox,Dummy,241,19,0.48132780082987553,3,3,0.5,0.56,0.5283018867924528,0.4681136985632964,0.4791666666666667,0.4756521739130435,-0.0493435163795169,0.56,0.6086956521739131
AEEEM,equinox,LogisticRegression,241,19,0.48132780082987553,3,3,0.7368421052631579,0.56,0.6363636363636364,0.6620127412408445,0.6666666666666666,0.7860869565217393,0.34999070001509575,0.56,0.21739130434782608
AEEEM,equinox,GaussianNB,241,19,0.48132780082987553,3,3,0.875,0.28,0.42424242424242425,0.5175191657866612,0.6041666666666666,0.7052173913043478,0.31705163480170667,0.28,0.043478260869565216
AEEEM,equinox,DecisionTree,241,19,0.48132780082987553,3,3,0.72,0.72,0.72,0.7077213895435062,0.7083333333333334,0.7104347826086956,0.4156521739130435,0.72,0.30434782608695654
AEEEM,equinox,RandomForest,241,19,0.48132780082987553,3,3,0.7142857142857143,0.8,0.7547169811320755,0.7223151185146152,0.7291666666666666,0.7791304347826088,0.45818979495265694,0.8,0.34782608695652173
AEEEM,equinox,KNN,241,19,0.48132780082987553,3,3,0.7777777777777778,0.84,0.8076923076923077,0.7879527683924914,0.7916666666666666,0.8130434782608695,0.5832017006169344,0.84,0.2608695652173913
AEEEM,equinox,Dummy,241,19,0.48132780082987553,3,4,0.5714285714285714,0.64,0.6037735849056604,0.5532512598464997,0.5625,0.5591304347826087,0.11983425406454104,0.64,0.5217391304347826
AEEEM,equinox,LogisticRegression,241,19,0.48132780082987553,3,4,0.7368421052631579,0.56,0.6363636363636364,0.6620127412408445,0.6666666666666666,0.6365217391304347,0.34999070001509575,0.56,0.21739130434782608
AEEEM,equinox,GaussianNB,241,19,0.48132780082987553,3,4,0.625,0.2,0.30303030303030304,0.41702882811414954,0.5208333333333334,0.7086956521739131,0.09325048082403138,0.2,0.13043478260869565
AEEEM,equinox,DecisionTree,241,19,0.48132780082987553,3,4,0.625,0.6,0.6122448979591837,0.6043321862224019,0.6041666666666666,0.64,0.20851441405707477,0.6,0.391304347826087
AEEEM,equinox,RandomForest,241,19,0.48132780082987553,3,4,0.6818181818181818,0.6,0.6382978723404256,0.6460582824697986,0.6458333333333334,0.7147826086956521,0.2964264716351163,0.6,0.30434782608695654
AEEEM,equinox,KNN,241,19,0.48132780082987553,3,4,0.6,0.48,0.5333333333333333,0.5595028849441882,0.5625,0.6139130434782609,0.13393240160154588,0.48,0.34782608695652173
AEEEM,equinox,Dummy,241,19,0.48132780082987553,3,5,0.5,0.56,0.5283018867924528,0.4681136985632964,0.4791666666666667,0.4756521739130435,-0.0493435163795169,0.56,0.6086956521739131
AEEEM,equinox,LogisticRegression,241,19,0.48132780082987553,3,5,0.8181818181818182,0.72,0.7659574468085106,0.7712215043005817,0.7708333333333334,0.8417391304347827,0.5475171299613324,0.72,0.17391304347826086
AEEEM,equinox,GaussianNB,241,19,0.48132780082987553,3,5,1.0,0.52,0.6842105263157895,0.7211102550927979,0.75,0.8156521739130435,0.5845633290878635,0.52,0.0
AEEEM,equinox,DecisionTree,241,19,0.48132780082987553,3,5,0.5,0.4,0.4444444444444444,0.47548602137364576,0.4791666666666667,0.49826086956521737,-0.03524536884251207,0.4,0.43478260869565216
AEEEM,equinox,RandomForest,241,19,0.48132780082987553,3,5,0.7272727272727273,0.64,0.6808510638297872,0.6877815628968761,0.6875,0.6226086956521739,0.38012335774385503,0.64,0.2608695652173913
AEEEM,equinox,KNN,241,19,0.48132780082987553,3,5,0.7222222222222222,0.52,0.6046511627906976,0.637931439685434,0.6458333333333334,0.6791304347826087,0.31226150319373597,0.52,0.21739130434782608
AEEEM,jdt,Dummy,972,19,0.2109053497942387,1,1,0.225,0.21951219512195122,0.2222222222222222,0.4187178946793119,0.676923076923077,0.5091067469116249,0.01838017774175063,0.21951219512195122,0.2012987012987013
AEEEM,jdt,LogisticRegression,972,19,0.2109053497942387,1,1,0.7317073170731707,0.7317073170731707,0.7317073170731707,0.8242830270670393,0.8871794871794871,0.8496990814063985,0.6602787456445993,0.7317073170731707,0.07142857142857142
AEEEM,jdt,GaussianNB,972,19,0.2109053497942387,1,1,0.75,0.36585365853658536,0.4918032786885246,0.5949582279451922,0.841025641025641,0.7990972442191955,0.4477811312860515,0.36585365853658536,0.032467532467532464
AEEEM,jdt,DecisionTree,972,19,0.2109053497942387,1,1,0.4782608695652174,0.5365853658536586,0.5057471264367817,0.6730242733169938,0.7794871794871795,0.7112765283496991,0.3654349868675829,0.5365853658536586,0.15584415584415584
AEEEM,jdt,RandomForest,972,19,0.2109053497942387,1,1,0.7692307692307693,0.4878048780487805,0.5970149253731343,0.6846893406427013,0.8615384615384616,0.8735350015837821,0.5380436755581001,0.4878048780487805,0.03896103896103896
AEEEM,jdt,KNN,972,19,0.2109053497942387,1,1,0.7894736842105263,0.36585365853658536,0.5,0.5969513934208243,0.8461538461538461,0.8311688311688312,0.46702947929790173,0.36585365853658536,0.025974025974025976
AEEEM,jdt,Dummy,972,19,0.2109053497942387,1,2,0.2,0.1951219512195122,0.19753086419753085,0.393162981709731,0.6666666666666666,0.49366487171365214,-0.01278621060295696,0.1951219512195122,0.2077922077922078
AEEEM,jdt,LogisticRegression,972,19,0.2109053497942387,1,2,0.52,0.6341463414634146,0.5714285714285714,0.7316545224328138,0.8,0.8459771935381692,0.4463603925962103,0.6341463414634146,0.15584415584415584
AEEEM,jdt,GaussianNB,972,19,0.2109053497942387,1,2,0.7241379310344828,0.5121951219512195,0.6,0.6968411462798094,0.8564102564102564,0.7316281279695914,0.5270966769194503,0.5121951219512195,0.05194805194805195
AEEEM,jdt,DecisionTree,972,19,0.2109053497942387,1,2,0.46511627906976744,0.4878048780487805,0.47619047619047616,0.644166828357205,0.7743589743589744,0.6719987329743426,0.3326566514978881,0.4878048780487805,0.14935064935064934
AEEEM,jdt,RandomForest,972,19,0.2109053497942387,1,2,0.5833333333333334,0.5121951219512195,0.5454545454545454,0.6799308690567231,0.8205128205128205,0.8545296167247387,0.43564566526721554,0.5121951219512195,0.09740259740259741
AEEEM,jdt,KNN,972,19,0.2109053497942387,1,2,0.75,0.5121951219512195,0.6086956521739131,0.6992235161226282,0.8615384615384616,0.8424928729806779,0.5423636762753972,0.5121951219512195,0.045454545454545456
AEEEM,jdt,Dummy,972,19,0.2109053497942387,1,3,0.125,0.12195121951219512,0.12345679012345678,0.3066820531353078,0.634020618556701,0.44659652478877737,-0.10778214016016864,0.12195121951219512,0.22875816993464052
AEEEM,jdt,LogisticRegression,972,19,0.2109053497942387,1,3,0.5434782608695652,0.6097560975609756,0.5747126436781609,0.7253027534555853,0.8092783505154639,0.7669376693766937,0.4535558595238589,0.6097560975609756,0.13725490196078433
AEEEM,jdt,GaussianNB,972,19,0.2109053497942387,1,3,0.75,0.36585365853658536,0.4918032786885246,0.5948929791345877,0.8402061855670103,0.7709230033476806,0.4473207252621428,0.36585365853658536,0.032679738562091505
AEEEM,jdt,DecisionTree,972,19,0.2109053497942387,1,3,0.525,0.5121951219512195,0.5185185185185185,0.6697680134003644,0.7989690721649485,0.7010202454965726,0.3915548196266425,0.5121951219512195,0.12418300653594772
AEEEM,jdt,RandomForest,972,19,0.2109053497942387,1,3,0.5714285714285714,0.4878048780487805,0.5263157894736842,0.6633105384334997,0.8144329896907216,0.770524469950582,0.4138172929294548,0.4878048780487805,0.09803921568627451
AEEEM,jdt,KNN,972,19,0.2109053497942387,1,3,0.7692307692307693,0.4878048780487805,0.5970149253731343,0.6845986232735529,0.8608247422680413,0.7639885222381635,0.5375825146759774,0.4878048780487805,0.0392156862745098
AEEEM,jdt,Dummy,972,19,0.2109053497942387,1,4,0.25,0.24390243902439024,0.24691358024691357,0.44280744277004763,0.6855670103092784,0.5239120038259206,0.04826065977320984,0.24390243902439024,0.19607843137254902
AEEEM,jdt,LogisticRegression,972,19,0.2109053497942387,1,4,0.6176470588235294,0.5121951219512195,0.56,0.6845986232735529,0.8298969072164949,0.8217758648174716,0.45877284133884055,0.5121951219512195,0.08496732026143791
AEEEM,jdt,GaussianNB,972,19,0.2109053497942387,1,4,0.6428571428571429,0.21951219512195122,0.32727272727272727,0.46080212019279493,0.8092783505154639,0.7184760082894946,0.29477435484295034,0.21951219512195122,0.032679738562091505
AEEEM,jdt,DecisionTree,972,19,0.2109053497942387,1,4,0.46511627906976744,0.4878048780487805,0.47619047619047616,0.6437971209803783,0.7731958762886598,0.6702534672405547,0.33171148825076,0.4878048780487805,0.1503267973856209
AEEEM,jdt,RandomForest,972,19,0.2109053497942387,1,4,0.7894736842105263,0.36585365853658536,0.5,0.5968993692459534,0.845360824742268,0.8209787980232743,0.4666056369820252,0.36585365853658536,0.026143790849673203
AEEEM,jdt,KNN,972,19,0.2109053497942387,1,4,0.65,0.3170731707317073,0.4262295081967213,0.5500605012880997,0.8195876288659794,0.744300972421489,0.36427745186419475,0.3170731707317073,0.0457516339869281
AEEEM,jdt,Dummy,972,19,0.2109053497942387,1,5,0.2,0.1951219512195122,0.19753086419753085,0.3928258282707588,0.6649484536082474,0.49298581221106325,-0.014156460200141554,0.1951219512195122,0.20915032679738563
AEEEM,jdt,LogisticRegression,972,19,0.2109053497942387,1,5,0.5660377358490566,0.7317073170731707,0.6382978723404256,0.7884872221373888,0.8247422680412371,0.8880918220946916,0.532660666806613,0.7317073170731707,0.1503267973856209
AEEEM,jdt,GaussianNB,972,19,0.2109053497942387,1,5,0.8333333333333334,0.4878048780487805,0.6153846153846154,0.6892400230265382,0.8711340206185567,0.8142834369520165,0.5724411324577946,0.4878048780487805,0.026143790849673203
AEEEM,jdt,DecisionTree,972,19,0.2109053497942387,1,5,0.37735849056603776,0.4878048780487805,0.425531914893617,0.6185402664457099,0.7216494845360825,0.6547903714331261,0.24931498717819806,0.4878048780487805,0.21568627450980393
AEEEM,jdt,RandomForest,972,19,0.2109053497942387,1,5,0.5853658536585366,0.5853658536585366,0.5853658536585366,0.7213357077339458,0.8247422680412371,0.8302247728359636,0.4742547425474255,0.5853658536585366,0.1111111111111111
AEEEM,jdt,KNN,972,19,0.2109053497942387,1,5,0.7307692307692307,0.4634146341463415,0.5671641791044776,0.6649907198004285,0.8505154639175257,0.8441734417344173,0.5005210335646982,0.4634146341463415,0.0457516339869281
AEEEM,jdt,Dummy,972,19,0.2109053497942387,2,1,0.2,0.1951219512195122,0.19753086419753085,0.393162981709731,0.6666666666666666,0.49366487171365214,-0.01278621060295696,0.1951219512195122,0.2077922077922078
AEEEM,jdt,LogisticRegression,972,19,0.2109053497942387,2,1,0.5555555555555556,0.6097560975609756,0.5813953488372093,0.7284002979005625,0.8153846153846154,0.8059866962305986,0.46412873088197526,0.6097560975609756,0.12987012987012986
AEEEM,jdt,GaussianNB,972,19,0.2109053497942387,2,1,0.7096774193548387,0.5365853658536586,0.6111111111111112,0.7107928536755537,0.8564102564102564,0.738834336395312,0.5328537828798928,0.5365853658536586,0.05844155844155844
AEEEM,jdt,DecisionTree,972,19,0.2109053497942387,2,1,0.46808510638297873,0.5365853658536586,0.5,0.6704307211907703,0.7743589743589744,0.6999524865378524,0.3565591996073791,0.5365853658536586,0.16233766233766234
AEEEM,jdt,RandomForest,972,19,0.2109053497942387,2,1,0.6451612903225806,0.4878048780487805,0.5555555555555556,0.6730242733169938,0.8358974358974359,0.8155685777636997,0.4640187463369454,0.4878048780487805,0.07142857142857142
AEEEM,jdt,KNN,972,19,0.2109053497942387,2,1,0.6538461538461539,0.4146341463414634,0.5074626865671642,0.6248217991125015,0.8307692307692308,0.765521064301552,0.4269796140896849,0.4146341463414634,0.05844155844155844
AEEEM,jdt,Dummy,972,19,0.2109053497942387,2,2,0.125,0.12195121951219512,0.12345679012345678,0.3069772520227248,0.6358974358974359,0.44733924611973397,-0.10628537563707972,0.12195121951219512,0.22727272727272727
AEEEM,jdt,LogisticRegression,972,19,0.2109053497942387,2,2,0.5813953488372093,0.6097560975609756,0.5952380952380952,0.7338159880648301,0.8256410256410256,0.7887234716503009,0.48443027583595116,0.6097560975609756,0.11688311688311688
AEEEM,jdt,GaussianNB,972,19,0.2109053497942387,2,2,0.8333333333333334,0.36585365853658536,0.5084745762711864,0.5989379260110718,0.8512820512820513,0.7352708267342414,0.4876111282599,0.36585365853658536,0.01948051948051948
AEEEM,jdt,DecisionTree,972,19,0.2109053497942387,2,2,0.42,0.5121951219512195,0.46153846153846156,0.644781198385603,0.7487179487179487,0.6705733291099144,0.3022539744567053,0.5121951219512195,0.18831168831168832
AEEEM,jdt,RandomForest,972,19,0.2109053497942387,2,2,0.6333333333333333,0.4634146341463415,0.5352112676056338,0.6559829181085238,0.8307692307692308,0.7676591700981945,0.44271100207571645,0.4634146341463415,0.07142857142857142
AEEEM,jdt,KNN,972,19,0.2109053497942387,2,2,0.7647058823529411,0.3170731707317073,0.4482758620689655,0.5557315034793827,0.8358974358974359,0.733132720937599,0.4204929864345585,0.3170731707317073,0.025974025974025976
AEEEM,jdt,Dummy,972,19,0.2109053497942387,2,3,0.2,0.1951219512195122,0.19753086419753085,0.3928258282707588,0.6649484536082474,0.49298581221106325,-0.014156460200141554,0.1951219512195122,0.20915032679738563
AEEEM,jdt,LogisticRegression,972,19,0.2109053497942387,2,3,0.64,0.7804878048780488,0.7032967032967034,0.8298588495560638,0.8608247422680413,0.9080184919496254,0.6187006795264451,0.7804878048780488,0.11764705882352941
AEEEM,jdt,GaussianNB,972,19,0.2109053497942387,2,3,0.782608695652174,0.43902439024390244,0.5625,0.6516726079469276,0.8556701030927835,0.8312609596684202,0.5131805861921114,0.43902439024390244,0.032679738562091505
AEEEM,jdt,DecisionTree,972,19,0.2109053497942387,2,3,0.34782608695652173,0.5853658536585366,0.43636363636363634,0.6428059008066962,0.6804123711340206,0.6594133588394708,0.248382704585327,0.5853658536585366,0.29411764705882354
AEEEM,jdt,RandomForest,972,19,0.2109053497942387,2,3,0.6666666666666666,0.4878048780487805,0.5633802816901409,0.6752201169106903,0.8402061855670103,0.8680057388809183,0.4770080176181407,0.4878048780487805,0.06535947712418301
AEEEM,jdt,KNN,972,19,0.2109053497942387,2,3,0.6857142857142857,0.5853658536585366,0.631578947368421,0.7370757945590917,0.8556701030927835,0.8369201339072214,0.5451556239369219,0.5853658536585366,0.0718954248366013
AEEEM,jdt,Dummy,972,19,0.2109053497942387,2,4,0.15,0.14634146341463414,0.14814814814814814,0.3373738848983159,0.6443298969072165,0.4620596205962059,-0.07657358017349294,0.14634146341463414,0.2222222222222222
AEEEM,jdt,LogisticRegression,972,19,0.2109053497942387,2,4,0.5869565217391305,0.6585365853658537,0.6206896551724138,0.7594455426699173,0.8298969072164949,0.8420213613900844,0.5129282190026906,0.6585365853658537,0.12418300653594772
AEEEM,jdt,GaussianNB,972,19,0.2109053497942387,2,4,0.7333333333333333,0.2682926829268293,0.39285714285714285,0.5111540816015192,0.8247422680412371,0.7790530846484935,0.3701246290003216,0.2682926829268293,0.026143790849673203
AEEEM,jdt,DecisionTree,972,19,0.2109053497942387,2,4,0.3409090909090909,0.36585365853658536,0.35294117647058826,0.544526259643569,0.7164948453608248,0.5942930017535469,0.17188798299763064,0.36585365853658536,0.1895424836601307
AEEEM,jdt,RandomForest,972,19,0.2109053497942387,2,4,0.72,0.43902439024390244,0.5454545454545454,0.6472544376287652,0.845360824742268,0.828630639247569,0.4792014782222648,0.43902439024390244,0.0457516339869281
AEEEM,jdt,KNN,972,19,0.2109053497942387,2,4,0.7222222222222222,0.3170731707317073,0.4406779661016949,0.5538152240658808,0.8298969072164949,0.8137254901960784,0.4001885142074879,0.3170731707317073,0.032679738562091505
AEEEM,jdt,Dummy,972,19,0.2109053497942387,2,5,0.2,0.1951219512195122,0.19753086419753085,0.3928258282707588,0.6649484536082474,0.49298581221106325,-0.014156460200141554,0.1951219512195122,0.20915032679738563
AEEEM,jdt,LogisticRegression,972,19,0.2109053497942387,2,5,0.52,0.6341463414634146,0.5714285714285714,0.7312129686675318,0.7989690721649485,0.8238482384823849,0.4455002006979742,0.6341463414634146,0.1568627450980392
AEEEM,jdt,GaussianNB,972,19,0.2109053497942387,2,5,0.6956521739130435,0.3902439024390244,0.5,0.6102373360005136,0.8350515463917526,0.742786545512514,0.43506600500633685,0.3902439024390244,0.0457516339869281
AEEEM,jdt,DecisionTree,972,19,0.2109053497942387,2,5,0.4222222222222222,0.4634146341463415,0.4418604651162791,0.620213217272611,0.7525773195876289,0.6529571178064721,0.28386820635164584,0.4634146341463415,0.16993464052287582
AEEEM,jdt,RandomForest,972,19,0.2109053497942387,2,5,0.6923076923076923,0.43902439024390244,0.5373134328358209,0.6450340041974676,0.8402061855670103,0.8330942132950742,0.463459552453419,0.43902439024390244,0.05228758169934641
AEEEM,jdt,KNN,972,19,0.2109053497942387,2,5,0.8333333333333334,0.4878048780487805,0.6153846153846154,0.6892400230265382,0.8711340206185567,0.822572931611669,0.5724411324577946,0.4878048780487805,0.026143790849673203
AEEEM,jdt,Dummy,972,19,0.2109053497942387,3,1,0.25,0.24390243902439024,0.24691358024691357,0.44315795928402524,0.6871794871794872,0.5245486221095977,0.049546566086458216,0.24390243902439024,0.19480519480519481
AEEEM,jdt,LogisticRegression,972,19,0.2109053497942387,3,1,0.6410256410256411,0.6097560975609756,0.625,0.7445291969126747,0.8461538461538461,0.8385334178017104,0.5285632955738961,0.6097560975609756,0.09090909090909091
AEEEM,jdt,GaussianNB,972,19,0.2109053497942387,3,1,0.7777777777777778,0.34146341463414637,0.4745762711864407,0.5767098360815944,0.841025641025641,0.7762907823883433,0.44413414151519015,0.34146341463414637,0.025974025974025976
AEEEM,jdt,DecisionTree,972,19,0.2109053497942387,3,1,0.38636363636363635,0.4146341463414634,0.4,0.5847551190503786,0.7384615384615385,0.62377256889452,0.23329066639074988,0.4146341463414634,0.17532467532467533
AEEEM,jdt,RandomForest,972,19,0.2109053497942387,3,1,0.7727272727272727,0.4146341463414634,0.5396825396825397,0.633381400684433,0.8512820512820513,0.8739309471016788,0.4922329037656916,0.4146341463414634,0.032467532467532464
AEEEM,jdt,KNN,972,19,0.2109053497942387,3,1,0.8,0.3902439024390244,0.5245901639344263,0.6165287480571104,0.8512820512820513,0.7852391510928096,0.48926204368547194,0.3902439024390244,0.025974025974025976
AEEEM,jdt,Dummy,972,19,0.2109053497942387,3,2,0.15,0.14634146341463414,0.14814814814814814,0.3376867026612987,0.6461538461538462,0.46278112131770666,-0.07511898729237214,0.14634146341463414,0.22077922077922077
AEEEM,jdt,LogisticRegression,972,19,0.2109053497942387,3,2,0.5853658536585366,0.5853658536585366,0.5853658536585366,0.7216283982340141,0.8256410256410256,0.828159645232816,0.4749762432689262,0.5853658536585366,0.11038961038961038
AEEEM,jdt,GaussianNB,972,19,0.2109053497942387,3,2,0.6956521739130435,0.3902439024390244,0.5,0.6103323219666894,0.8358974358974359,0.7343997465948686,0.4355900981524902,0.3902439024390244,0.045454545454545456
AEEEM,jdt,DecisionTree,972,19,0.2109053497942387,3,2,0.36363636363636365,0.4878048780487805,0.4166666666666667,0.6139545040454496,0.7128205128205128,0.6492714602470699,0.23592189661444488,0.4878048780487805,0.22727272727272727
AEEEM,jdt,RandomForest,972,19,0.2109053497942387,3,2,0.6551724137931034,0.4634146341463415,0.5428571428571428,0.6582725687632665,0.8358974358974359,0.8107380424453595,0.4563576184202811,0.4634146341463415,0.06493506493506493
AEEEM,jdt,KNN,972,19,0.2109053497942387,3,2,0.7333333333333333,0.2682926829268293,0.39285714285714285,0.5111986324432477,0.8256410256410256,0.7568894520114031,0.37055890976548994,0.2682926829268293,0.025974025974025976
AEEEM,jdt,Dummy,972,19,0.2109053497942387,3,3,0.2,0.1951219512195122,0.19753086419753085,0.3928258282707588,0.6649484536082474,0.49298581221106325,-0.014156460200141554,0.1951219512195122,0.20915032679738563
AEEEM,jdt,LogisticRegression,972,19,0.2109053497942387,3,3,0.6486486486486487,0.5853658536585366,0.6153846153846154,0.7318667130705028,0.845360824742268,0.8366013071895425,0.519999569026248,0.5853658536585366,0.08496732026143791
AEEEM,jdt,GaussianNB,972,19,0.2109053497942387,3,3,0.6842105263157895,0.3170731707317073,0.43333333333333335,0.5519410554961721,0.8247422680412371,0.7179180615335565,0.3816488152321304,0.3170731707317073,0.0392156862745098
AEEEM,jdt,DecisionTree,972,19,0.2109053497942387,3,3,0.4523809523809524,0.4634146341463415,0.4578313253012048,0.6274958137975845,0.7680412371134021,0.6609277857484457,0.3103540381216138,0.4634146341463415,0.1503267973856209
AEEEM,jdt,RandomForest,972,19,0.2109053497942387,3,3,0.5483870967741935,0.4146341463414634,0.4722222222222222,0.6137538325238135,0.8041237113402062,0.8122110632871036,0.36003229247252794,0.4146341463414634,0.0915032679738562
AEEEM,jdt,KNN,972,19,0.2109053497942387,3,3,0.6956521739130435,0.3902439024390244,0.5,0.6102373360005136,0.8350515463917526,0.7520325203252032,0.43506600500633685,0.3902439024390244,0.0457516339869281
AEEEM,jdt,Dummy,972,19,0.2109053497942387,3,4,0.225,0.21951219512195122,0.2222222222222222,0.4183728815371987,0.6752577319587629,0.508448908018492,0.017052099786534144,0.21951219512195122,0.20261437908496732
AEEEM,jdt,LogisticRegression,972,19,0.2109053497942387,3,4,0.5555555555555556,0.7317073170731707,0.631578947368421,0.785448724430024,0.8195876288659794,0.8695998724693129,0.5236332078040146,0.7317073170731707,0.1568627450980392
AEEEM,jdt,GaussianNB,972,19,0.2109053497942387,3,4,0.7777777777777778,0.5121951219512195,0.6176470588235294,0.7015048387127819,0.865979381443299,0.8079069025984378,0.5578787060119795,0.5121951219512195,0.0392156862745098
AEEEM,jdt,DecisionTree,972,19,0.2109053497942387,3,4,0.44642857142857145,0.6097560975609756,0.5154639175257731,0.6972881358953311,0.7577319587628866,0.7138530208831501,0.3668172008282373,0.6097560975609756,0.20261437908496732
AEEEM,jdt,RandomForest,972,19,0.2109053497942387,3,4,0.6578947368421053,0.6097560975609756,0.6329113924050633,0.7469583361460983,0.8505154639175257,0.8813964610234337,0.5398437593968554,0.6097560975609756,0.08496732026143791
AEEEM,jdt,KNN,972,19,0.2109053497942387,3,4,0.6666666666666666,0.5853658536585366,0.6233766233766234,0.734475871838394,0.8505154639175257,0.8538976566236252,0.5323652292638582,0.5853658536585366,0.0784313725490196
AEEEM,jdt,Dummy,972,19,0.2109053497942387,3,5,0.2,0.1951219512195122,0.19753086419753085,0.3928258282707588,0.6649484536082474,0.49298581221106325,-0.014156460200141554,0.1951219512195122,0.20915032679738563
AEEEM,jdt,LogisticRegression,972,19,0.2109053497942387,3,5,0.4838709677419355,0.7317073170731707,0.5825242718446602,0.7607039454263917,0.7783505154639175,0.8407460545193687,0.45749725761882104,0.7317073170731707,0.20915032679738563
AEEEM,jdt,GaussianNB,972,19,0.2109053497942387,3,5,0.7037037037037037,0.4634146341463415,0.5588235294117647,0.6627094413110032,0.845360824742268,0.8043201020245496,0.48492389039598766,0.4634146341463415,0.05228758169934641
AEEEM,jdt,DecisionTree,972,19,0.2109053497942387,3,5,0.4375,0.5121951219512195,0.47191011235955055,0.6494672797679953,0.7577319587628866,0.6714490674318508,0.31763158115629947,0.5121951219512195,0.17647058823529413
AEEEM,jdt,RandomForest,972,19,0.2109053497942387,3,5,0.6774193548387096,0.5121951219512195,0.5833333333333334,0.6918947294169329,0.845360824742268,0.8319783197831978,0.4978640926494799,0.5121951219512195,0.06535947712418301
AEEEM,jdt,KNN,972,19,0.2109053497942387,3,5,0.6666666666666666,0.43902439024390244,0.5294117647058824,0.6428059008066962,0.8350515463917526,0.8137254901960784,0.4484464825879917,0.43902439024390244,0.058823529411764705
AEEEM,lucene,Dummy,539,19,0.11688311688311688,1,1,0.16666666666666666,0.15384615384615385,0.16,0.37101458443348045,0.8055555555555556,0.5242914979757084,0.05030272728659586,0.15384615384615385,0.10526315789473684
AEEEM,lucene,LogisticRegression,539,19,0.11688311688311688,1,1,0.21428571428571427,0.46153846153846156,0.2926829268292683,0.5955299072635598,0.7314814814814815,0.7643724696356275,0.17075005493657805,0.46153846153846156,0.23157894736842105
AEEEM,lucene,GaussianNB,539,19,0.11688311688311688,1,1,0.4166666666666667,0.38461538461538464,0.4,0.5968880159994208,0.8611111111111112,0.7093117408906883,0.32193745463421347,0.38461538461538464,0.07368421052631578
AEEEM,lucene,DecisionTree,539,19,0.11688311688311688,1,1,0.3333333333333333,0.38461538461538464,0.35714285714285715,0.5866255659753251,0.8333333333333334,0.6417004048582996,0.26284426916738873,0.38461538461538464,0.10526315789473684
AEEEM,lucene,RandomForest,539,19,0.11688311688311688,1,1,0.4,0.3076923076923077,0.34782608695652173,0.5368976711736986,0.8611111111111112,0.7562753036437248,0.274511426312407,0.3076923076923077,0.06315789473684211
AEEEM,lucene,KNN,539,19,0.11688311688311688,1,1,0.8,0.3076923076923077,0.4444444444444444,0.5517729979761121,0.9074074074074074,0.7550607287449392,0.4601813045580383,0.3076923076923077,0.010526315789473684
AEEEM,lucene,Dummy,539,19,0.11688311688311688,1,2,0.0,0.0,0.0,0.0,0.7685185185185185,0.4368421052631579,-0.13078709094514923,0.0,0.12631578947368421
AEEEM,lucene,LogisticRegression,539,19,0.11688311688311688,1,2,0.2727272727272727,0.46153846153846156,0.34285714285714286,0.6195205146047985,0.7870370370370371,0.8080971659919028,0.23681790002409922,0.46153846153846156,0.16842105263157894
AEEEM,lucene,GaussianNB,539,19,0.11688311688311688,1,2,0.26666666666666666,0.3076923076923077,0.2857142857142857,0.5215982911474454,0.8148148148148148,0.6526315789473685,0.18056258490629312,0.3076923076923077,0.11578947368421053
AEEEM,lucene,DecisionTree,539,19,0.11688311688311688,1,2,0.2727272727272727,0.46153846153846156,0.34285714285714286,0.6195205146047985,0.7870370370370371,0.6615384615384616,0.23681790002409922,0.46153846153846156,0.16842105263157894
AEEEM,lucene,RandomForest,539,19,0.11688311688311688,1,2,0.45454545454545453,0.38461538461538464,0.4166666666666667,0.6002698448528596,0.8703703703703703,0.8040485829959514,0.3458396780673897,0.38461538461538464,0.06315789473684211
AEEEM,lucene,KNN,539,19,0.11688311688311688,1,2,0.5714285714285714,0.3076923076923077,0.4,0.5458715128141642,0.8888888888888888,0.7611336032388664,0.3649313664530367,0.3076923076923077,0.031578947368421054
AEEEM,lucene,Dummy,539,19,0.11688311688311688,1,3,0.08333333333333333,0.07692307692307693,0.08,0.2607991455737227,0.7870370370370371,0.48056680161943316,-0.040242181829276684,0.07692307692307693,0.11578947368421053
AEEEM,lucene,LogisticRegression,539,19,0.11688311688311688,1,3,0.26666666666666666,0.6153846153846154,0.37209302325581395,0.6876587045381782,0.75,0.7894736842105263,0.278828353473452,0.6153846153846154,0.23157894736842105
AEEEM,lucene,GaussianNB,539,19,0.11688311688311688,1,3,0.5833333333333334,0.5384615384615384,0.56,0.7142278750440075,0.8981481481481481,0.891497975708502,0.5030272728659586,0.5384615384615384,0.05263157894736842
AEEEM,lucene,DecisionTree,539,19,0.11688311688311688,1,3,0.3333333333333333,0.3076923076923077,0.32,0.530830836065708,0.8425925925925926,0.6149797570850203,0.23139254551834096,0.3076923076923077,0.08421052631578947
AEEEM,lucene,RandomForest,539,19,0.11688311688311688,1,3,0.8,0.3076923076923077,0.4444444444444444,0.5517729979761121,0.9074074074074074,0.8777327935222672,0.4601813045580383,0.3076923076923077,0.010526315789473684
AEEEM,lucene,KNN,539,19,0.11688311688311688,1,3,0.75,0.23076923076923078,0.35294117647058826,0.4778494333696127,0.8981481481481481,0.6526315789473686,0.3794798846729292,0.23076923076923078,0.010526315789473684
AEEEM,lucene,Dummy,539,19,0.11688311688311688,1,4,0.0,0.0,0.0,0.0,0.7777777777777778,0.4375,-0.125,0.0,0.125
AEEEM,lucene,LogisticRegression,539,19,0.11688311688311688,1,4,0.21052631578947367,0.3333333333333333,0.25806451612903225,0.5303300858899106,0.7870370370370371,0.6657986111111112,0.14616120811669314,0.3333333333333333,0.15625
AEEEM,lucene,GaussianNB,539,19,0.11688311688311688,1,4,0.4,0.3333333333333333,0.36363636363636365,0.5590169943749475,0.8703703703703703,0.8207465277777778,0.29364006844420665,0.3333333333333333,0.0625
AEEEM,lucene,DecisionTree,539,19,0.11688311688311688,1,4,0.25,0.16666666666666666,0.2,0.39528470752104744,0.8518518518518519,0.5503472222222222,0.125,0.16666666666666666,0.0625
AEEEM,lucene,RandomForest,539,19,0.11688311688311688,1,4,0.2857142857142857,0.16666666666666666,0.21052631578947367,0.39747466725706065,0.8611111111111112,0.8229166666666666,0.146264181362514,0.16666666666666666,0.052083333333333336
AEEEM,lucene,KNN,539,19,0.11688311688311688,1,4,0.0,0.0,0.0,0.0,0.8703703703703703,0.5611979166666667,-0.04856429311786321,0.0,0.020833333333333332
AEEEM,lucene,Dummy,539,19,0.11688311688311688,1,5,0.16666666666666666,0.16666666666666666,0.16666666666666666,0.38616422286061647,0.8130841121495327,0.530701754385965,0.06140350877192982,0.16666666666666666,0.10526315789473684
AEEEM,lucene,LogisticRegression,539,19,0.11688311688311688,1,5,0.3157894736842105,0.5,0.3870967741935484,0.6569466853317864,0.822429906542056,0.7921052631578948,0.29986776234362716,0.5,0.1368421052631579
AEEEM,lucene,GaussianNB,539,19,0.11688311688311688,1,5,0.5,0.3333333333333333,0.4,0.5650648154097325,0.8878504672897196,0.8175438596491229,0.3494001340288825,0.3333333333333333,0.042105263157894736
AEEEM,lucene,DecisionTree,539,19,0.11688311688311688,1,5,0.25,0.3333333333333333,0.2857142857142857,0.5396555106504877,0.8130841121495327,0.612280701754386,0.18318035224821,0.3333333333333333,0.12631578947368421
AEEEM,lucene,RandomForest,539,19,0.11688311688311688,1,5,0.42857142857142855,0.25,0.3157894736842105,0.4893604849295929,0.8785046728971962,0.8342105263157895,0.2653058952324897,0.25,0.042105263157894736
AEEEM,lucene,KNN,539,19,0.11688311688311688,1,5,0.6666666666666666,0.16666666666666666,0.26666666666666666,0.4060939308851517,0.897196261682243,0.6701754385964913,0.29846284856713545,0.16666666666666666,0.010526315789473684
AEEEM,lucene,Dummy,539,19,0.11688311688311688,2,1,0.08333333333333333,0.07692307692307693,0.08,0.2607991455737227,0.7870370370370371,0.48056680161943316,-0.040242181829276684,0.07692307692307693,0.11578947368421053
AEEEM,lucene,LogisticRegression,539,19,0.11688311688311688,2,1,0.23076923076923078,0.46153846153846156,0.3076923076923077,0.6036327274391503,0.75,0.7668016194331984,0.19104453325783655,0.46153846153846156,0.21052631578947367
AEEEM,lucene,GaussianNB,539,19,0.11688311688311688,2,1,0.2222222222222222,0.15384615384615385,0.18181818181818182,0.37750512772343886,0.8333333333333334,0.7408906882591093,0.0943762819308597,0.15384615384615385,0.07368421052631578
AEEEM,lucene,DecisionTree,539,19,0.11688311688311688,2,1,0.15384615384615385,0.15384615384615385,0.15384615384615385,0.3688256887256738,0.7962962962962963,0.5206477732793522,0.03805668016194332,0.15384615384615385,0.11578947368421053
AEEEM,lucene,RandomForest,539,19,0.11688311688311688,2,1,0.5,0.15384615384615385,0.23529411764705882,0.388081547421921,0.8796296296296297,0.8263157894736842,0.22880404811161906,0.15384615384615385,0.021052631578947368
AEEEM,lucene,KNN,539,19,0.11688311688311688,2,1,0.5,0.07692307692307693,0.13333333333333333,0.27588649898805606,0.8796296296296297,0.6558704453441296,0.16025531535286602,0.07692307692307693,0.010526315789473684
AEEEM,lucene,Dummy,539,19,0.11688311688311688,2,2,0.16666666666666666,0.15384615384615385,0.16,0.37101458443348045,0.8055555555555556,0.5242914979757084,0.05030272728659586,0.15384615384615385,0.10526315789473684
AEEEM,lucene,LogisticRegression,539,19,0.11688311688311688,2,2,0.2857142857142857,0.6153846153846154,0.3902439024390244,0.6970150353573229,0.7685185185185185,0.7578947368421053,0.3006162939024261,0.6153846153846154,0.21052631578947367
AEEEM,lucene,GaussianNB,539,19,0.11688311688311688,2,2,0.5833333333333334,0.5384615384615384,0.56,0.7142278750440075,0.8981481481481481,0.9072874493927126,0.5030272728659586,0.5384615384615384,0.05263157894736842
AEEEM,lucene,DecisionTree,539,19,0.11688311688311688,2,2,0.3125,0.38461538461538464,0.3448275862068966,0.5831646179767074,0.8240740740740741,0.6465587044534413,0.24623551936725888,0.38461538461538464,0.11578947368421053
AEEEM,lucene,RandomForest,539,19,0.11688311688311688,2,2,0.6666666666666666,0.3076923076923077,0.42105263157894735,0.5488301876708181,0.8981481481481481,0.7684210526315789,0.4071871575593433,0.3076923076923077,0.021052631578947368
AEEEM,lucene,KNN,539,19,0.11688311688311688,2,2,0.75,0.23076923076923078,0.35294117647058826,0.4778494333696127,0.8981481481481481,0.6534412955465587,0.3794798846729292,0.23076923076923078,0.010526315789473684
AEEEM,lucene,Dummy,539,19,0.11688311688311688,2,3,0.0,0.0,0.0,0.0,0.7685185185185185,0.4368421052631579,-0.13078709094514923,0.0,0.12631578947368421
AEEEM,lucene,LogisticRegression,539,19,0.11688311688311688,2,3,0.2916666666666667,0.5384615384615384,0.3783783783783784,0.6649099662043687,0.7870370370370371,0.7813765182186234,0.2813871283851152,0.5384615384615384,0.17894736842105263
AEEEM,lucene,GaussianNB,539,19,0.11688311688311688,2,3,0.45454545454545453,0.38461538461538464,0.4166666666666667,0.6002698448528596,0.8703703703703703,0.8186234817813766,0.3458396780673897,0.38461538461538464,0.06315789473684211
AEEEM,lucene,DecisionTree,539,19,0.11688311688311688,2,3,0.2857142857142857,0.3076923076923077,0.2962962962962963,0.5246938571440458,0.8240740740740741,0.6125506072874494,0.19610044772983687,0.3076923076923077,0.10526315789473684
AEEEM,lucene,RandomForest,539,19,0.11688311688311688,2,3,0.4444444444444444,0.3076923076923077,0.36363636363636365,0.539905524799017,0.8703703703703703,0.740080971659919,0.30028816978000816,0.3076923076923077,0.05263157894736842
AEEEM,lucene,KNN,539,19,0.11688311688311688,2,3,1.0,0.3076923076923077,0.47058823529411764,0.5547001962252291,0.9166666666666666,0.6732793522267206,0.5301557212342393,0.3076923076923077,0.0
AEEEM,lucene,Dummy,539,19,0.11688311688311688,2,4,0.0,0.0,0.0,0.0,0.7777777777777778,0.4375,-0.125,0.0,0.125
AEEEM,lucene,LogisticRegression,539,19,0.11688311688311688,2,4,0.32142857142857145,0.75,0.45,0.7756046028744286,0.7962962962962963,0.8454861111111112,0.3959194768420179,0.75,0.19791666666666666
AEEEM,lucene,GaussianNB,539,19,0.11688311688311688,2,4,0.47058823529411764,0.6666666666666666,0.5517241379310345,0.7772815877574012,0.8796296296296297,0.8198784722222222,0.4943932573914259,0.6666666666666666,0.09375
AEEEM,lucene,DecisionTree,539,19,0.11688311688311688,2,4,0.4666666666666667,0.5833333333333334,0.5185185185185185,0.7312470322826768,0.8796296296296297,0.7513020833333334,0.4543694673976518,0.5833333333333334,0.08333333333333333
AEEEM,lucene,RandomForest,539,19,0.11688311688311688,2,4,0.7142857142857143,0.4166666666666667,0.5263157894736842,0.6387379048648288,0.9166666666666666,0.9088541666666666,0.5052762628886848,0.4166666666666667,0.020833333333333332
AEEEM,lucene,KNN,539,19,0.11688311688311688,2,4,0.6,0.25,0.35294117647058826,0.4947642536265799,0.8981481481481481,0.6484375,0.3427473240673657,0.25,0.020833333333333332
AEEEM,lucene,Dummy,539,19,0.11688311688311688,2,5,0.16666666666666666,0.16666666666666666,0.16666666666666666,0.38616422286061647,0.8130841121495327,0.530701754385965,0.06140350877192982,0.16666666666666666,0.10526315789473684
AEEEM,lucene,LogisticRegression,539,19,0.11688311688311688,2,5,0.1875,0.25,0.21428571428571427,0.4645314560761311,0.794392523364486,0.7070175438596491,0.10012824338991139,0.25,0.1368421052631579
AEEEM,lucene,GaussianNB,539,19,0.11688311688311688,2,5,0.2857142857142857,0.16666666666666666,0.21052631578947367,0.39735970711951313,0.8598130841121495,0.5640350877192983,0.14552644042288462,0.16666666666666666,0.05263157894736842
AEEEM,lucene,DecisionTree,539,19,0.11688311688311688,2,5,0.4444444444444444,0.3333333333333333,0.38095238095238093,0.5619514869490163,0.8785046728971962,0.6355263157894736,0.31912678726986327,0.3333333333333333,0.05263157894736842
AEEEM,lucene,RandomForest,539,19,0.11688311688311688,2,5,0.3333333333333333,0.16666666666666666,0.2222222222222222,0.3995611627861466,0.8691588785046729,0.5798245614035088,0.1708439510420724,0.16666666666666666,0.042105263157894736
AEEEM,lucene,KNN,539,19,0.11688311688311688,2,5,0.0,0.0,0.0,0.0,0.8785046728971962,0.5614035087719298,-0.03452040543303586,0.0,0.010526315789473684
AEEEM,lucene,Dummy,539,19,0.11688311688311688,3,1,0.16666666666666666,0.15384615384615385,0.16,0.37101458443348045,0.8055555555555556,0.5242914979757084,0.05030272728659586,0.15384615384615385,0.10526315789473684
AEEEM,lucene,LogisticRegression,539,19,0.11688311688311688,3,1,0.2692307692307692,0.5384615384615384,0.358974358974359,0.6563301233138936,0.7685185185185185,0.7595141700404858,0.25760198355411507,0.5384615384615384,0.2
AEEEM,lucene,GaussianNB,539,19,0.11688311688311688,3,1,0.4166666666666667,0.38461538461538464,0.4,0.5968880159994208,0.8611111111111112,0.8315789473684211,0.32193745463421347,0.38461538461538464,0.07368421052631578
AEEEM,lucene,DecisionTree,539,19,0.11688311688311688,3,1,0.3333333333333333,0.38461538461538464,0.35714285714285715,0.5866255659753251,0.8333333333333334,0.6380566801619433,0.26284426916738873,0.38461538461538464,0.10526315789473684
AEEEM,lucene,RandomForest,539,19,0.11688311688311688,3,1,0.42857142857142855,0.23076923076923078,0.3,0.47016234598162726,0.8703703703703703,0.7979757085020243,0.2493519307435705,0.23076923076923078,0.042105263157894736
AEEEM,lucene,KNN,539,19,0.11688311688311688,3,1,0.0,0.0,0.0,0.0,0.8703703703703703,0.588663967611336,-0.035761685922639515,0.0,0.010526315789473684
AEEEM,lucene,Dummy,539,19,0.11688311688311688,3,2,0.0,0.0,0.0,0.0,0.7685185185185185,0.4368421052631579,-0.13078709094514923,0.0,0.12631578947368421
AEEEM,lucene,LogisticRegression,539,19,0.11688311688311688,3,2,0.35294117647058826,0.46153846153846156,0.4,0.6388248320094506,0.8333333333333334,0.8072874493927126,0.308922285612427,0.46153846153846156,0.11578947368421053
AEEEM,lucene,GaussianNB,539,19,0.11688311688311688,3,2,0.5714285714285714,0.3076923076923077,0.4,0.5458715128141642,0.8888888888888888,0.7522267206477733,0.3649313664530367,0.3076923076923077,0.031578947368421054
AEEEM,lucene,DecisionTree,539,19,0.11688311688311688,3,2,0.5,0.15384615384615385,0.23529411764705882,0.388081547421921,0.8796296296296297,0.5663967611336032,0.22880404811161906,0.15384615384615385,0.021052631578947368
AEEEM,lucene,RandomForest,539,19,0.11688311688311688,3,2,0.6,0.23076923076923078,0.3333333333333333,0.4753008848867095,0.8888888888888888,0.8048582995951417,0.32476010321670823,0.23076923076923078,0.021052631578947368
AEEEM,lucene,KNN,539,19,0.11688311688311688,3,2,1.0,0.07692307692307693,0.14285714285714285,0.2773500981126146,0.8888888888888888,0.6502024291497975,0.26133539712698106,0.07692307692307693,0.0
AEEEM,lucene,Dummy,539,19,0.11688311688311688,3,3,0.16666666666666666,0.15384615384615385,0.16,0.37101458443348045,0.8055555555555556,0.5242914979757084,0.05030272728659586,0.15384615384615385,0.10526315789473684
AEEEM,lucene,LogisticRegression,539,19,0.11688311688311688,3,3,0.3142857142857143,0.8461538461538461,0.4583333333333333,0.7952286865849416,0.7592592592592593,0.8890688259109312,0.4126435334043298,0.8461538461538461,0.25263157894736843
AEEEM,lucene,GaussianNB,539,19,0.11688311688311688,3,3,0.5833333333333334,0.5384615384615384,0.56,0.7142278750440075,0.8981481481481481,0.8242914979757086,0.5030272728659586,0.5384615384615384,0.05263157894736842
AEEEM,lucene,DecisionTree,539,19,0.11688311688311688,3,3,0.375,0.46153846153846156,0.41379310344827586,0.6426161105878412,0.8425925925925926,0.6943319838056682,0.3263362304867286,0.46153846153846156,0.10526315789473684
AEEEM,lucene,RandomForest,539,19,0.11688311688311688,3,3,0.7,0.5384615384615384,0.6086956521739131,0.7221201353504433,0.9166666666666666,0.8947368421052632,0.5690203737469098,0.5384615384615384,0.031578947368421054
AEEEM,lucene,KNN,539,19,0.11688311688311688,3,3,1.0,0.38461538461538464,0.5555555555555556,0.6201736729460423,0.9259259259259259,0.7987854251012145,0.5956025058993684,0.38461538461538464,0.0
AEEEM,lucene,Dummy,539,19,0.11688311688311688,3,4,0.08333333333333333,0.08333333333333333,0.08333333333333333,0.2716334335501103,0.7962962962962963,0.48437499999999994,-0.03125,0.08333333333333333,0.11458333333333333
AEEEM,lucene,LogisticRegression,539,19,0.11688311688311688,3,4,0.2222222222222222,0.5,0.3076923076923077,0.625,0.75,0.7152777777777778,0.2041241452319315,0.5,0.21875
AEEEM,lucene,GaussianNB,539,19,0.11688311688311688,3,4,0.23529411764705882,0.3333333333333333,0.27586206896551724,0.5368374469468802,0.8055555555555556,0.6779513888888888,0.17079039800794715,0.3333333333333333,0.13541666666666666
AEEEM,lucene,DecisionTree,539,19,0.11688311688311688,3,4,0.2777777777777778,0.4166666666666667,0.3333333333333333,0.6002025121203306,0.8148148148148148,0.6449652777777779,0.23717082451262844,0.4166666666666667,0.13541666666666666
AEEEM,lucene,RandomForest,539,19,0.11688311688311688,3,4,0.3333333333333333,0.3333333333333333,0.3333333333333333,0.5527707983925666,0.8518518518518519,0.7348090277777777,0.25,0.3333333333333333,0.08333333333333333
AEEEM,lucene,KNN,539,19,0.11688311688311688,3,4,0.6,0.25,0.35294117647058826,0.4947642536265799,0.8981481481481481,0.7677951388888888,0.3427473240673657,0.25,0.020833333333333332
AEEEM,lucene,Dummy,539,19,0.11688311688311688,3,5,0.08333333333333333,0.08333333333333333,0.08333333333333333,0.27144835701531844,0.794392523364486,0.48377192982456135,-0.03245614035087719,0.08333333333333333,0.11578947368421053
AEEEM,lucene,LogisticRegression,539,19,0.11688311688311688,3,5,0.3684210526315789,0.5833333333333334,0.45161290322580644,0.7138971374133795,0.8411214953271028,0.8421052631578947,0.37736981686239074,0.5833333333333334,0.12631578947368421
AEEEM,lucene,GaussianNB,539,19,0.11688311688311688,3,5,0.5714285714285714,0.3333333333333333,0.42105263157894735,0.5681610841511936,0.897196261682243,0.8096491228070175,0.3850853500420947,0.3333333333333333,0.031578947368421054
AEEEM,lucene,DecisionTree,539,19,0.11688311688311688,3,5,0.18181818181818182,0.3333333333333333,0.23529411764705882,0.5197840307247724,0.7570093457943925,0.5723684210526315,0.1123234978015011,0.3333333333333333,0.18947368421052632
AEEEM,lucene,RandomForest,539,19,0.11688311688311688,3,5,0.8,0.3333333333333333,0.47058823529411764,0.5743035446551839,0.9158878504672897,0.806140350877193,0.4826255448903087,0.3333333333333333,0.010526315789473684
AEEEM,lucene,KNN,539,19,0.11688311688311688,3,5,1.0,0.25,0.4,0.5,0.9158878504672897,0.7043859649122808,0.47787590922266066,0.25,0.0
AEEEM,mylyn,Dummy,1607,19,0.13067828251400124,1,1,0.1590909090909091,0.16666666666666666,0.16279069767441862,0.3803194146278324,0.7763975155279503,0.5172619047619048,0.033851166311512255,0.16666666666666666,0.13214285714285715
AEEEM,mylyn,LogisticRegression,1607,19,0.13067828251400124,1,1,0.7391304347826086,0.8095238095238095,0.7727272727272727,0.880244245634579,0.937888198757764,0.957312925170068,0.7378647873726218,0.8095238095238095,0.04285714285714286
AEEEM,mylyn,GaussianNB,1607,19,0.13067828251400124,1,1,0.9117647058823529,0.7380952380952381,0.8157894736842105,0.854509844782336,0.9565217391304348,0.9037414965986394,0.7971313371938048,0.7380952380952381,0.010714285714285714
AEEEM,mylyn,DecisionTree,1607,19,0.13067828251400124,1,1,0.5818181818181818,0.7619047619047619,0.6597938144329897,0.8362533873720073,0.8975155279503105,0.8510204081632653,0.6083079714490645,0.7619047619047619,0.08214285714285714
AEEEM,mylyn,RandomForest,1607,19,0.13067828251400124,1,1,0.9090909090909091,0.7142857142857143,0.8,0.8406144497099872,0.953416149068323,0.9229166666666667,0.7812786641485805,0.7142857142857143,0.010714285714285714
AEEEM,mylyn,KNN,1607,19,0.13067828251400124,1,1,0.8823529411764706,0.7142857142857143,0.7894736842105263,0.8390957231764807,0.9503105590062112,0.8994472789115646,0.7671247565793081,0.7142857142857143,0.014285714285714285
AEEEM,mylyn,Dummy,1607,19,0.13067828251400124,1,2,0.11363636363636363,0.11904761904761904,0.11627906976744186,0.3201030871368751,0.7639751552795031,0.4898809523809524,-0.019843787148127873,0.11904761904761904,0.1392857142857143
AEEEM,mylyn,LogisticRegression,1607,19,0.13067828251400124,1,2,0.5666666666666667,0.8095238095238095,0.6666666666666666,0.8569444214746944,0.8944099378881988,0.9528061224489796,0.6198614034259329,0.8095238095238095,0.09285714285714286
AEEEM,mylyn,GaussianNB,1607,19,0.13067828251400124,1,2,0.7631578947368421,0.6904761904761905,0.725,0.8174853594561617,0.9316770186335404,0.9327380952380951,0.687224347775843,0.6904761904761905,0.03214285714285714
AEEEM,mylyn,DecisionTree,1607,19,0.13067828251400124,1,2,0.5454545454545454,0.7142857142857143,0.6185567010309279,0.8065421279025867,0.8850931677018633,0.8303571428571429,0.559302425588019,0.7142857142857143,0.08928571428571429
AEEEM,mylyn,RandomForest,1607,19,0.13067828251400124,1,2,0.8181818181818182,0.6428571428571429,0.72,0.7931466652852178,0.9347826086956522,0.9280612244897959,0.6900633886388478,0.6428571428571429,0.02142857142857143
AEEEM,mylyn,KNN,1607,19,0.13067828251400124,1,2,0.8928571428571429,0.5952380952380952,0.7142857142857143,0.76737249378492,0.937888198757764,0.8734268707482995,0.6986395799799849,0.5952380952380952,0.010714285714285714
AEEEM,mylyn,Dummy,1607,19,0.13067828251400124,1,3,0.09090909090909091,0.09523809523809523,0.09302325581395349,0.285628934170719,0.7570093457943925,0.47593445980542753,-0.04719392894985681,0.09523809523809523,0.14336917562724014
AEEEM,mylyn,LogisticRegression,1607,19,0.13067828251400124,1,3,0.6382978723404256,0.7142857142857143,0.6741573033707865,0.8190011775494861,0.9096573208722741,0.941457586618877,0.6232337555805271,0.7142857142857143,0.06093189964157706
AEEEM,mylyn,GaussianNB,1607,19,0.13067828251400124,1,3,0.8787878787878788,0.6904761904761905,0.7733333333333333,0.8249708420631057,0.9470404984423676,0.8752346816862946,0.7507748143720251,0.6904761904761905,0.014336917562724014
AEEEM,mylyn,DecisionTree,1607,19,0.13067828251400124,1,3,0.6888888888888889,0.7380952380952381,0.7126436781609196,0.8372921838033609,0.9221183800623053,0.8549667178699437,0.668192161089073,0.7380952380952381,0.05017921146953405
AEEEM,mylyn,RandomForest,1607,19,0.13067828251400124,1,3,0.9642857142857143,0.6428571428571429,0.7714285714285715,0.800345547492897,0.9501557632398754,0.915599931728964,0.7640120782593307,0.6428571428571429,0.0035842293906810036
AEEEM,mylyn,KNN,1607,19,0.13067828251400124,1,3,1.0,0.5714285714285714,0.7272727272727273,0.7559289460184544,0.9439252336448598,0.8827018262502134,0.7326639999321222,0.5714285714285714,0.0
AEEEM,mylyn,Dummy,1607,19,0.13067828251400124,1,4,0.1590909090909091,0.16666666666666666,0.16279069767441862,0.3802156214011559,0.7757009345794392,0.5170250896057348,0.03338719441665402,0.16666666666666666,0.13261648745519714
AEEEM,mylyn,LogisticRegression,1607,19,0.13067828251400124,1,4,0.6086956521739131,0.6666666666666666,0.6363636363636364,0.7897188828807974,0.9003115264797508,0.9169653524492234,0.5795441982721081,0.6666666666666666,0.06451612903225806
AEEEM,mylyn,GaussianNB,1607,19,0.13067828251400124,1,4,0.8928571428571429,0.5952380952380952,0.7142857142857143,0.7673575995661209,0.9376947040498442,0.8498037207714627,0.6985340707513223,0.5952380952380952,0.010752688172043012
AEEEM,mylyn,DecisionTree,1607,19,0.13067828251400124,1,4,0.5918367346938775,0.6904761904761905,0.6373626373626373,0.8006120717093804,0.897196261682243,0.8232633555214199,0.5802146179812604,0.6904761904761905,0.07168458781362007
AEEEM,mylyn,RandomForest,1607,19,0.13067828251400124,1,4,0.96,0.5714285714285714,0.7164179104477612,0.75457301856625,0.940809968847352,0.9149172213688342,0.714562448987294,0.5714285714285714,0.0035842293906810036
AEEEM,mylyn,KNN,1607,19,0.13067828251400124,1,4,0.8846153846153846,0.5476190476190477,0.6764705882352942,0.7360235531305563,0.9314641744548287,0.8238180576890255,0.6635830074142629,0.5476190476190477,0.010752688172043012
AEEEM,mylyn,Dummy,1607,19,0.13067828251400124,1,5,0.18181818181818182,0.19047619047619047,0.18604651162790697,0.4073065399812784,0.7819314641744548,0.5307219662058372,0.06024756887215763,0.19047619047619047,0.12903225806451613
AEEEM,mylyn,LogisticRegression,1607,19,0.13067828251400124,1,5,0.6666666666666666,0.7142857142857143,0.6896551724137931,0.8221211933336945,0.9158878504672897,0.9386414063833419,0.6415838390806878,0.7142857142857143,0.053763440860215055
AEEEM,mylyn,GaussianNB,1607,19,0.13067828251400124,1,5,0.9,0.6428571428571429,0.75,0.797461410013569,0.9439252336448598,0.8644819935142516,0.732332783211869,0.6428571428571429,0.010752688172043012
AEEEM,mylyn,DecisionTree,1607,19,0.13067828251400124,1,5,0.5957446808510638,0.6666666666666666,0.6292134831460674,0.7882045595643561,0.897196261682243,0.8071343232633554,0.5709719908100597,0.6666666666666666,0.06810035842293907
AEEEM,mylyn,RandomForest,1607,19,0.13067828251400124,1,5,0.8620689655172413,0.5952380952380952,0.704225352112676,0.7659661975155783,0.9345794392523364,0.8977641235705751,0.6833427311350558,0.5952380952380952,0.014336917562724014
AEEEM,mylyn,KNN,1607,19,0.13067828251400124,1,5,0.96,0.5714285714285714,0.7164179104477612,0.75457301856625,0.940809968847352,0.834442737668544,0.714562448987294,0.5714285714285714,0.0035842293906810036
AEEEM,mylyn,Dummy,1607,19,0.13067828251400124,2,1,0.18181818181818182,0.19047619047619047,0.18604651162790697,0.40741427878490355,0.782608695652174,0.530952380952381,0.060698643041332316,0.19047619047619047,0.12857142857142856
AEEEM,mylyn,LogisticRegression,1607,19,0.13067828251400124,2,1,0.6862745098039216,0.8333333333333334,0.7526881720430108,0.8864052604279183,0.9285714285714286,0.9588010204081633,0.7159822191019038,0.8333333333333334,0.05714285714285714
AEEEM,mylyn,GaussianNB,1607,19,0.13067828251400124,2,1,0.8918918918918919,0.7857142857142857,0.8354430379746836,0.8800510189292251,0.9596273291925466,0.8883503401360543,0.8146594293170913,0.7857142857142857,0.014285714285714285
AEEEM,mylyn,DecisionTree,1607,19,0.13067828251400124,2,1,0.6071428571428571,0.8095238095238095,0.6938775510204082,0.8636656571538194,0.906832298136646,0.8828231292517007,0.6494682338287191,0.8095238095238095,0.07857142857142857
AEEEM,mylyn,RandomForest,1607,19,0.13067828251400124,2,1,1.0,0.7380952380952381,0.8493150684931506,0.8591246929842246,0.9658385093167702,0.9788690476190476,0.8427305208744296,0.7380952380952381,0.0
AEEEM,mylyn,KNN,1607,19,0.13067828251400124,2,1,0.9629629629629629,0.6190476190476191,0.7536231884057971,0.7853895432801977,0.9472049689440993,0.9459608843537415,0.747862966412066,0.6190476190476191,0.0035714285714285713
AEEEM,mylyn,Dummy,1607,19,0.13067828251400124,2,2,0.22727272727272727,0.23809523809523808,0.23255813953488372,0.4573660169594892,0.7950310559006211,0.5583333333333333,0.11439359650097244,0.23809523809523808,0.12142857142857143
AEEEM,mylyn,LogisticRegression,1607,19,0.13067828251400124,2,2,0.6545454545454545,0.8571428571428571,0.7422680412371134,0.8938565834834661,0.922360248447205,0.9568877551020407,0.7063190631711553,0.8571428571428571,0.06785714285714285
AEEEM,mylyn,GaussianNB,1607,19,0.13067828251400124,2,2,0.8285714285714286,0.6904761904761905,0.7532467532467533,0.8219977324231762,0.9409937888198758,0.9009778911564625,0.7239119066901385,0.6904761904761905,0.02142857142857143
AEEEM,mylyn,DecisionTree,1607,19,0.13067828251400124,2,2,0.6470588235294118,0.7857142857142857,0.7096774193548387,0.8574404245384358,0.9161490683229814,0.8774234693877551,0.6654681361591315,0.7857142857142857,0.06428571428571428
AEEEM,mylyn,RandomForest,1607,19,0.13067828251400124,2,2,0.8484848484848485,0.6666666666666666,0.7466666666666667,0.809173593712687,0.9409937888198758,0.9253401360544218,0.7204684804754253,0.6666666666666666,0.017857142857142856
AEEEM,mylyn,KNN,1607,19,0.13067828251400124,2,2,0.8888888888888888,0.5714285714285714,0.6956521739130435,0.7518684209680438,0.9347826086956522,0.8553571428571428,0.6813219674663116,0.5714285714285714,0.010714285714285714
AEEEM,mylyn,Dummy,1607,19,0.13067828251400124,2,3,0.09090909090909091,0.09523809523809523,0.09302325581395349,0.285628934170719,0.7570093457943925,0.47593445980542753,-0.04719392894985681,0.09523809523809523,0.14336917562724014
AEEEM,mylyn,LogisticRegression,1607,19,0.13067828251400124,2,3,0.7105263157894737,0.6428571428571429,0.675,0.7858190127105141,0.9190031152647975,0.9483700290151903,0.6298963246836291,0.6428571428571429,0.03942652329749104
AEEEM,mylyn,GaussianNB,1607,19,0.13067828251400124,2,3,0.8275862068965517,0.5714285714285714,0.676056338028169,0.7491247666621533,0.9283489096573209,0.8413551800648574,0.651118106969586,0.5714285714285714,0.017921146953405017
AEEEM,mylyn,DecisionTree,1607,19,0.13067828251400124,2,3,0.574468085106383,0.6428571428571429,0.6067415730337079,0.772511613859874,0.8909657320872274,0.7936507936507936,0.5448411084248259,0.6428571428571429,0.07168458781362007
AEEEM,mylyn,RandomForest,1607,19,0.13067828251400124,2,3,0.8461538461538461,0.5238095238095238,0.6470588235294118,0.7185399848638188,0.9252336448598131,0.8769841269841269,0.6297235025056668,0.5238095238095238,0.014336917562724014
AEEEM,mylyn,KNN,1607,19,0.13067828251400124,2,3,1.0,0.4523809523809524,0.6229508196721312,0.6725927091345493,0.9283489096573209,0.7775644307902372,0.6464735867703139,0.4523809523809524,0.0
AEEEM,mylyn,Dummy,1607,19,0.13067828251400124,2,4,0.06818181818181818,0.07142857142857142,0.06976744186046512,0.24684387705911817,0.7507788161993769,0.46223758320532515,-0.07405430340536041,0.07142857142857142,0.14695340501792115
AEEEM,mylyn,LogisticRegression,1607,19,0.13067828251400124,2,4,0.75,0.7142857142857143,0.7317073170731707,0.8298699149751424,0.9314641744548287,0.927547363031234,0.692719201789429,0.7142857142857143,0.035842293906810034
AEEEM,mylyn,GaussianNB,1607,19,0.13067828251400124,2,4,0.9310344827586207,0.6428571428571429,0.7605633802816901,0.7989047802624962,0.9470404984423676,0.8705410479604028,0.7477919794659954,0.6428571428571429,0.007168458781362007
AEEEM,mylyn,DecisionTree,1607,19,0.13067828251400124,2,4,0.6739130434782609,0.7380952380952381,0.7045454545454546,0.835710894037345,0.9190031152647975,0.8499317289639872,0.6586401539036332,0.7380952380952381,0.053763440860215055
AEEEM,mylyn,RandomForest,1607,19,0.13067828251400124,2,4,0.9629629629629629,0.6190476190476191,0.7536231884057971,0.7853844984319448,0.9470404984423676,0.904847243556921,0.7477792742911776,0.6190476190476191,0.0035842293906810036
AEEEM,mylyn,KNN,1607,19,0.13067828251400124,2,4,0.9629629629629629,0.6190476190476191,0.7536231884057971,0.7853844984319448,0.9470404984423676,0.8510411332991977,0.7477792742911776,0.6190476190476191,0.0035842293906810036
AEEEM,mylyn,Dummy,1607,19,0.13067828251400124,2,5,0.022727272727272728,0.023809523809523808,0.023255813953488372,0.14191531144956343,0.7383177570093458,0.4348438300051203,-0.12777505231636765,0.023809523809523808,0.15412186379928317
AEEEM,mylyn,LogisticRegression,1607,19,0.13067828251400124,2,5,0.48333333333333334,0.6904761904761905,0.5686274509803921,0.7834262018573375,0.8629283489096573,0.9101382488479263,0.5011678267177639,0.6904761904761905,0.1111111111111111
AEEEM,mylyn,GaussianNB,1607,19,0.13067828251400124,2,5,0.8235294117647058,0.6666666666666666,0.7368421052631579,0.8076693315360827,0.9376947040498442,0.8661034306195596,0.7069922315400314,0.6666666666666666,0.021505376344086023
AEEEM,mylyn,DecisionTree,1607,19,0.13067828251400124,2,5,0.5897435897435898,0.5476190476190477,0.5679012345679012,0.7184805989399301,0.8909657320872274,0.7500426693975082,0.5060651473374774,0.5476190476190477,0.05734767025089606
AEEEM,mylyn,RandomForest,1607,19,0.13067828251400124,2,5,0.8275862068965517,0.5714285714285714,0.676056338028169,0.7491247666621533,0.9283489096573209,0.8668714797747057,0.651118106969586,0.5714285714285714,0.017921146953405017
AEEEM,mylyn,KNN,1607,19,0.13067828251400124,2,5,0.8285714285714286,0.6904761904761905,0.7532467532467533,0.8219654738146664,0.940809968847352,0.8284690220174091,0.7237971669323509,0.6904761904761905,0.021505376344086023
AEEEM,mylyn,Dummy,1607,19,0.13067828251400124,3,1,0.13636363636363635,0.14285714285714285,0.13953488372093023,0.35138211074996695,0.7701863354037267,0.5035714285714286,0.0070036895816921905,0.14285714285714285,0.1357142857142857
AEEEM,mylyn,LogisticRegression,1607,19,0.13067828251400124,3,1,0.6521739130434783,0.7142857142857143,0.6818181818181818,0.8206518066482897,0.9130434782608695,0.9349489795918368,0.6324555320336759,0.7142857142857143,0.05714285714285714
AEEEM,mylyn,GaussianNB,1607,19,0.13067828251400124,3,1,0.90625,0.6904761904761905,0.7837837837837838,0.8264854694987184,0.9503105590062112,0.8977040816326531,0.765220321740476,0.6904761904761905,0.010714285714285714
AEEEM,mylyn,DecisionTree,1607,19,0.13067828251400124,3,1,0.5882352941176471,0.7142857142857143,0.6451612903225806,0.8128433340529316,0.8975155279503105,0.834311224489796,0.5896970117449729,0.7142857142857143,0.075
AEEEM,mylyn,RandomForest,1607,19,0.13067828251400124,3,1,0.8666666666666667,0.6190476190476191,0.7222222222222222,0.7811556065424181,0.937888198757764,0.8811649659863946,0.7007063190166716,0.6190476190476191,0.014285714285714285
AEEEM,mylyn,KNN,1607,19,0.13067828251400124,3,1,0.9032258064516129,0.6666666666666666,0.7671232876712328,0.8121107126025425,0.9472049689440993,0.8494897959183674,0.7489427693577593,0.6666666666666666,0.010714285714285714
AEEEM,mylyn,Dummy,1607,19,0.13067828251400124,3,2,0.18181818181818182,0.19047619047619047,0.18604651162790697,0.40741427878490355,0.782608695652174,0.530952380952381,0.060698643041332316,0.19047619047619047,0.12857142857142856
AEEEM,mylyn,LogisticRegression,1607,19,0.13067828251400124,3,2,0.6595744680851063,0.7380952380952381,0.6966292134831461,0.8342172183232247,0.9161490683229814,0.9514455782312925,0.6495388435034953,0.7380952380952381,0.05714285714285714
AEEEM,mylyn,GaussianNB,1607,19,0.13067828251400124,3,2,0.8529411764705882,0.6904761904761905,0.7631578947368421,0.8234963621676791,0.9440993788819876,0.8518282312925171,0.7371181759648113,0.6904761904761905,0.017857142857142856
AEEEM,mylyn,DecisionTree,1607,19,0.13067828251400124,3,2,0.627906976744186,0.6428571428571429,0.6352941176470588,0.7785386624822122,0.9037267080745341,0.8043367346938775,0.5799000526105809,0.6428571428571429,0.05714285714285714
AEEEM,mylyn,RandomForest,1607,19,0.13067828251400124,3,2,0.9615384615384616,0.5952380952380952,0.7352941176470589,0.7701378090302795,0.9440993788819876,0.9274659863945578,0.7313886795366746,0.5952380952380952,0.0035714285714285713
AEEEM,mylyn,KNN,1607,19,0.13067828251400124,3,2,0.8888888888888888,0.5714285714285714,0.6956521739130435,0.7518684209680438,0.9347826086956522,0.8737244897959184,0.6813219674663116,0.5714285714285714,0.010714285714285714
AEEEM,mylyn,Dummy,1607,19,0.13067828251400124,3,3,0.13636363636363635,0.14285714285714285,0.13953488372093023,0.35128321564436576,0.7694704049844237,0.5033282130056324,0.00652681996115041,0.14285714285714285,0.13620071684587814
AEEEM,mylyn,LogisticRegression,1607,19,0.13067828251400124,3,3,0.5423728813559322,0.7619047619047619,0.6336633663366337,0.8295613557843402,0.8847352024922118,0.9318996415770608,0.5791045846157586,0.7619047619047619,0.0967741935483871
AEEEM,mylyn,GaussianNB,1607,19,0.13067828251400124,3,3,0.84375,0.6428571428571429,0.7297297297297297,0.7945668036923982,0.9376947040498442,0.9052739375320021,0.7034583301013029,0.6428571428571429,0.017921146953405017
AEEEM,mylyn,DecisionTree,1607,19,0.13067828251400124,3,3,0.625,0.7142857142857143,0.6666666666666666,0.8174367039575349,0.9065420560747663,0.8396910735620414,0.6144466537728958,0.7142857142857143,0.06451612903225806
AEEEM,mylyn,RandomForest,1607,19,0.13067828251400124,3,3,0.8125,0.6190476190476191,0.7027027027027027,0.7782896421160246,0.9314641744548287,0.9241338112305855,0.6726225901091524,0.6190476190476191,0.021505376344086023
AEEEM,mylyn,KNN,1607,19,0.13067828251400124,3,3,0.9285714285714286,0.6190476190476191,0.7428571428571429,0.7839706638049513,0.9439252336448598,0.8718637992831542,0.7312730745053265,0.6190476190476191,0.007168458781362007
AEEEM,mylyn,Dummy,1607,19,0.13067828251400124,3,4,0.11363636363636363,0.11904761904761904,0.11627906976744186,0.3200102404915462,0.7632398753894081,0.48963133640552997,-0.0203335544943532,0.11904761904761904,0.13978494623655913
AEEEM,mylyn,LogisticRegression,1607,19,0.13067828251400124,3,4,0.6153846153846154,0.7619047619047619,0.6808510638297872,0.8410041219247292,0.9065420560747663,0.95221027479092,0.6317373930934518,0.7619047619047619,0.07168458781362007
AEEEM,mylyn,GaussianNB,1607,19,0.13067828251400124,3,4,0.8823529411764706,0.7142857142857143,0.7894736842105263,0.8390739293314794,0.9501557632398754,0.8968680662229048,0.7670304607263674,0.7142857142857143,0.014336917562724014
AEEEM,mylyn,DecisionTree,1607,19,0.13067828251400124,3,4,0.6153846153846154,0.7619047619047619,0.6808510638297872,0.8410041219247292,0.9065420560747663,0.8601297149684246,0.6317373930934518,0.7619047619047619,0.07168458781362007
AEEEM,mylyn,RandomForest,1607,19,0.13067828251400124,3,4,0.875,0.6666666666666666,0.7567567567567568,0.8106224285232001,0.9439252336448598,0.916794674859191,0.7342940700934534,0.6666666666666666,0.014336917562724014
AEEEM,mylyn,KNN,1607,19,0.13067828251400124,3,4,0.9629629629629629,0.6190476190476191,0.7536231884057971,0.7853844984319448,0.9470404984423676,0.8736985833760027,0.7477792742911776,0.6190476190476191,0.0035842293906810036
AEEEM,mylyn,Dummy,1607,19,0.13067828251400124,3,5,0.13636363636363635,0.14285714285714285,0.13953488372093023,0.35128321564436576,0.7694704049844237,0.5033282130056324,0.00652681996115041,0.14285714285714285,0.13620071684587814
AEEEM,mylyn,LogisticRegression,1607,19,0.13067828251400124,3,5,0.8095238095238095,0.8095238095238095,0.8095238095238095,0.8867421594124186,0.9501557632398754,0.9520822665983957,0.7808499743983615,0.8095238095238095,0.02867383512544803
AEEEM,mylyn,GaussianNB,1607,19,0.13067828251400124,3,5,0.9285714285714286,0.6190476190476191,0.7428571428571429,0.7839706638049513,0.9439252336448598,0.8833845366103431,0.7312730745053265,0.6190476190476191,0.007168458781362007
AEEEM,mylyn,DecisionTree,1607,19,0.13067828251400124,3,5,0.5490196078431373,0.6666666666666666,0.6021505376344086,0.7821179467805508,0.8847352024922118,0.8085850827786311,0.5389434248128745,0.6666666666666666,0.08243727598566308
AEEEM,mylyn,RandomForest,1607,19,0.13067828251400124,3,5,0.9230769230769231,0.5714285714285714,0.7058823529411765,0.7532146501946129,0.9376947040498442,0.8800989930022187,0.697442512322859,0.5714285714285714,0.007168458781362007
AEEEM,mylyn,KNN,1607,19,0.13067828251400124,3,5,0.9615384615384616,0.5952380952380952,0.7352941176470589,0.7701328621495708,0.9439252336448598,0.8052995391705069,0.7313020172314553,0.5952380952380952,0.0035842293906810036
AEEEM,pde,Dummy,1434,19,0.14574616457461645,1,1,0.13043478260869565,0.14285714285714285,0.13636363636363635,0.3457362111448452,0.735191637630662,0.4897959183673469,-0.01966184056838878,0.14285714285714285,0.16326530612244897
AEEEM,pde,LogisticRegression,1434,19,0.14574616457461645,1,1,0.44642857142857145,0.5952380952380952,0.5102040816326531,0.721056346353135,0.8327526132404182,0.8267249757045676,0.41803204154824286,0.5952380952380952,0.12653061224489795
AEEEM,pde,GaussianNB,1434,19,0.14574616457461645,1,1,0.5625,0.42857142857142855,0.4864864864864865,0.6356741560367711,0.867595818815331,0.7740524781341107,0.41709781614783614,0.42857142857142855,0.05714285714285714
AEEEM,pde,DecisionTree,1434,19,0.14574616457461645,1,1,0.34,0.40476190476190477,0.3695652173913043,0.5918132765700572,0.7979094076655052,0.6380466472303206,0.2516643413901655,0.40476190476190477,0.1346938775510204
AEEEM,pde,RandomForest,1434,19,0.14574616457461645,1,1,0.7727272727272727,0.40476190476190477,0.53125,0.6296836171649597,0.8954703832752613,0.8470359572400388,0.5106278796692837,0.40476190476190477,0.02040816326530612
AEEEM,pde,KNN,1434,19,0.14574616457461645,1,1,0.7777777777777778,0.3333333333333333,0.4666666666666667,0.572617810116473,0.8885017421602788,0.6922740524781341,0.4621296960194596,0.3333333333333333,0.0163265306122449
AEEEM,pde,Dummy,1434,19,0.14574616457461645,1,2,0.08695652173913043,0.09523809523809523,0.09090909090909091,0.28091202292862144,0.7212543554006968,0.46190476190476193,-0.07340420478865144,0.09523809523809523,0.17142857142857143
AEEEM,pde,LogisticRegression,1434,19,0.14574616457461645,1,2,0.3142857142857143,0.5238095238095238,0.39285714285714285,0.6489881486621959,0.7630662020905923,0.7048104956268222,0.2698724202891122,0.5238095238095238,0.19591836734693877
AEEEM,pde,GaussianNB,1434,19,0.14574616457461645,1,2,0.5384615384615384,0.3333333333333333,0.4117647058823529,0.5630335715755219,0.8606271777003485,0.6621477162293489,0.3501544957358579,0.3333333333333333,0.04897959183673469
AEEEM,pde,DecisionTree,1434,19,0.14574616457461645,1,2,0.34615384615384615,0.42857142857142855,0.3829787234042553,0.6075328879266837,0.7979094076655052,0.6548590864917395,0.2659281723425565,0.42857142857142855,0.13877551020408163
AEEEM,pde,RandomForest,1434,19,0.14574616457461645,1,2,0.5217391304347826,0.2857142857142857,0.36923076923076925,0.5223852001886091,0.8571428571428571,0.7564139941690963,0.3134929172204284,0.2857142857142857,0.044897959183673466
AEEEM,pde,KNN,1434,19,0.14574616457461645,1,2,0.6190476190476191,0.30952380952380953,0.4126984126984127,0.5471900123549326,0.8710801393728222,0.6531098153547134,0.37578054865726057,0.30952380952380953,0.0326530612244898
AEEEM,pde,Dummy,1434,19,0.14574616457461645,1,3,0.10869565217391304,0.11904761904761904,0.11363636363636363,0.31484180858247984,0.7282229965156795,0.47585034013605443,-0.04653302267852011,0.11904761904761904,0.1673469387755102
AEEEM,pde,LogisticRegression,1434,19,0.14574616457461645,1,3,0.3695652173913043,0.40476190476190477,0.38636363636363635,0.5973703306604311,0.8118466898954704,0.7582118561710399,0.2759211626430559,0.40476190476190477,0.11836734693877551
AEEEM,pde,GaussianNB,1434,19,0.14574616457461645,1,3,0.5652173913043478,0.30952380952380953,0.4,0.5448763021505768,0.8641114982578397,0.7762390670553937,0.3498014189323989,0.30952380952380953,0.04081632653061224
AEEEM,pde,DecisionTree,1434,19,0.14574616457461645,1,3,0.5116279069767442,0.5238095238095238,0.5176470588235295,0.6920343666508553,0.8571428571428571,0.7274538386783285,0.433857469657529,0.5238095238095238,0.08571428571428572
AEEEM,pde,RandomForest,1434,19,0.14574616457461645,1,3,0.75,0.2857142857142857,0.41379310344827586,0.5301410780935729,0.8815331010452961,0.7315840621963071,0.41499312478823985,0.2857142857142857,0.0163265306122449
AEEEM,pde,KNN,1434,19,0.14574616457461645,1,3,0.6470588235294118,0.2619047619047619,0.3728813559322034,0.5054609458065635,0.8710801393728222,0.6118561710398445,0.3554753060698286,0.2619047619047619,0.024489795918367346
AEEEM,pde,Dummy,1434,19,0.14574616457461645,1,4,0.13043478260869565,0.14285714285714285,0.13636363636363635,0.3457362111448452,0.735191637630662,0.4897959183673469,-0.01966184056838878,0.14285714285714285,0.16326530612244897
AEEEM,pde,LogisticRegression,1434,19,0.14574616457461645,1,4,0.4305555555555556,0.7380952380952381,0.543859649122807,0.7839497812202123,0.818815331010453,0.8564625850340135,0.46533619600977216,0.7380952380952381,0.1673469387755102
AEEEM,pde,GaussianNB,1434,19,0.14574616457461645,1,4,0.6,0.5,0.5454545454545454,0.6866065623255951,0.8780487804878049,0.8503401360544217,0.4783403848824849,0.5,0.05714285714285714
AEEEM,pde,DecisionTree,1434,19,0.14574616457461645,1,4,0.3225806451612903,0.47619047619047616,0.38461538461538464,0.628138378965377,0.7770034843205574,0.6621963070942662,0.26174672884247696,0.47619047619047616,0.17142857142857143
AEEEM,pde,RandomForest,1434,19,0.14574616457461645,1,4,0.6666666666666666,0.38095238095238093,0.48484848484848486,0.6070528144515333,0.8815331010452961,0.844606413994169,0.4447099213158213,0.38095238095238093,0.0326530612244898
AEEEM,pde,KNN,1434,19,0.14574616457461645,1,4,0.6956521739130435,0.38095238095238093,0.49230769230769234,0.6083321684827167,0.8850174216027874,0.7608357628765791,0.4587269240683105,0.38095238095238093,0.02857142857142857
AEEEM,pde,Dummy,1434,19,0.14574616457461645,1,5,0.08695652173913043,0.0975609756097561,0.09195402298850575,0.28431714147022147,0.7237762237762237,0.4630662020905923,-0.07046028541264396,0.0975609756097561,0.17142857142857143
AEEEM,pde,LogisticRegression,1434,19,0.14574616457461645,1,5,0.46511627906976744,0.4878048780487805,0.47619047619047616,0.6648390412135498,0.8461538461538461,0.7370831259333002,0.3862368576865117,0.4878048780487805,0.09387755102040816
AEEEM,pde,GaussianNB,1434,19,0.14574616457461645,1,5,0.7727272727272727,0.4146341463414634,0.5396825396825397,0.6373164245392989,0.8986013986013986,0.7404678944748632,0.5184500390649719,0.4146341463414634,0.02040816326530612
AEEEM,pde,DecisionTree,1434,19,0.14574616457461645,1,5,0.2982456140350877,0.4146341463414634,0.3469387755102041,0.5890150893739515,0.7762237762237763,0.6400696864111498,0.22051149970247613,0.4146341463414634,0.16326530612244897
AEEEM,pde,RandomForest,1434,19,0.14574616457461645,1,5,0.6666666666666666,0.24390243902439024,0.35714285714285715,0.4887993844390295,0.8741258741258742,0.7654554504728721,0.35132665423740506,0.24390243902439024,0.02040816326530612
AEEEM,pde,KNN,1434,19,0.14574616457461645,1,5,0.7222222222222222,0.3170731707317073,0.4406779661016949,0.5573170459409673,0.8846153846153846,0.696266799402688,0.42809252437016,0.3170731707317073,0.02040816326530612
AEEEM,pde,Dummy,1434,19,0.14574616457461645,2,1,0.06521739130434782,0.07142857142857142,0.06818181818181818,0.2426770040195061,0.7142857142857143,0.4479591836734694,-0.10027538689878278,0.07142857142857142,0.17551020408163265
AEEEM,pde,LogisticRegression,1434,19,0.14574616457461645,2,1,0.4716981132075472,0.5952380952380952,0.5263157894736842,0.7260928896179478,0.8432055749128919,0.7862001943634597,0.43809056791596257,0.5952380952380952,0.11428571428571428
AEEEM,pde,GaussianNB,1434,19,0.14574616457461645,2,1,0.7272727272727273,0.38095238095238093,0.5,0.6096088376067402,0.8885017421602788,0.7733722060252672,0.4735734671623091,0.38095238095238093,0.024489795918367346
AEEEM,pde,DecisionTree,1434,19,0.14574616457461645,2,1,0.375,0.35714285714285715,0.36585365853658536,0.5663035479800657,0.818815331010453,0.6332847424684159,0.2603413473110301,0.35714285714285715,0.10204081632653061
AEEEM,pde,RandomForest,1434,19,0.14574616457461645,2,1,0.9230769230769231,0.2857142857142857,0.43636363636363634,0.5334305062107605,0.89198606271777,0.7763362487852283,0.47867829581540017,0.2857142857142857,0.004081632653061225
AEEEM,pde,KNN,1434,19,0.14574616457461645,2,1,0.7777777777777778,0.3333333333333333,0.4666666666666667,0.572617810116473,0.8885017421602788,0.676773566569485,0.4621296960194596,0.3333333333333333,0.0163265306122449
AEEEM,pde,Dummy,1434,19,0.14574616457461645,2,2,0.10869565217391304,0.11904761904761904,0.11363636363636363,0.31484180858247984,0.7282229965156795,0.47585034013605443,-0.04653302267852011,0.11904761904761904,0.1673469387755102
AEEEM,pde,LogisticRegression,1434,19,0.14574616457461645,2,2,0.423728813559322,0.5952380952380952,0.49504950495049505,0.7159843747446747,0.8222996515679443,0.7988338192419825,0.39922657551984875,0.5952380952380952,0.13877551020408163
AEEEM,pde,GaussianNB,1434,19,0.14574616457461645,2,2,0.6206896551724138,0.42857142857142855,0.5070422535211268,0.6397885948218677,0.8780487804878049,0.8168610301263363,0.4499462169206506,0.42857142857142855,0.044897959183673466
AEEEM,pde,DecisionTree,1434,19,0.14574616457461645,2,2,0.3559322033898305,0.5,0.4158415841584158,0.6499607523472758,0.794425087108014,0.6797376093294462,0.30165107867148033,0.5,0.15510204081632653
AEEEM,pde,RandomForest,1434,19,0.14574616457461645,2,2,0.6666666666666666,0.38095238095238093,0.48484848484848486,0.6070528144515333,0.8815331010452961,0.7987366375121476,0.4447099213158213,0.38095238095238093,0.0326530612244898
AEEEM,pde,KNN,1434,19,0.14574616457461645,2,2,0.75,0.35714285714285715,0.4838709677419355,0.5914847651505893,0.8885017421602788,0.7707968901846453,0.4674389772278107,0.35714285714285715,0.02040816326530612
AEEEM,pde,Dummy,1434,19,0.14574616457461645,2,3,0.17391304347826086,0.19047619047619047,0.18181818181818182,0.401164485724265,0.7491289198606271,0.5176870748299319,0.03408052365187388,0.19047619047619047,0.15510204081632653
AEEEM,pde,LogisticRegression,1434,19,0.14574616457461645,2,3,0.36507936507936506,0.5476190476190477,0.4380952380952381,0.6769134776107208,0.794425087108014,0.7379008746355685,0.3282044888190007,0.5476190476190477,0.16326530612244897
AEEEM,pde,GaussianNB,1434,19,0.14574616457461645,2,3,0.53125,0.40476190476190477,0.4594594594594595,0.6164256351369831,0.8606271777003485,0.693877551020408,0.3857772841660389,0.40476190476190477,0.061224489795918366
AEEEM,pde,DecisionTree,1434,19,0.14574616457461645,2,3,0.3888888888888889,0.5,0.4375,0.6577636818983622,0.8118466898954704,0.6787657920310982,0.3303617803560542,0.5,0.1346938775510204
AEEEM,pde,RandomForest,1434,19,0.14574616457461645,2,3,0.6666666666666666,0.2857142857142857,0.4,0.5279367397389395,0.8745644599303136,0.796695821185617,0.3808107366340611,0.2857142857142857,0.024489795918367346
AEEEM,pde,KNN,1434,19,0.14574616457461645,2,3,0.7647058823529411,0.30952380952380953,0.4406779661016949,0.5517883285938553,0.8850174216027874,0.6112730806608357,0.43899672468795453,0.30952380952380953,0.0163265306122449
AEEEM,pde,Dummy,1434,19,0.14574616457461645,2,4,0.13043478260869565,0.14285714285714285,0.13636363636363635,0.3457362111448452,0.735191637630662,0.4897959183673469,-0.01966184056838878,0.14285714285714285,0.16326530612244897
AEEEM,pde,LogisticRegression,1434,19,0.14574616457461645,2,4,0.4489795918367347,0.5238095238095238,0.4835164835164835,0.6827031392103438,0.8362369337979094,0.7300291545189503,0.38851466222425607,0.5238095238095238,0.11020408163265306
AEEEM,pde,GaussianNB,1434,19,0.14574616457461645,2,4,0.6153846153846154,0.38095238095238093,0.47058823529411764,0.6044859834428044,0.8745644599303136,0.7161321671525754,0.41884509059313146,0.38095238095238093,0.04081632653061224
AEEEM,pde,DecisionTree,1434,19,0.14574616457461645,2,4,0.4418604651162791,0.4523809523809524,0.4470588235294118,0.6388005037382858,0.8362369337979094,0.6832361516034985,0.3509933877198333,0.4523809523809524,0.09795918367346938
AEEEM,pde,RandomForest,1434,19,0.14574616457461645,2,4,0.65,0.30952380952380953,0.41935483870967744,0.5483432064946584,0.8745644599303136,0.7900874635568513,0.39000464160623394,0.30952380952380953,0.02857142857142857
AEEEM,pde,KNN,1434,19,0.14574616457461645,2,4,0.75,0.35714285714285715,0.4838709677419355,0.5914847651505893,0.8885017421602788,0.6782798833819241,0.4674389772278107,0.35714285714285715,0.02040816326530612
AEEEM,pde,Dummy,1434,19,0.14574616457461645,2,5,0.08695652173913043,0.0975609756097561,0.09195402298850575,0.28431714147022147,0.7237762237762237,0.4630662020905923,-0.07046028541264396,0.0975609756097561,0.17142857142857143
AEEEM,pde,LogisticRegression,1434,19,0.14574616457461645,2,5,0.4,0.5853658536585366,0.4752475247524752,0.706649072663699,0.8146853146853147,0.7919362867098058,0.37734838446325014,0.5853658536585366,0.1469387755102041
AEEEM,pde,GaussianNB,1434,19,0.14574616457461645,2,5,0.6,0.36585365853658536,0.45454545454545453,0.592385732565646,0.8741258741258742,0.8100547536087606,0.4032904677515129,0.36585365853658536,0.04081632653061224
AEEEM,pde,DecisionTree,1434,19,0.14574616457461645,2,5,0.32142857142857145,0.43902439024390244,0.3711340206185567,0.6090408946441362,0.7867132867132867,0.6580886012941761,0.25073595719479846,0.43902439024390244,0.15510204081632653
AEEEM,pde,RandomForest,1434,19,0.14574616457461645,2,5,0.631578947368421,0.2926829268292683,0.4,0.533217176665652,0.8741258741258742,0.7897461423593828,0.371646329803678,0.2926829268292683,0.02857142857142857
AEEEM,pde,KNN,1434,19,0.14574616457461645,2,5,0.5652173913043478,0.3170731707317073,0.40625,0.5514811045367062,0.8671328671328671,0.7218018914883026,0.35599690695466624,0.3170731707317073,0.04081632653061224
AEEEM,pde,Dummy,1434,19,0.14574616457461645,3,1,0.1956521739130435,0.21428571428571427,0.20454545454545456,0.4265257298812451,0.7560975609756098,0.5316326530612244,0.06095170576200522,0.21428571428571427,0.1510204081632653
AEEEM,pde,LogisticRegression,1434,19,0.14574616457461645,3,1,0.38596491228070173,0.5238095238095238,0.4444444444444444,0.6700593942604899,0.8083623693379791,0.7767735665694849,0.33750253080762366,0.5238095238095238,0.14285714285714285
AEEEM,pde,GaussianNB,1434,19,0.14574616457461645,3,1,0.5384615384615384,0.3333333333333333,0.4117647058823529,0.5630335715755219,0.8606271777003485,0.7529640427599612,0.3501544957358579,0.3333333333333333,0.04897959183673469
AEEEM,pde,DecisionTree,1434,19,0.14574616457461645,3,1,0.3225806451612903,0.47619047619047616,0.38461538461538464,0.628138378965377,0.7770034843205574,0.6631681243926142,0.26174672884247696,0.47619047619047616,0.17142857142857143
AEEEM,pde,RandomForest,1434,19,0.14574616457461645,3,1,0.6470588235294118,0.2619047619047619,0.3728813559322034,0.5054609458065635,0.8710801393728222,0.7775510204081634,0.3554753060698286,0.2619047619047619,0.024489795918367346
AEEEM,pde,KNN,1434,19,0.14574616457461645,3,1,0.7142857142857143,0.23809523809523808,0.35714285714285715,0.4839503785532629,0.8745644599303136,0.6985908649173955,0.3638837078236893,0.23809523809523808,0.0163265306122449
AEEEM,pde,Dummy,1434,19,0.14574616457461645,3,2,0.15217391304347827,0.16666666666666666,0.1590909090909091,0.37434750489587704,0.7421602787456446,0.5037414965986395,0.007209341541742552,0.16666666666666666,0.15918367346938775
AEEEM,pde,LogisticRegression,1434,19,0.14574616457461645,3,2,0.42105263157894735,0.5714285714285714,0.48484848484848486,0.7031789540361806,0.8222996515679443,0.794460641399417,0.38692254424731143,0.5714285714285714,0.1346938775510204
AEEEM,pde,GaussianNB,1434,19,0.14574616457461645,3,2,0.6842105263157895,0.30952380952380953,0.4262295081967213,0.5494939804917756,0.8780487804878049,0.7335276967930029,0.40519136176795184,0.30952380952380953,0.024489795918367346
AEEEM,pde,DecisionTree,1434,19,0.14574616457461645,3,2,0.288135593220339,0.40476190476190477,0.33663366336633666,0.5791149710203182,0.7665505226480837,0.6235665694849368,0.20407558182311195,0.40476190476190477,0.17142857142857143
AEEEM,pde,RandomForest,1434,19,0.14574616457461645,3,2,0.7857142857142857,0.2619047619047619,0.39285714285714285,0.5086234017622604,0.8815331010452961,0.7642371234207969,0.40964822322482813,0.2619047619047619,0.012244897959183673
AEEEM,pde,KNN,1434,19,0.14574616457461645,3,2,0.5882352941176471,0.23809523809523808,0.3389830508474576,0.4809288065886704,0.8641114982578397,0.6056851311953353,0.31371459676076563,0.23809523809523808,0.02857142857142857
AEEEM,pde,Dummy,1434,19,0.14574616457461645,3,3,0.043478260869565216,0.047619047619047616,0.045454545454545456,0.19765387776005305,0.7073170731707317,0.43401360544217693,-0.1271465690089141,0.047619047619047616,0.17959183673469387
AEEEM,pde,LogisticRegression,1434,19,0.14574616457461645,3,3,0.3584905660377358,0.4523809523809524,0.4,0.6241807069332385,0.8013937282229965,0.7573372206025267,0.2856573575802811,0.4523809523809524,0.13877551020408163
AEEEM,pde,GaussianNB,1434,19,0.14574616457461645,3,3,0.625,0.35714285714285715,0.45454545454545453,0.5865350148244863,0.8745644599303136,0.7757045675413022,0.40909838464795284,0.35714285714285715,0.036734693877551024
AEEEM,pde,DecisionTree,1434,19,0.14574616457461645,3,3,0.4,0.42857142857142855,0.41379310344827586,0.6175282243523126,0.8222996515679443,0.6588921282798834,0.3094726443346801,0.42857142857142855,0.11020408163265306
AEEEM,pde,RandomForest,1434,19,0.14574616457461645,3,3,0.6666666666666666,0.3333333333333333,0.4444444444444444,0.5690426379538917,0.8780487804878049,0.8095724003887269,0.41363559164239005,0.3333333333333333,0.02857142857142857
AEEEM,pde,KNN,1434,19,0.14574616457461645,3,3,0.6842105263157895,0.30952380952380953,0.4262295081967213,0.5494939804917756,0.8780487804878049,0.6852283770651117,0.40519136176795184,0.30952380952380953,0.024489795918367346
AEEEM,pde,Dummy,1434,19,0.14574616457461645,3,4,0.10869565217391304,0.11904761904761904,0.11363636363636363,0.31484180858247984,0.7282229965156795,0.47585034013605443,-0.04653302267852011,0.11904761904761904,0.1673469387755102
AEEEM,pde,LogisticRegression,1434,19,0.14574616457461645,3,4,0.39285714285714285,0.5238095238095238,0.4489795918367347,0.6716528790179493,0.8118466898954704,0.7447035957240039,0.3434051313734477,0.5238095238095238,0.13877551020408163
AEEEM,pde,GaussianNB,1434,19,0.14574616457461645,3,4,0.5769230769230769,0.35714285714285715,0.4411764705882353,0.584044409030783,0.867595818815331,0.7375607385811468,0.3844997931644947,0.35714285714285715,0.044897959183673466
AEEEM,pde,DecisionTree,1434,19,0.14574616457461645,3,4,0.3541666666666667,0.40476190476190477,0.37777777777777777,0.5945982956071855,0.8048780487804879,0.6465986394557823,0.263508173966629,0.40476190476190477,0.12653061224489795
AEEEM,pde,RandomForest,1434,19,0.14574616457461645,3,4,0.6363636363636364,0.3333333333333333,0.4375,0.5678459118386225,0.8745644599303136,0.7528668610301265,0.39946464214835997,0.3333333333333333,0.0326530612244898
AEEEM,pde,KNN,1434,19,0.14574616457461645,3,4,0.7,0.3333333333333333,0.45161290322580644,0.5702368525684839,0.8815331010452961,0.7187074829931972,0.4287218094170223,0.3333333333333333,0.024489795918367346
AEEEM,pde,Dummy,1434,19,0.14574616457461645,3,5,0.10869565217391304,0.12195121951219512,0.11494252873563218,0.3186582122696495,0.7307692307692307,0.4773021403683425,-0.043301738744158554,0.12195121951219512,0.1673469387755102
AEEEM,pde,LogisticRegression,1434,19,0.14574616457461645,3,5,0.45614035087719296,0.6341463414634146,0.5306122448979592,0.7442495660900225,0.8391608391608392,0.8323544051767048,0.44530223246848544,0.6341463414634146,0.12653061224489795
AEEEM,pde,GaussianNB,1434,19,0.14574616457461645,3,5,0.6097560975609756,0.6097560975609756,0.6097560975609756,0.754940587854201,0.8881118881118881,0.8157292185166749,0.544449975111996,0.6097560975609756,0.0653061224489796
AEEEM,pde,DecisionTree,1434,19,0.14574616457461645,3,5,0.4528301886792453,0.5853658536585366,0.5106382978723404,0.7183854470772804,0.8391608391608392,0.7372324539571927,0.4211866207386243,0.5853658536585366,0.11836734693877551
AEEEM,pde,RandomForest,1434,19,0.14574616457461645,3,5,0.8421052631578947,0.3902439024390244,0.5333333333333333,0.6208586036083135,0.9020979020979021,0.8380786460925833,0.5319039254672316,0.3902439024390244,0.012244897959183673
AEEEM,pde,KNN,1434,19,0.14574616457461645,3,5,0.8181818181818182,0.43902439024390244,0.5714285714285714,0.6571580061880576,0.9055944055944056,0.7506719761075162,0.5558936529974421,0.43902439024390244,0.0163265306122449
BugHunter,full_Android-Universal-Image-Loader_file,Dummy,160,6,0.4375,1,1,0.6666666666666666,0.5714285714285714,0.6153846153846154,0.6666666666666666,0.6875,0.6746031746031746,0.3578300267477955,0.5714285714285714,0.2222222222222222
BugHunter,full_Android-Universal-Image-Loader_file,LogisticRegression,160,6,0.4375,1,1,0.42857142857142855,0.42857142857142855,0.42857142857142855,0.4879500364742666,0.5,0.4484126984126984,-0.015873015873015872,0.42857142857142855,0.4444444444444444
BugHunter,full_Android-Universal-Image-Loader_file,GaussianNB,160,6,0.4375,1,1,0.3333333333333333,0.21428571428571427,0.2608695652173913,0.3779644730092272,0.46875,0.47619047619047616,-0.13135173437318345,0.21428571428571427,0.3333333333333333
BugHunter,full_Android-Universal-Image-Loader_file,DecisionTree,160,6,0.4375,1,1,0.35714285714285715,0.35714285714285715,0.35714285714285715,0.4225771273642583,0.4375,0.39880952380952384,-0.14285714285714285,0.35714285714285715,0.5
BugHunter,full_Android-Universal-Image-Loader_file,RandomForest,160,6,0.4375,1,1,0.16666666666666666,0.14285714285714285,0.15384615384615385,0.25197631533948484,0.3125,0.3333333333333333,-0.42289003161103106,0.14285714285714285,0.5555555555555556
BugHunter,full_Android-Universal-Image-Loader_file,KNN,160,6,0.4375,1,1,0.25,0.21428571428571427,0.23076923076923078,0.32732683535398854,0.375,0.26190476190476186,-0.29277002188455997,0.21428571428571427,0.5
BugHunter,full_Android-Universal-Image-Loader_file,Dummy,160,6,0.4375,1,2,0.5833333333333334,0.5,0.5384615384615384,0.6009252125773316,0.625,0.611111111111111,0.2277100170213244,0.5,0.2777777777777778
BugHunter,full_Android-Universal-Image-Loader_file,LogisticRegression,160,6,0.4375,1,2,0.46153846153846156,0.42857142857142855,0.4444444444444444,0.511766315719159,0.53125,0.5396825396825397,0.040082172520323485,0.42857142857142855,0.3888888888888889
BugHunter,full_Android-Universal-Image-Loader_file,GaussianNB,160,6,0.4375,1,2,0.25,0.14285714285714285,0.18181818181818182,0.3086066999241838,0.4375,0.5952380952380952,-0.21821789023599236,0.14285714285714285,0.3333333333333333
BugHunter,full_Android-Universal-Image-Loader_file,DecisionTree,160,6,0.4375,1,2,0.21428571428571427,0.21428571428571427,0.21428571428571427,0.28867513459481287,0.3125,0.27182539682539686,-0.3968253968253968,0.21428571428571427,0.6111111111111112
BugHunter,full_Android-Universal-Image-Loader_file,RandomForest,160,6,0.4375,1,2,0.14285714285714285,0.14285714285714285,0.14285714285714285,0.21821789023599236,0.25,0.21031746031746035,-0.5238095238095238,0.14285714285714285,0.6666666666666666
BugHunter,full_Android-Universal-Image-Loader_file,KNN,160,6,0.4375,1,2,0.15384615384615385,0.14285714285714285,0.14814814814814814,0.23570226039551584,0.28125,0.2202380952380952,-0.4729696357398171,0.14285714285714285,0.6111111111111112
BugHunter,full_Android-Universal-Image-Loader_file,Dummy,160,6,0.4375,1,3,0.5,0.42857142857142855,0.46153846153846156,0.5345224838248488,0.5625,0.5476190476190477,0.09759000729485331,0.42857142857142855,0.3333333333333333
BugHunter,full_Android-Universal-Image-Loader_file,LogisticRegression,160,6,0.4375,1,3,0.375,0.21428571428571427,0.2727272727272727,0.39339789623472154,0.5,0.4186507936507936,-0.07273929674533079,0.21428571428571427,0.2777777777777778
BugHunter,full_Android-Universal-Image-Loader_file,GaussianNB,160,6,0.4375,1,3,0.4,0.14285714285714285,0.21052631578947367,0.3450327796711771,0.53125,0.4662698412698413,-0.03253000243161777,0.14285714285714285,0.16666666666666666
BugHunter,full_Android-Universal-Image-Loader_file,DecisionTree,160,6,0.4375,1,3,0.25,0.35714285714285715,0.29411764705882354,0.2439750182371333,0.25,0.15079365079365079,-0.4879500364742666,0.35714285714285715,0.8333333333333334
BugHunter,full_Android-Universal-Image-Loader_file,RandomForest,160,6,0.4375,1,3,0.08333333333333333,0.07142857142857142,0.07692307692307693,0.16666666666666666,0.25,0.12896825396825398,-0.5530100413375021,0.07142857142857142,0.6111111111111112
BugHunter,full_Android-Universal-Image-Loader_file,KNN,160,6,0.4375,1,3,0.25,0.14285714285714285,0.18181818181818182,0.3086066999241838,0.4375,0.4206349206349206,-0.21821789023599236,0.14285714285714285,0.3333333333333333
BugHunter,full_Android-Universal-Image-Loader_file,Dummy,160,6,0.4375,1,4,0.5,0.42857142857142855,0.46153846153846156,0.5345224838248488,0.5625,0.5476190476190477,0.09759000729485331,0.42857142857142855,0.3333333333333333
BugHunter,full_Android-Universal-Image-Loader_file,LogisticRegression,160,6,0.4375,1,4,0.3,0.21428571428571427,0.25,0.36187343222787294,0.4375,0.376984126984127,-0.1868706368604627,0.21428571428571427,0.3888888888888889
BugHunter,full_Android-Universal-Image-Loader_file,GaussianNB,160,6,0.4375,1,4,0.3333333333333333,0.21428571428571427,0.2608695652173913,0.3779644730092272,0.46875,0.4087301587301587,-0.13135173437318345,0.21428571428571427,0.3333333333333333
BugHunter,full_Android-Universal-Image-Loader_file,DecisionTree,160,6,0.4375,1,4,0.3157894736842105,0.42857142857142855,0.36363636363636365,0.3450327796711771,0.34375,0.29563492063492064,-0.2966080766503938,0.42857142857142855,0.7222222222222222
BugHunter,full_Android-Universal-Image-Loader_file,RandomForest,160,6,0.4375,1,4,0.23076923076923078,0.21428571428571427,0.2222222222222222,0.3086066999241838,0.34375,0.32738095238095233,-0.34470668367478197,0.21428571428571427,0.5555555555555556
BugHunter,full_Android-Universal-Image-Loader_file,KNN,160,6,0.4375,1,4,0.38461538461538464,0.35714285714285715,0.37037037037037035,0.445435403187374,0.46875,0.40476190476190477,-0.08818077954471167,0.35714285714285715,0.4444444444444444
BugHunter,full_Android-Universal-Image-Loader_file,Dummy,160,6,0.4375,1,5,0.5,0.42857142857142855,0.46153846153846156,0.5345224838248488,0.5625,0.5476190476190477,0.09759000729485331,0.42857142857142855,0.3333333333333333
BugHunter,full_Android-Universal-Image-Loader_file,LogisticRegression,160,6,0.4375,1,5,0.47368421052631576,0.6428571428571429,0.5454545454545454,0.5345224838248488,0.53125,0.48015873015873023,0.08818077954471167,0.6428571428571429,0.5555555555555556
BugHunter,full_Android-Universal-Image-Loader_file,GaussianNB,160,6,0.4375,1,5,0.5,0.14285714285714285,0.2222222222222222,0.3563483225498992,0.5625,0.5595238095238095,0.047619047619047616,0.14285714285714285,0.1111111111111111
BugHunter,full_Android-Universal-Image-Loader_file,DecisionTree,160,6,0.4375,1,5,0.26666666666666666,0.2857142857142857,0.27586206896551724,0.3333333333333333,0.34375,0.3015873015873016,-0.3234770633596198,0.2857142857142857,0.6111111111111112
BugHunter,full_Android-Universal-Image-Loader_file,RandomForest,160,6,0.4375,1,5,0.23529411764705882,0.2857142857142857,0.25806451612903225,0.2817180849095055,0.28125,0.21825396825396826,-0.43393264597022163,0.2857142857142857,0.7222222222222222
BugHunter,full_Android-Universal-Image-Loader_file,KNN,160,6,0.4375,1,5,0.15384615384615385,0.14285714285714285,0.14814814814814814,0.23570226039551584,0.28125,0.23214285714285715,-0.4729696357398171,0.14285714285714285,0.6111111111111112
BugHunter,full_Android-Universal-Image-Loader_file,Dummy,160,6,0.4375,2,1,0.3333333333333333,0.2857142857142857,0.3076923076923077,0.3984095364447979,0.4375,0.42063492063492064,-0.16265001215808886,0.2857142857142857,0.4444444444444444
BugHunter,full_Android-Universal-Image-Loader_file,LogisticRegression,160,6,0.4375,2,1,0.36363636363636365,0.2857142857142857,0.32,0.4178554470186725,0.46875,0.4662698412698413,-0.10776235844876533,0.2857142857142857,0.3888888888888889
BugHunter,full_Android-Universal-Image-Loader_file,GaussianNB,160,6,0.4375,2,1,0.6666666666666666,0.14285714285714285,0.23529411764705882,0.36731544334622646,0.59375,0.5337301587301587,0.14858083138673644,0.14285714285714285,0.05555555555555555
BugHunter,full_Android-Universal-Image-Loader_file,DecisionTree,160,6,0.4375,2,1,0.35294117647058826,0.42857142857142855,0.3870967741935484,0.408248290463863,0.40625,0.3888888888888889,-0.1814627428602745,0.42857142857142855,0.6111111111111112
BugHunter,full_Android-Universal-Image-Loader_file,RandomForest,160,6,0.4375,2,1,0.1111111111111111,0.07142857142857142,0.08695652173913043,0.19920476822239894,0.34375,0.3551587301587302,-0.41156876770264145,0.07142857142857142,0.4444444444444444
BugHunter,full_Android-Universal-Image-Loader_file,KNN,160,6,0.4375,2,1,0.25,0.14285714285714285,0.18181818181818182,0.3086066999241838,0.4375,0.36706349206349204,-0.21821789023599236,0.14285714285714285,0.3333333333333333
BugHunter,full_Android-Universal-Image-Loader_file,Dummy,160,6,0.4375,2,2,0.5833333333333334,0.5,0.5384615384615384,0.6009252125773316,0.625,0.611111111111111,0.2277100170213244,0.5,0.2777777777777778
BugHunter,full_Android-Universal-Image-Loader_file,LogisticRegression,160,6,0.4375,2,2,0.42105263157894735,0.5714285714285714,0.48484848484848486,0.4714045207910317,0.46875,0.4107142857142857,-0.040082172520323485,0.5714285714285714,0.6111111111111112
BugHunter,full_Android-Universal-Image-Loader_file,GaussianNB,160,6,0.4375,2,2,0.35714285714285715,0.35714285714285715,0.35714285714285715,0.4225771273642583,0.4375,0.45833333333333337,-0.14285714285714285,0.35714285714285715,0.5
BugHunter,full_Android-Universal-Image-Loader_file,DecisionTree,160,6,0.4375,2,2,0.34782608695652173,0.5714285714285714,0.43243243243243246,0.3086066999241838,0.34375,0.3134920634920635,-0.2889738156210036,0.5714285714285714,0.8333333333333334
BugHunter,full_Android-Universal-Image-Loader_file,RandomForest,160,6,0.4375,2,2,0.2222222222222222,0.2857142857142857,0.25,0.25197631533948484,0.25,0.1765873015873016,-0.49206349206349204,0.2857142857142857,0.7777777777777778
BugHunter,full_Android-Universal-Image-Loader_file,KNN,160,6,0.4375,2,2,0.3076923076923077,0.2857142857142857,0.2962962962962963,0.3779644730092272,0.40625,0.33333333333333337,-0.2164437316097468,0.2857142857142857,0.5
BugHunter,full_Android-Universal-Image-Loader_file,Dummy,160,6,0.4375,2,3,0.75,0.6428571428571429,0.6923076923076923,0.7319250547113999,0.75,0.7380952380952381,0.4879500364742666,0.6428571428571429,0.16666666666666666
BugHunter,full_Android-Universal-Image-Loader_file,LogisticRegression,160,6,0.4375,2,3,0.3125,0.35714285714285715,0.3333333333333333,0.37267799624996495,0.375,0.373015873015873,-0.2519763153394848,0.35714285714285715,0.6111111111111112
BugHunter,full_Android-Universal-Image-Loader_file,GaussianNB,160,6,0.4375,2,3,0.2222222222222222,0.14285714285714285,0.17391304347826086,0.29546842014263947,0.40625,0.40476190476190477,-0.27146025103791244,0.14285714285714285,0.3888888888888889
BugHunter,full_Android-Universal-Image-Loader_file,DecisionTree,160,6,0.4375,2,3,0.2631578947368421,0.35714285714285715,0.30303030303030304,0.2817180849095055,0.28125,0.29563492063492064,-0.4248710287154289,0.35714285714285715,0.7777777777777778
BugHunter,full_Android-Universal-Image-Loader_file,RandomForest,160,6,0.4375,2,3,0.2857142857142857,0.2857142857142857,0.2857142857142857,0.3563483225498992,0.375,0.30357142857142855,-0.2698412698412698,0.2857142857142857,0.5555555555555556
BugHunter,full_Android-Universal-Image-Loader_file,KNN,160,6,0.4375,2,3,0.25,0.2857142857142857,0.26666666666666666,0.3086066999241838,0.3125,0.30158730158730157,-0.3779644730092272,0.2857142857142857,0.6666666666666666
BugHunter,full_Android-Universal-Image-Loader_file,Dummy,160,6,0.4375,2,4,0.6666666666666666,0.5714285714285714,0.6153846153846154,0.6666666666666666,0.6875,0.6746031746031746,0.3578300267477955,0.5714285714285714,0.2222222222222222
BugHunter,full_Android-Universal-Image-Loader_file,LogisticRegression,160,6,0.4375,2,4,0.375,0.42857142857142855,0.4,0.4364357804719847,0.4375,0.41071428571428575,-0.1259881576697424,0.42857142857142855,0.5555555555555556
BugHunter,full_Android-Universal-Image-Loader_file,GaussianNB,160,6,0.4375,2,4,0.6,0.21428571428571427,0.3157894736842105,0.4364357804719847,0.59375,0.4464285714285715,0.14096334387034368,0.21428571428571427,0.1111111111111111
BugHunter,full_Android-Universal-Image-Loader_file,DecisionTree,160,6,0.4375,2,4,0.3181818181818182,0.5,0.3888888888888889,0.28867513459481287,0.3125,0.3333333333333333,-0.3567530340063379,0.5,0.8333333333333334
BugHunter,full_Android-Universal-Image-Loader_file,RandomForest,160,6,0.4375,2,4,0.2631578947368421,0.35714285714285715,0.30303030303030304,0.2817180849095055,0.28125,0.2638888888888889,-0.4248710287154289,0.35714285714285715,0.7777777777777778
BugHunter,full_Android-Universal-Image-Loader_file,KNN,160,6,0.4375,2,4,0.3333333333333333,0.35714285714285715,0.3448275862068966,0.3984095364447979,0.40625,0.30753968253968256,-0.1972421118046462,0.35714285714285715,0.5555555555555556
BugHunter,full_Android-Universal-Image-Loader_file,Dummy,160,6,0.4375,2,5,0.6666666666666666,0.5714285714285714,0.6153846153846154,0.6666666666666666,0.6875,0.6746031746031746,0.3578300267477955,0.5714285714285714,0.2222222222222222
BugHunter,full_Android-Universal-Image-Loader_file,LogisticRegression,160,6,0.4375,2,5,0.45454545454545453,0.35714285714285715,0.4,0.4879500364742666,0.53125,0.4801587301587301,0.02486823656509969,0.35714285714285715,0.3333333333333333
BugHunter,full_Android-Universal-Image-Loader_file,GaussianNB,160,6,0.4375,2,5,0.5,0.2857142857142857,0.36363636363636365,0.4714045207910317,0.5625,0.5634920634920635,0.07273929674533079,0.2857142857142857,0.2222222222222222
BugHunter,full_Android-Universal-Image-Loader_file,DecisionTree,160,6,0.4375,2,5,0.25,0.21428571428571427,0.23076923076923078,0.32732683535398854,0.375,0.35912698412698413,-0.29277002188455997,0.21428571428571427,0.5
BugHunter,full_Android-Universal-Image-Loader_file,RandomForest,160,6,0.4375,2,5,0.38461538461538464,0.35714285714285715,0.37037037037037035,0.445435403187374,0.46875,0.35714285714285715,-0.08818077954471167,0.35714285714285715,0.4444444444444444
BugHunter,full_Android-Universal-Image-Loader_file,KNN,160,6,0.4375,2,5,0.42857142857142855,0.42857142857142855,0.42857142857142855,0.4879500364742666,0.5,0.4325396825396825,-0.015873015873015872,0.42857142857142855,0.4444444444444444
BugHunter,full_Android-Universal-Image-Loader_file,Dummy,160,6,0.4375,3,1,0.5,0.42857142857142855,0.46153846153846156,0.5345224838248488,0.5625,0.5476190476190477,0.09759000729485331,0.42857142857142855,0.3333333333333333
BugHunter,full_Android-Universal-Image-Loader_file,LogisticRegression,160,6,0.4375,3,1,0.4,0.5714285714285714,0.47058823529411764,0.4364357804719847,0.4375,0.4226190476190476,-0.09759000729485331,0.5714285714285714,0.6666666666666666
BugHunter,full_Android-Universal-Image-Loader_file,GaussianNB,160,6,0.4375,3,1,0.4166666666666667,0.35714285714285715,0.38461538461538464,0.46717659215115676,0.5,0.5376984126984127,-0.03253000243161777,0.35714285714285715,0.3888888888888889
BugHunter,full_Android-Universal-Image-Loader_file,DecisionTree,160,6,0.4375,3,1,0.17647058823529413,0.21428571428571427,0.1935483870967742,0.21821789023599236,0.21875,0.2222222222222222,-0.5601675975251952,0.21428571428571427,0.7777777777777778
BugHunter,full_Android-Universal-Image-Loader_file,RandomForest,160,6,0.4375,3,1,0.18181818181818182,0.14285714285714285,0.16,0.2672612419124244,0.34375,0.2103174603174603,-0.3730235484764954,0.14285714285714285,0.5
BugHunter,full_Android-Universal-Image-Loader_file,KNN,160,6,0.4375,3,1,0.18181818181818182,0.14285714285714285,0.16,0.2672612419124244,0.34375,0.25,-0.3730235484764954,0.14285714285714285,0.5
BugHunter,full_Android-Universal-Image-Loader_file,Dummy,160,6,0.4375,3,2,0.5833333333333334,0.5,0.5384615384615384,0.6009252125773316,0.625,0.611111111111111,0.2277100170213244,0.5,0.2777777777777778
BugHunter,full_Android-Universal-Image-Loader_file,LogisticRegression,160,6,0.4375,3,2,0.36363636363636365,0.2857142857142857,0.32,0.4178554470186725,0.46875,0.49404761904761907,-0.10776235844876533,0.2857142857142857,0.3888888888888889
BugHunter,full_Android-Universal-Image-Loader_file,GaussianNB,160,6,0.4375,3,2,0.2,0.07142857142857142,0.10526315789473684,0.23570226039551584,0.46875,0.5059523809523809,-0.20602334873357925,0.07142857142857142,0.2222222222222222
BugHunter,full_Android-Universal-Image-Loader_file,DecisionTree,160,6,0.4375,3,2,0.17647058823529413,0.21428571428571427,0.1935483870967742,0.21821789023599236,0.21875,0.18253968253968253,-0.5601675975251952,0.21428571428571427,0.7777777777777778
BugHunter,full_Android-Universal-Image-Loader_file,RandomForest,160,6,0.4375,3,2,0.1875,0.21428571428571427,0.2,0.2439750182371333,0.25,0.16468253968253968,-0.5039526306789696,0.21428571428571427,0.7222222222222222
BugHunter,full_Android-Universal-Image-Loader_file,KNN,160,6,0.4375,3,2,0.16666666666666666,0.14285714285714285,0.15384615384615385,0.25197631533948484,0.3125,0.28174603174603174,-0.42289003161103106,0.14285714285714285,0.5555555555555556
BugHunter,full_Android-Universal-Image-Loader_file,Dummy,160,6,0.4375,3,3,0.5833333333333334,0.5,0.5384615384615384,0.6009252125773316,0.625,0.611111111111111,0.2277100170213244,0.5,0.2777777777777778
BugHunter,full_Android-Universal-Image-Loader_file,LogisticRegression,160,6,0.4375,3,3,0.4117647058823529,0.5,0.45161290322580644,0.4714045207910317,0.46875,0.5178571428571429,-0.055227791305300936,0.5,0.5555555555555556
BugHunter,full_Android-Universal-Image-Loader_file,GaussianNB,160,6,0.4375,3,3,0.5,0.5,0.5,0.5527707983925667,0.5625,0.5337301587301586,0.1111111111111111,0.5,0.3888888888888889
BugHunter,full_Android-Universal-Image-Loader_file,DecisionTree,160,6,0.4375,3,3,0.18181818181818182,0.14285714285714285,0.16,0.2672612419124244,0.34375,0.3670634920634921,-0.3730235484764954,0.14285714285714285,0.5
BugHunter,full_Android-Universal-Image-Loader_file,RandomForest,160,6,0.4375,3,3,0.21428571428571427,0.21428571428571427,0.21428571428571427,0.28867513459481287,0.3125,0.2698412698412699,-0.3968253968253968,0.21428571428571427,0.6111111111111112
BugHunter,full_Android-Universal-Image-Loader_file,KNN,160,6,0.4375,3,3,0.3125,0.35714285714285715,0.3333333333333333,0.37267799624996495,0.375,0.3273809523809524,-0.2519763153394848,0.35714285714285715,0.6111111111111112
BugHunter,full_Android-Universal-Image-Loader_file,Dummy,160,6,0.4375,3,4,0.6666666666666666,0.5714285714285714,0.6153846153846154,0.6666666666666666,0.6875,0.6746031746031746,0.3578300267477955,0.5714285714285714,0.2222222222222222
BugHunter,full_Android-Universal-Image-Loader_file,LogisticRegression,160,6,0.4375,3,4,0.2222222222222222,0.14285714285714285,0.17391304347826086,0.29546842014263947,0.40625,0.3591269841269842,-0.27146025103791244,0.14285714285714285,0.3888888888888889
BugHunter,full_Android-Universal-Image-Loader_file,GaussianNB,160,6,0.4375,3,4,0.42857142857142855,0.42857142857142855,0.42857142857142855,0.4879500364742666,0.5,0.4900793650793651,-0.015873015873015872,0.42857142857142855,0.4444444444444444
BugHunter,full_Android-Universal-Image-Loader_file,DecisionTree,160,6,0.4375,3,4,0.47058823529411764,0.5714285714285714,0.5161290322580645,0.5345224838248488,0.53125,0.5535714285714286,0.07100716024967263,0.5714285714285714,0.5
BugHunter,full_Android-Universal-Image-Loader_file,RandomForest,160,6,0.4375,3,4,0.35714285714285715,0.35714285714285715,0.35714285714285715,0.4225771273642583,0.4375,0.4424603174603175,-0.14285714285714285,0.35714285714285715,0.5
BugHunter,full_Android-Universal-Image-Loader_file,KNN,160,6,0.4375,3,4,0.5,0.2857142857142857,0.36363636363636365,0.4714045207910317,0.5625,0.4345238095238095,0.07273929674533079,0.2857142857142857,0.2222222222222222
BugHunter,full_Android-Universal-Image-Loader_file,Dummy,160,6,0.4375,3,5,0.5833333333333334,0.5,0.5384615384615384,0.6009252125773316,0.625,0.611111111111111,0.2277100170213244,0.5,0.2777777777777778
BugHunter,full_Android-Universal-Image-Loader_file,LogisticRegression,160,6,0.4375,3,5,0.5,0.2857142857142857,0.36363636363636365,0.4714045207910317,0.5625,0.4801587301587301,0.07273929674533079,0.2857142857142857,0.2222222222222222
BugHunter,full_Android-Universal-Image-Loader_file,GaussianNB,160,6,0.4375,3,5,0.5,0.21428571428571427,0.3,0.4225771273642583,0.5625,0.3968253968253968,0.060522753266880246,0.21428571428571427,0.16666666666666666
BugHunter,full_Android-Universal-Image-Loader_file,DecisionTree,160,6,0.4375,3,5,0.375,0.42857142857142855,0.4,0.4364357804719847,0.4375,0.4226190476190476,-0.1259881576697424,0.42857142857142855,0.5555555555555556
BugHunter,full_Android-Universal-Image-Loader_file,RandomForest,160,6,0.4375,3,5,0.3333333333333333,0.21428571428571427,0.2608695652173913,0.3779644730092272,0.46875,0.4285714285714286,-0.13135173437318345,0.21428571428571427,0.3333333333333333
BugHunter,full_Android-Universal-Image-Loader_file,KNN,160,6,0.4375,3,5,0.4,0.2857142857142857,0.3333333333333333,0.4364357804719847,0.5,0.4821428571428571,-0.050964719143762556,0.2857142857142857,0.3333333333333333
BugHunter,full_BroadleafCommerce_file,Dummy,2888,6,0.45394736842105265,1,1,0.463768115942029,0.48854961832061067,0.4758364312267658,0.509642266810572,0.5121107266435986,0.5100975939704319,0.02012723297455159,0.48854961832061067,0.46835443037974683
BugHunter,full_BroadleafCommerce_file,LogisticRegression,2888,6,0.45394736842105265,1,1,0.6102564102564103,0.4541984732824427,0.5207877461706784,0.5873336920219491,0.6211072664359861,0.6807300222243695,0.22499146888617724,0.4541984732824427,0.24050632911392406
BugHunter,full_BroadleafCommerce_file,GaussianNB,2888,6,0.45394736842105265,1,1,0.6917293233082706,0.3511450381679389,0.46582278481012657,0.5527975042310919,0.6349480968858131,0.6218052468837568,0.2618559532856571,0.3511450381679389,0.12974683544303797
BugHunter,full_BroadleafCommerce_file,DecisionTree,2888,6,0.45394736842105265,1,1,0.5079365079365079,0.6106870229007634,0.5545927209705372,0.5578002985479652,0.5553633217993079,0.5872125326118466,0.12014224490139555,0.6106870229007634,0.49050632911392406
BugHunter,full_BroadleafCommerce_file,RandomForest,2888,6,0.45394736842105265,1,1,0.5258964143426295,0.5038167938931297,0.5146198830409356,0.5604358283620491,0.5692041522491349,0.6116593390665765,0.1277875047605721,0.5038167938931297,0.37658227848101267
BugHunter,full_BroadleafCommerce_file,KNN,2888,6,0.45394736842105265,1,1,0.5643939393939394,0.5687022900763359,0.5665399239543726,0.6014464640078473,0.6055363321799307,0.6439994202338389,0.20464974337126837,0.5687022900763359,0.3639240506329114
BugHunter,full_BroadleafCommerce_file,Dummy,2888,6,0.45394736842105265,1,2,0.4601449275362319,0.4847328244274809,0.4721189591078067,0.5061344622944758,0.5086505190311419,0.5066069185428543,0.013169373728564257,0.4847328244274809,0.47151898734177217
BugHunter,full_BroadleafCommerce_file,LogisticRegression,2888,6,0.45394736842105265,1,2,0.6035502958579881,0.3893129770992366,0.4733178654292343,0.5538671049353462,0.6072664359861591,0.6656561020388443,0.19402946673780447,0.3893129770992366,0.2120253164556962
BugHunter,full_BroadleafCommerce_file,GaussianNB,2888,6,0.45394736842105265,1,2,0.6585365853658537,0.30916030534351147,0.42077922077922075,0.5177541681956127,0.6141868512110726,0.617318098366992,0.21436919642002294,0.30916030534351147,0.13291139240506328
BugHunter,full_BroadleafCommerce_file,DecisionTree,2888,6,0.45394736842105265,1,2,0.5016611295681063,0.5763358778625954,0.5364120781527532,0.5502351503215132,0.5484429065743944,0.57654725094212,0.10129509300127162,0.5763358778625954,0.47468354430379744
BugHunter,full_BroadleafCommerce_file,RandomForest,2888,6,0.45394736842105265,1,2,0.570281124497992,0.5419847328244275,0.5557729941291585,0.5987191210829443,0.6072664359861591,0.6380024640061842,0.20445545189142056,0.5419847328244275,0.33860759493670883
BugHunter,full_BroadleafCommerce_file,KNN,2888,6,0.45394736842105265,1,2,0.5748987854251012,0.5419847328244275,0.5579567779960707,0.6015769851560774,0.610726643598616,0.6511136341675524,0.21102946183053345,0.5419847328244275,0.3322784810126582
BugHunter,full_BroadleafCommerce_file,Dummy,2888,6,0.45394736842105265,1,3,0.4384057971014493,0.4600760456273764,0.4489795918367347,0.4834143357423392,0.486159169550173,0.4840062767819422,-0.03189001402818224,0.4600760456273764,0.49206349206349204
BugHunter,full_BroadleafCommerce_file,LogisticRegression,2888,6,0.45394736842105265,1,3,0.6631016042780749,0.4714828897338403,0.5511111111111111,0.6141549574717053,0.6505190311418685,0.6830345826543546,0.28897909886529444,0.4714828897338403,0.2
BugHunter,full_BroadleafCommerce_file,GaussianNB,2888,6,0.45394736842105265,1,3,0.7304347826086957,0.3193916349809886,0.4444444444444444,0.5366185258934563,0.6366782006920415,0.6782183595871809,0.2756415064091602,0.3193916349809886,0.09841269841269841
BugHunter,full_BroadleafCommerce_file,DecisionTree,2888,6,0.45394736842105265,1,3,0.4953271028037383,0.6045627376425855,0.5445205479452054,0.5418899872516021,0.5397923875432526,0.5690204598949846,0.09046723234988238,0.6045627376425855,0.5142857142857142
BugHunter,full_BroadleafCommerce_file,RandomForest,2888,6,0.45394736842105265,1,3,0.5482625482625483,0.5399239543726235,0.5440613026819924,0.58256396328638,0.5882352941176471,0.6213712354396765,0.16872363858397357,0.5399239543726235,0.37142857142857144
BugHunter,full_BroadleafCommerce_file,KNN,2888,6,0.45394736842105265,1,3,0.5766129032258065,0.5437262357414449,0.5596868884540117,0.602066572034159,0.610726643598616,0.6328263624841572,0.21168077926221582,0.5437262357414449,0.3333333333333333
BugHunter,full_BroadleafCommerce_file,Dummy,2888,6,0.45394736842105265,1,4,0.44363636363636366,0.46564885496183206,0.4543761638733706,0.4893634170842471,0.49220103986135183,0.48996728462377315,-0.020002514389225897,0.46564885496183206,0.4857142857142857
BugHunter,full_BroadleafCommerce_file,LogisticRegression,2888,6,0.45394736842105265,1,4,0.6318681318681318,0.4389312977099237,0.5180180180180181,0.5878531342124225,0.6291161178509532,0.6740760935417424,0.24239709714890717,0.4389312977099237,0.2126984126984127
BugHunter,full_BroadleafCommerce_file,GaussianNB,2888,6,0.45394736842105265,1,4,0.7521367521367521,0.33587786259541985,0.46437994722955145,0.5522280087591209,0.6481802426343154,0.6285593117654187,0.3019210376344247,0.33587786259541985,0.09206349206349207
BugHunter,full_BroadleafCommerce_file,DecisionTree,2888,6,0.45394736842105265,1,4,0.5016501650165016,0.5801526717557252,0.5380530973451327,0.5495887009534304,0.5476603119584056,0.5825820913607174,0.10048850793375254,0.5801526717557252,0.4793650793650794
BugHunter,full_BroadleafCommerce_file,RandomForest,2888,6,0.45394736842105265,1,4,0.5635593220338984,0.5076335877862596,0.5341365461847389,0.5845044587136605,0.5979202772963604,0.6254392342178603,0.18294030601028513,0.5076335877862596,0.326984126984127
BugHunter,full_BroadleafCommerce_file,KNN,2888,6,0.45394736842105265,1,4,0.5684647302904564,0.5229007633587787,0.5447316103379721,0.5918281096139433,0.6031195840554593,0.633406034169393,0.1945826880075747,0.5229007633587787,0.33015873015873015
BugHunter,full_BroadleafCommerce_file,Dummy,2888,6,0.45394736842105265,1,5,0.4581818181818182,0.48091603053435117,0.4692737430167598,0.5034233948713716,0.5060658578856152,0.5039500787592391,0.007875386100105849,0.48091603053435117,0.473015873015873
BugHunter,full_BroadleafCommerce_file,LogisticRegression,2888,6,0.45394736842105265,1,5,0.5860215053763441,0.41603053435114506,0.48660714285714285,0.5606551359880279,0.6013864818024264,0.6237549981824791,0.1827860927472208,0.41603053435114506,0.24444444444444444
BugHunter,full_BroadleafCommerce_file,GaussianNB,2888,6,0.45394736842105265,1,5,0.6666666666666666,0.33587786259541985,0.4467005076142132,0.5375514763489618,0.6221837088388215,0.5829395371380104,0.2325560281763375,0.33587786259541985,0.13968253968253969
BugHunter,full_BroadleafCommerce_file,DecisionTree,2888,6,0.45394736842105265,1,5,0.46006389776357826,0.549618320610687,0.5008695652173913,0.5047214375800674,0.5025996533795494,0.5251726644856416,0.013102289949712022,0.549618320610687,0.5365079365079365
BugHunter,full_BroadleafCommerce_file,RandomForest,2888,6,0.45394736842105265,1,5,0.5450819672131147,0.5076335877862596,0.525691699604743,0.5733700207209805,0.584055459272097,0.614715860899067,0.15646884388617677,0.5076335877862596,0.3523809523809524
BugHunter,full_BroadleafCommerce_file,KNN,2888,6,0.45394736842105265,1,5,0.5836909871244635,0.5190839694656488,0.5494949494949495,0.599365551714958,0.6135181975736569,0.640748818611414,0.21425679558912128,0.5190839694656488,0.30793650793650795
BugHunter,full_BroadleafCommerce_file,Dummy,2888,6,0.45394736842105265,2,1,0.44565217391304346,0.46946564885496184,0.45724907063197023,0.4920986469856013,0.49480968858131485,0.49264421683254417,-0.01466206325538507,0.46946564885496184,0.48417721518987344
BugHunter,full_BroadleafCommerce_file,LogisticRegression,2888,6,0.45394736842105265,2,1,0.6193181818181818,0.41603053435114506,0.4977168949771689,0.5725570090830354,0.6193771626297578,0.6514880664798531,0.2206815888746119,0.41603053435114506,0.2120253164556962
BugHunter,full_BroadleafCommerce_file,GaussianNB,2888,6,0.45394736842105265,2,1,0.72,0.3435114503816794,0.46511627906976744,0.552688244915027,0.6418685121107266,0.6383104647792057,0.28143844345384234,0.3435114503816794,0.11075949367088607
BugHunter,full_BroadleafCommerce_file,DecisionTree,2888,6,0.45394736842105265,2,1,0.506578947368421,0.5877862595419847,0.5441696113074205,0.5556741802257179,0.5536332179930796,0.5632065900086964,0.1127600201587696,0.5877862595419847,0.47468354430379744
BugHunter,full_BroadleafCommerce_file,RandomForest,2888,6,0.45394736842105265,2,1,0.5402298850574713,0.5381679389312977,0.5391969407265774,0.5777545907954651,0.583044982698962,0.6192989660836795,0.15847375050917728,0.5381679389312977,0.379746835443038
BugHunter,full_BroadleafCommerce_file,KNN,2888,6,0.45394736842105265,2,1,0.5568627450980392,0.5419847328244275,0.5493230174081238,0.5900624853292298,0.596885813148789,0.6427613779109094,0.18486713880979247,0.5419847328244275,0.3575949367088608
BugHunter,full_BroadleafCommerce_file,Dummy,2888,6,0.45394736842105265,2,2,0.4492753623188406,0.4732824427480916,0.46096654275092935,0.49560830992757043,0.4982698961937716,0.4961348922601218,-0.007704204009397738,0.4732824427480916,0.4810126582278481
BugHunter,full_BroadleafCommerce_file,LogisticRegression,2888,6,0.45394736842105265,2,2,0.6384180790960452,0.4312977099236641,0.5148063781321185,0.5864693299759295,0.6314878892733564,0.6618030727606532,0.2470739555780724,0.4312977099236641,0.20253164556962025
BugHunter,full_BroadleafCommerce_file,GaussianNB,2888,6,0.45394736842105265,2,2,0.7522123893805309,0.3244274809160305,0.4533333333333333,0.5437653373475418,0.6453287197231834,0.6237559184462267,0.29601172504123135,0.3244274809160305,0.08860759493670886
BugHunter,full_BroadleafCommerce_file,DecisionTree,2888,6,0.45394736842105265,2,2,0.5053003533568905,0.5458015267175572,0.5247706422018349,0.5513535378878277,0.5519031141868512,0.5881002995458499,0.10233614863549757,0.5458015267175572,0.4430379746835443
BugHunter,full_BroadleafCommerce_file,RandomForest,2888,6,0.45394736842105265,2,2,0.543859649122807,0.4732824427480916,0.5061224489795918,0.5634878888059602,0.5813148788927336,0.6334851193352015,0.14684635719422484,0.4732824427480916,0.3291139240506329
BugHunter,full_BroadleafCommerce_file,KNN,2888,6,0.45394736842105265,2,2,0.5743801652892562,0.5305343511450382,0.5515873015873016,0.5980025210402946,0.6089965397923875,0.6353452024350179,0.20643846439128527,0.5305343511450382,0.3259493670886076
BugHunter,full_BroadleafCommerce_file,Dummy,2888,6,0.45394736842105265,2,3,0.45652173913043476,0.4790874524714829,0.4675324675324675,0.5009496684719986,0.5034602076124568,0.5014484881405034,0.002888152213873109,0.4790874524714829,0.47619047619047616
BugHunter,full_BroadleafCommerce_file,LogisticRegression,2888,6,0.45394736842105265,2,3,0.6040609137055838,0.4524714828897338,0.5173913043478261,0.5834645878044354,0.615916955017301,0.6559961373649587,0.2152180446893646,0.4524714828897338,0.24761904761904763
BugHunter,full_BroadleafCommerce_file,GaussianNB,2888,6,0.45394736842105265,2,3,0.6541353383458647,0.33079847908745247,0.4393939393939394,0.531499200000965,0.615916955017301,0.6018106101756292,0.2186004769060865,0.33079847908745247,0.14603174603174604
BugHunter,full_BroadleafCommerce_file,DecisionTree,2888,6,0.45394736842105265,2,3,0.4713375796178344,0.5627376425855514,0.512998266897747,0.5159300701514682,0.513840830449827,0.5303458265435452,0.03574251561446179,0.5627376425855514,0.526984126984127
BugHunter,full_BroadleafCommerce_file,RandomForest,2888,6,0.45394736842105265,2,3,0.5192307692307693,0.5133079847908745,0.5162523900573613,0.5564299956262161,0.5622837370242214,0.6117025771018166,0.11659875903271352,0.5133079847908745,0.3968253968253968
BugHunter,full_BroadleafCommerce_file,KNN,2888,6,0.45394736842105265,2,3,0.5346153846153846,0.5285171102661597,0.5315487571701721,0.5705255705401039,0.5761245674740484,0.6223610356690205,0.14453413010873772,0.5285171102661597,0.38412698412698415
BugHunter,full_BroadleafCommerce_file,Dummy,2888,6,0.45394736842105265,2,4,0.44363636363636366,0.46564885496183206,0.4543761638733706,0.4893634170842471,0.49220103986135183,0.48996728462377315,-0.020002514389225897,0.46564885496183206,0.4857142857142857
BugHunter,full_BroadleafCommerce_file,LogisticRegression,2888,6,0.45394736842105265,2,4,0.6440677966101694,0.4351145038167939,0.5193621867881549,0.5899928839006748,0.634315424610052,0.6767114988489034,0.25384505906588367,0.4351145038167939,0.2
BugHunter,full_BroadleafCommerce_file,GaussianNB,2888,6,0.45394736842105265,2,4,0.7241379310344828,0.32061068702290074,0.4444444444444444,0.5366942448621872,0.6360485268630849,0.649812189506846,0.272092739211566,0.32061068702290074,0.10158730158730159
BugHunter,full_BroadleafCommerce_file,DecisionTree,2888,6,0.45394736842105265,2,4,0.5051194539249146,0.5648854961832062,0.5333333333333333,0.5521402350942958,0.5511265164644714,0.5924451714528051,0.1041386379037748,0.5648854961832062,0.4603174603174603
BugHunter,full_BroadleafCommerce_file,RandomForest,2888,6,0.45394736842105265,2,4,0.5584415584415584,0.49236641221374045,0.5233265720081136,0.5770038810398119,0.5927209705372617,0.625639161517024,0.17128068403838925,0.49236641221374045,0.3238095238095238
BugHunter,full_BroadleafCommerce_file,KNN,2888,6,0.45394736842105265,2,4,0.600896860986547,0.5114503816793893,0.5525773195876289,0.6057601449459143,0.6239168110918544,0.6580697928026172,0.23405501543202023,0.5114503816793893,0.28253968253968254
BugHunter,full_BroadleafCommerce_file,Dummy,2888,6,0.45394736842105265,2,5,0.4254545454545455,0.44656488549618323,0.43575418994413406,0.4717770761668167,0.4748700173310225,0.4724887919544408,-0.05484989000089058,0.44656488549618323,0.5015873015873016
BugHunter,full_BroadleafCommerce_file,LogisticRegression,2888,6,0.45394736842105265,2,5,0.6178010471204188,0.45038167938931295,0.5209713024282561,0.5882240325077905,0.6239168110918544,0.6654428692596631,0.23132179832829786,0.45038167938931295,0.23174603174603176
BugHunter,full_BroadleafCommerce_file,GaussianNB,2888,6,0.45394736842105265,2,5,0.6444444444444445,0.3320610687022901,0.43828715365239296,0.5305292516014534,0.6135181975736569,0.5968132800193869,0.211313831048459,0.3320610687022901,0.1523809523809524
BugHunter,full_BroadleafCommerce_file,DecisionTree,2888,6,0.45394736842105265,2,5,0.5,0.5992366412213741,0.5451388888888888,0.54824218177961,0.5459272097053726,0.5774203320004847,0.10079219454264338,0.5992366412213741,0.4984126984126984
BugHunter,full_BroadleafCommerce_file,RandomForest,2888,6,0.45394736842105265,2,5,0.5674603174603174,0.5458015267175572,0.556420233463035,0.5974419398072822,0.6048526863084922,0.6545983278807705,0.2005366540648575,0.5458015267175572,0.346031746031746
BugHunter,full_BroadleafCommerce_file,KNN,2888,6,0.45394736842105265,2,5,0.5772357723577236,0.5419847328244275,0.5590551181102362,0.6025311126155195,0.6117850953206239,0.657724463831334,0.21325717060973112,0.5419847328244275,0.33015873015873015
BugHunter,full_BroadleafCommerce_file,Dummy,2888,6,0.45394736842105265,3,1,0.45652173913043476,0.48091603053435117,0.4684014869888476,0.5026262076810083,0.5051903114186851,0.5031162431152769,0.006211514482576926,0.48091603053435117,0.47468354430379744
BugHunter,full_BroadleafCommerce_file,LogisticRegression,2888,6,0.45394736842105265,3,1,0.616504854368932,0.4847328244274809,0.5427350427350427,0.602950759449402,0.629757785467128,0.6684401874577254,0.2439848900073116,0.4847328244274809,0.25
BugHunter,full_BroadleafCommerce_file,GaussianNB,2888,6,0.45394736842105265,3,1,0.6834532374100719,0.36259541984732824,0.47381546134663344,0.5586657766457228,0.6349480968858131,0.6484201372113247,0.2601656991153812,0.36259541984732824,0.13924050632911392
BugHunter,full_BroadleafCommerce_file,DecisionTree,2888,6,0.45394736842105265,3,1,0.48580441640378547,0.5877862595419847,0.531951640759931,0.5334723181870924,0.5311418685121108,0.5548543337520533,0.07198738986990533,0.5877862595419847,0.5158227848101266
BugHunter,full_BroadleafCommerce_file,RandomForest,2888,6,0.45394736842105265,3,1,0.5440613026819924,0.5419847328244275,0.5430210325047801,0.5812769453844542,0.5865051903114187,0.6324826070151706,0.16545742142975553,0.5419847328244275,0.37658227848101267
BugHunter,full_BroadleafCommerce_file,KNN,2888,6,0.45394736842105265,3,1,0.5539033457249071,0.5687022900763359,0.5612052730696798,0.5939186771862278,0.596885813148789,0.646469465648855,0.1885811329724714,0.5687022900763359,0.379746835443038
BugHunter,full_BroadleafCommerce_file,Dummy,2888,6,0.45394736842105265,3,2,0.4492753623188406,0.4732824427480916,0.46096654275092935,0.49560830992757043,0.4982698961937716,0.4961348922601218,-0.007704204009397738,0.4732824427480916,0.4810126582278481
BugHunter,full_BroadleafCommerce_file,LogisticRegression,2888,6,0.45394736842105265,3,2,0.6646341463414634,0.41603053435114506,0.5117370892018779,0.5861912286420392,0.6401384083044983,0.6711880374915451,0.2672091883624006,0.41603053435114506,0.17405063291139242
BugHunter,full_BroadleafCommerce_file,GaussianNB,2888,6,0.45394736842105265,3,2,0.7407407407407407,0.3053435114503817,0.43243243243243246,0.5275298638667142,0.6366782006920415,0.6502077495410185,0.2767988407226461,0.3053435114503817,0.08860759493670886
BugHunter,full_BroadleafCommerce_file,DecisionTree,2888,6,0.45394736842105265,3,2,0.5,0.6030534351145038,0.5467128027681661,0.5491144849275531,0.5467128027681661,0.5873876703063098,0.10305343511450382,0.6030534351145038,0.5
BugHunter,full_BroadleafCommerce_file,RandomForest,2888,6,0.45394736842105265,3,2,0.5680933852140078,0.5572519083969466,0.5626204238921002,0.6012556513626192,0.6072664359861591,0.6579621219441492,0.20635404850268135,0.5572519083969466,0.3512658227848101
BugHunter,full_BroadleafCommerce_file,KNN,2888,6,0.45394736842105265,3,2,0.6,0.5610687022900763,0.5798816568047337,0.622146593035301,0.6314878892733564,0.655618900376848,0.25279157207047015,0.5610687022900763,0.310126582278481
BugHunter,full_BroadleafCommerce_file,Dummy,2888,6,0.45394736842105265,3,3,0.4673913043478261,0.49049429657794674,0.47866419294990725,0.5114655004737905,0.513840830449827,0.51191381495564,0.02375505195910632,0.49049429657794674,0.4666666666666667
BugHunter,full_BroadleafCommerce_file,LogisticRegression,2888,6,0.45394736842105265,3,3,0.6098901098901099,0.4220532319391635,0.49887640449438203,0.5717724838706442,0.6141868512110726,0.6869213591647052,0.2108424059292283,0.4220532319391635,0.2253968253968254
BugHunter,full_BroadleafCommerce_file,GaussianNB,2888,6,0.45394736842105265,3,3,0.6910569105691057,0.3231939163498099,0.44041450777202074,0.5331092232378478,0.6262975778546713,0.6276600881163619,0.2464486435844668,0.3231939163498099,0.12063492063492064
BugHunter,full_BroadleafCommerce_file,DecisionTree,2888,6,0.45394736842105265,3,3,0.4783950617283951,0.5893536121673004,0.5281090289608177,0.5226477990290626,0.5207612456747405,0.5492003138390972,0.053021650501012776,0.5893536121673004,0.5365079365079365
BugHunter,full_BroadleafCommerce_file,RandomForest,2888,6,0.45394736842105265,3,3,0.5263157894736842,0.49429657794676807,0.5098039215686274,0.5574053337903833,0.5674740484429066,0.6198563582594001,0.12368285161022634,0.49429657794676807,0.37142857142857144
BugHunter,full_BroadleafCommerce_file,KNN,2888,6,0.45394736842105265,3,3,0.5892116182572614,0.5399239543726235,0.5634920634920635,0.6084682150389256,0.6193771626297578,0.6529543122699015,0.22788848598968847,0.5399239543726235,0.3142857142857143
BugHunter,full_BroadleafCommerce_file,Dummy,2888,6,0.45394736842105265,3,4,0.4763636363636364,0.5,0.48789571694599626,0.5209880722517277,0.5233968804159446,0.5214285714285715,0.04272276171177053,0.5,0.45714285714285713
BugHunter,full_BroadleafCommerce_file,LogisticRegression,2888,6,0.45394736842105265,3,4,0.6382978723404256,0.4580152671755725,0.5333333333333333,0.5992846820456005,0.6360485268630849,0.6766145644008239,0.257230684366977,0.4580152671755725,0.21587301587301588
BugHunter,full_BroadleafCommerce_file,GaussianNB,2888,6,0.45394736842105265,3,4,0.7322834645669292,0.3549618320610687,0.4781491002570694,0.5627152845424156,0.6481802426343154,0.6328062522719011,0.29685152407864,0.3549618320610687,0.10793650793650794
BugHunter,full_BroadleafCommerce_file,DecisionTree,2888,6,0.45394736842105265,3,4,0.5035460992907801,0.5419847328244275,0.5220588235294118,0.5487281925934772,0.5493934142114385,0.5750212044105174,0.09715259283587496,0.5419847328244275,0.4444444444444444
BugHunter,full_BroadleafCommerce_file,RandomForest,2888,6,0.45394736842105265,3,4,0.5510204081632653,0.5152671755725191,0.5325443786982249,0.5790791019584222,0.5892547660311959,0.64247546346783,0.16727114636731769,0.5152671755725191,0.3492063492063492
BugHunter,full_BroadleafCommerce_file,KNN,2888,6,0.45394736842105265,3,4,0.575187969924812,0.583969465648855,0.5795454545454546,0.6119493496549165,0.6152512998266898,0.6569429298436932,0.22497232263242498,0.583969465648855,0.35873015873015873
BugHunter,full_BroadleafCommerce_file,Dummy,2888,6,0.45394736842105265,3,5,0.4581818181818182,0.48091603053435117,0.4692737430167598,0.5034233948713716,0.5060658578856152,0.5039500787592391,0.007875386100105849,0.48091603053435117,0.473015873015873
BugHunter,full_BroadleafCommerce_file,LogisticRegression,2888,6,0.45394736842105265,3,5,0.5828571428571429,0.3893129770992366,0.4668192219679634,0.5468923473127548,0.5961871750433275,0.6244456561250454,0.1706628474402645,0.3893129770992366,0.23174603174603176
BugHunter,full_BroadleafCommerce_file,GaussianNB,2888,6,0.45394736842105265,3,5,0.6484375,0.31679389312977096,0.4256410256410256,0.5210927198519096,0.6117850953206239,0.5786562462134981,0.20843426680574484,0.31679389312977096,0.14285714285714285
BugHunter,full_BroadleafCommerce_file,DecisionTree,2888,6,0.45394736842105265,3,5,0.5032258064516129,0.5954198473282443,0.5454545454545454,0.5516572303029728,0.5493934142114385,0.5768447837150127,0.10637639766381488,0.5954198473282443,0.4888888888888889
BugHunter,full_BroadleafCommerce_file,RandomForest,2888,6,0.45394736842105265,3,5,0.5511811023622047,0.5343511450381679,0.5426356589147286,0.5839237288547134,0.5909878682842288,0.628468435720344,0.17295849318301285,0.5343511450381679,0.3619047619047619
BugHunter,full_BroadleafCommerce_file,KNN,2888,6,0.45394736842105265,3,5,0.5521235521235521,0.5458015267175572,0.5489443378119002,0.5872034984779488,0.5927209705372617,0.6193929480189022,0.17772854480870928,0.5458015267175572,0.3682539682539683
BugHunter,full_MapDB_file,Dummy,537,6,0.49906890130353815,1,1,0.5263157894736842,0.5555555555555556,0.5405405405405406,0.5270462766947299,0.5277777777777778,0.5277777777777778,0.055641488407465724,0.5555555555555556,0.5
BugHunter,full_MapDB_file,LogisticRegression,537,6,0.49906890130353815,1,1,0.5217391304347826,0.4444444444444444,0.48,0.5132002392796673,0.5185185185185185,0.45541838134430734,0.03745029431365691,0.4444444444444444,0.4074074074074074
BugHunter,full_MapDB_file,GaussianNB,537,6,0.49906890130353815,1,1,0.4838709677419355,0.2777777777777778,0.35294117647058826,0.4421235698634564,0.49074074074074076,0.4777091906721536,-0.020467923754178646,0.2777777777777778,0.2962962962962963
BugHunter,full_MapDB_file,DecisionTree,537,6,0.49906890130353815,1,1,0.3409090909090909,0.2777777777777778,0.30612244897959184,0.35860956909327935,0.37037037037037035,0.343278463648834,-0.26382242650554316,0.2777777777777778,0.5370370370370371
BugHunter,full_MapDB_file,RandomForest,537,6,0.49906890130353815,1,1,0.4,0.4074074074074074,0.4036697247706422,0.3980404677815681,0.39814814814814814,0.37002743484224965,-0.2037386413085749,0.4074074074074074,0.6111111111111112
BugHunter,full_MapDB_file,KNN,537,6,0.49906890130353815,1,1,0.5,0.5185185185185185,0.509090909090909,0.4996569467863719,0.5,0.5054869684499315,0.0,0.5185185185185185,0.5185185185185185
BugHunter,full_MapDB_file,Dummy,537,6,0.49906890130353815,1,2,0.47368421052631576,0.5,0.4864864864864865,0.4714045207910317,0.4722222222222222,0.4722222222222222,-0.055641488407465724,0.5,0.5555555555555556
BugHunter,full_MapDB_file,LogisticRegression,537,6,0.49906890130353815,1,2,0.5357142857142857,0.2777777777777778,0.36585365853658536,0.45924432472730536,0.5185185185185185,0.5468106995884774,0.042257712736425826,0.2777777777777778,0.24074074074074073
BugHunter,full_MapDB_file,GaussianNB,537,6,0.49906890130353815,1,2,0.5625,0.16666666666666666,0.2571428571428571,0.3808697000222802,0.5185185185185185,0.5351508916323731,0.05212860351426869,0.16666666666666666,0.12962962962962962
BugHunter,full_MapDB_file,DecisionTree,537,6,0.49906890130353815,1,2,0.36363636363636365,0.2962962962962963,0.32653061224489793,0.37770514915502107,0.3888888888888889,0.3943758573388203,-0.22613350843332272,0.2962962962962963,0.5185185185185185
BugHunter,full_MapDB_file,RandomForest,537,6,0.49906890130353815,1,2,0.38181818181818183,0.3888888888888889,0.3853211009174312,0.37951669503554064,0.37962962962962965,0.35219478737997256,-0.24078203063740672,0.3888888888888889,0.6296296296296297
BugHunter,full_MapDB_file,KNN,537,6,0.49906890130353815,1,2,0.43333333333333335,0.48148148148148145,0.45614035087719296,0.4222871944811622,0.42592592592592593,0.4315843621399177,-0.14907119849998599,0.48148148148148145,0.6296296296296297
BugHunter,full_MapDB_file,Dummy,537,6,0.49906890130353815,1,3,0.49122807017543857,0.5283018867924528,0.509090909090909,0.4945545539658469,0.4953271028037383,0.49563242487770787,-0.0087535207175452,0.5283018867924528,0.5370370370370371
BugHunter,full_MapDB_file,LogisticRegression,537,6,0.49906890130353815,1,3,0.34210526315789475,0.24528301886792453,0.2857142857142857,0.3629408570116209,0.3925233644859813,0.45195667365478687,-0.2274243113220831,0.24528301886792453,0.46296296296296297
BugHunter,full_MapDB_file,GaussianNB,537,6,0.49906890130353815,1,3,0.4,0.22641509433962265,0.2891566265060241,0.38851434494290565,0.4485981308411215,0.49318658280922434,-0.11900922357225412,0.22641509433962265,0.3333333333333333
BugHunter,full_MapDB_file,DecisionTree,537,6,0.49906890130353815,1,3,0.39215686274509803,0.37735849056603776,0.38461538461538464,0.40090742634721727,0.40186915887850466,0.35709294199860236,-0.19692210911190597,0.37735849056603776,0.5740740740740741
BugHunter,full_MapDB_file,RandomForest,537,6,0.49906890130353815,1,3,0.4,0.4528301886792453,0.4247787610619469,0.38851434494290565,0.3925233644859813,0.41806429070580015,-0.21542299189169212,0.4528301886792453,0.6666666666666666
BugHunter,full_MapDB_file,KNN,537,6,0.49906890130353815,1,3,0.4642857142857143,0.49056603773584906,0.47706422018348627,0.4669361306483166,0.4672897196261682,0.4713487071977639,-0.06505774830340055,0.49056603773584906,0.5555555555555556
BugHunter,full_MapDB_file,Dummy,537,6,0.49906890130353815,1,4,0.43859649122807015,0.46296296296296297,0.45045045045045046,0.42829680729170555,0.42990654205607476,0.4295946890286513,-0.14110675396682862,0.46296296296296297,0.6037735849056604
BugHunter,full_MapDB_file,LogisticRegression,537,6,0.49906890130353815,1,4,0.6285714285714286,0.4074074074074074,0.4943820224719101,0.5545063467710393,0.5794392523364486,0.6528651292802237,0.17277579319802402,0.4074074074074074,0.24528301886792453
BugHunter,full_MapDB_file,GaussianNB,537,6,0.49906890130353815,1,4,0.6818181818181818,0.2777777777777778,0.39473684210526316,0.49100931432155553,0.5700934579439252,0.6210691823899371,0.1802521431191546,0.2777777777777778,0.1320754716981132
BugHunter,full_MapDB_file,DecisionTree,537,6,0.49906890130353815,1,4,0.37037037037037035,0.37037037037037035,0.37037037037037035,0.3643820573487119,0.3644859813084112,0.34259259259259256,-0.27113906359189377,0.37037037037037035,0.6415094339622641
BugHunter,full_MapDB_file,RandomForest,537,6,0.49906890130353815,1,4,0.38636363636363635,0.3148148148148148,0.3469387755102041,0.3929853131151962,0.40186915887850466,0.38941299790356393,-0.19775331274535085,0.3148148148148148,0.5094339622641509
BugHunter,full_MapDB_file,KNN,537,6,0.49906890130353815,1,4,0.5686274509803921,0.5370370370370371,0.5523809523809524,0.5604605274194143,0.5607476635514018,0.5167714884696017,0.12207072127896125,0.5370370370370371,0.41509433962264153
BugHunter,full_MapDB_file,Dummy,537,6,0.49906890130353815,1,5,0.543859649122807,0.5740740740740741,0.5585585585585585,0.5407890810553402,0.5420560747663551,0.5417540181691125,0.08368365805973212,0.5740740740740741,0.49056603773584906
BugHunter,full_MapDB_file,LogisticRegression,537,6,0.49906890130353815,1,5,0.5,0.3333333333333333,0.4,0.46917564532222045,0.4953271028037383,0.4984276729559749,-0.006655141069022954,0.3333333333333333,0.33962264150943394
BugHunter,full_MapDB_file,GaussianNB,537,6,0.49906890130353815,1,5,0.8,0.2222222222222222,0.34782608695652173,0.4578685464956301,0.5794392523364486,0.6270090845562543,0.2385085673636503,0.2222222222222222,0.05660377358490566
BugHunter,full_MapDB_file,DecisionTree,537,6,0.49906890130353815,1,5,0.4117647058823529,0.5185185185185185,0.45901639344262296,0.3566283605676167,0.38317757009345793,0.35569531795946885,-0.24537206698081201,0.5185185185185185,0.7547169811320755
BugHunter,full_MapDB_file,RandomForest,537,6,0.49906890130353815,1,5,0.38596491228070173,0.4074074074074074,0.3963963963963964,0.3719741656005345,0.37383177570093457,0.30625436757512225,-0.253501959980109,0.4074074074074074,0.660377358490566
BugHunter,full_MapDB_file,KNN,537,6,0.49906890130353815,1,5,0.34782608695652173,0.2962962962962963,0.32,0.3585825031987472,0.3644859813084112,0.3740391334730957,-0.272419789037575,0.2962962962962963,0.5660377358490566
BugHunter,full_MapDB_file,Dummy,537,6,0.49906890130353815,2,1,0.42105263157894735,0.4444444444444444,0.43243243243243246,0.41573970964154905,0.4166666666666667,0.41666666666666663,-0.16692446522239715,0.4444444444444444,0.6111111111111112
BugHunter,full_MapDB_file,LogisticRegression,537,6,0.49906890130353815,2,1,0.4883720930232558,0.3888888888888889,0.4329896907216495,0.48005486654873036,0.49074074074074076,0.5546982167352538,-0.01891511969643836,0.3888888888888889,0.4074074074074074
BugHunter,full_MapDB_file,GaussianNB,537,6,0.49906890130353815,2,1,0.47619047619047616,0.37037037037037035,0.4166666666666667,0.4684855792842043,0.48148148148148145,0.4891975308641975,-0.037986858819879316,0.37037037037037035,0.4074074074074074
BugHunter,full_MapDB_file,DecisionTree,537,6,0.49906890130353815,2,1,0.375,0.3333333333333333,0.35294117647058826,0.3849001794597505,0.3888888888888889,0.35836762688614543,-0.223606797749979,0.3333333333333333,0.5555555555555556
BugHunter,full_MapDB_file,RandomForest,537,6,0.49906890130353815,2,1,0.3559322033898305,0.3888888888888889,0.37168141592920356,0.33945005147821034,0.3425925925925926,0.31858710562414266,-0.31617306952485796,0.3888888888888889,0.7037037037037037
BugHunter,full_MapDB_file,KNN,537,6,0.49906890130353815,2,1,0.45901639344262296,0.5185185185185185,0.48695652173913045,0.4490502093697089,0.4537037037037037,0.45318930041152267,-0.0933804920141441,0.5185185185185185,0.6111111111111112
BugHunter,full_MapDB_file,Dummy,537,6,0.49906890130353815,2,2,0.47368421052631576,0.5,0.4864864864864865,0.4714045207910317,0.4722222222222222,0.4722222222222222,-0.055641488407465724,0.5,0.5555555555555556
BugHunter,full_MapDB_file,LogisticRegression,537,6,0.49906890130353815,2,2,0.5151515151515151,0.3148148148148148,0.39080459770114945,0.4706764824866235,0.5092592592592593,0.5576131687242798,0.02010075630518424,0.3148148148148148,0.2962962962962963
BugHunter,full_MapDB_file,GaussianNB,537,6,0.49906890130353815,2,2,0.5517241379310345,0.2962962962962963,0.3855421686746988,0.4743054990690999,0.5277777777777778,0.6135116598079561,0.06267707347241022,0.2962962962962963,0.24074074074074073
BugHunter,full_MapDB_file,DecisionTree,537,6,0.49906890130353815,2,2,0.3488372093023256,0.2777777777777778,0.30927835051546393,0.3657114381135463,0.37962962962962965,0.3395061728395062,-0.24589655605369867,0.2777777777777778,0.5185185185185185
BugHunter,full_MapDB_file,RandomForest,537,6,0.49906890130353815,2,2,0.32,0.2962962962962963,0.3076923076923077,0.33126932999996883,0.3333333333333333,0.3168724279835391,-0.33425160871869336,0.2962962962962963,0.6296296296296297
BugHunter,full_MapDB_file,KNN,537,6,0.49906890130353815,2,2,0.3728813559322034,0.4074074074074074,0.3893805309734513,0.35813110381136515,0.3611111111111111,0.39300411522633744,-0.27897623781605113,0.4074074074074074,0.6851851851851852
BugHunter,full_MapDB_file,Dummy,537,6,0.49906890130353815,2,3,0.49122807017543857,0.5283018867924528,0.509090909090909,0.4945545539658469,0.4953271028037383,0.49563242487770787,-0.0087535207175452,0.5283018867924528,0.5370370370370371
BugHunter,full_MapDB_file,LogisticRegression,537,6,0.49906890130353815,2,3,0.5555555555555556,0.4716981132075472,0.5102040816326531,0.5449725757465811,0.5514018691588785,0.5770440251572326,0.1026268695083451,0.4716981132075472,0.37037037037037035
BugHunter,full_MapDB_file,GaussianNB,537,6,0.49906890130353815,2,3,0.52,0.24528301886792453,0.3333333333333333,0.436778755597979,0.514018691588785,0.5379105520614954,0.02724784689293192,0.24528301886792453,0.2222222222222222
BugHunter,full_MapDB_file,DecisionTree,537,6,0.49906890130353815,2,3,0.37777777777777777,0.32075471698113206,0.3469387755102041,0.39298531311519613,0.40186915887850466,0.39203354297693915,-0.2002993384197356,0.32075471698113206,0.5185185185185185
BugHunter,full_MapDB_file,RandomForest,537,6,0.49906890130353815,2,3,0.38596491228070173,0.41509433962264153,0.4,0.3821671258617726,0.38317757009345793,0.35831586303284413,-0.23354393274410593,0.41509433962264153,0.6481481481481481
BugHunter,full_MapDB_file,KNN,537,6,0.49906890130353815,2,3,0.4642857142857143,0.49056603773584906,0.47706422018348627,0.4669361306483166,0.4672897196261682,0.4507337526205451,-0.06505774830340055,0.49056603773584906,0.5555555555555556
BugHunter,full_MapDB_file,Dummy,537,6,0.49906890130353815,2,4,0.49122807017543857,0.5185185185185185,0.5045045045045045,0.4845625228744207,0.48598130841121495,0.48567435359888195,-0.028711547953548255,0.5185185185185185,0.5471698113207547
BugHunter,full_MapDB_file,LogisticRegression,537,6,0.49906890130353815,2,4,0.48717948717948717,0.35185185185185186,0.40860215053763443,0.4680572274136699,0.48598130841121495,0.49790356394129975,-0.026497279422484137,0.35185185185185186,0.37735849056603776
BugHunter,full_MapDB_file,GaussianNB,537,6,0.49906890130353815,2,4,0.47368421052631576,0.16666666666666666,0.2465753424657534,0.3677228926598989,0.48598130841121495,0.4748427672955975,-0.028799675752741238,0.16666666666666666,0.18867924528301888
BugHunter,full_MapDB_file,DecisionTree,537,6,0.49906890130353815,2,4,0.375,0.3888888888888889,0.38181818181818183,0.3634218921558155,0.3644859813084112,0.3439902166317261,-0.2717734969448507,0.3888888888888889,0.660377358490566
BugHunter,full_MapDB_file,RandomForest,537,6,0.49906890130353815,2,4,0.40816326530612246,0.37037037037037035,0.3883495145631068,0.4095300778893008,0.411214953271028,0.37910552061495456,-0.17742044546499924,0.37037037037037035,0.5471698113207547
BugHunter,full_MapDB_file,KNN,537,6,0.49906890130353815,2,4,0.47540983606557374,0.5370370370370371,0.5043478260869565,0.4612897787270723,0.4672897196261682,0.4498602375960867,-0.06739919651059174,0.5370370370370371,0.6037735849056604
BugHunter,full_MapDB_file,Dummy,537,6,0.49906890130353815,2,5,0.5087719298245614,0.5370370370370371,0.5225225225225225,0.5033084115062474,0.5046728971962616,0.5043675751222921,0.0087535207175452,0.5370370370370371,0.5283018867924528
BugHunter,full_MapDB_file,LogisticRegression,537,6,0.49906890130353815,2,5,0.5588235294117647,0.35185185185185186,0.4318181818181818,0.5022660042881579,0.5327102803738317,0.5635918937805731,0.07391464967526218,0.35185185185185186,0.2830188679245283
BugHunter,full_MapDB_file,GaussianNB,537,6,0.49906890130353815,2,5,0.65,0.24074074074074073,0.35135135135135137,0.45710479526083975,0.5514018691588785,0.5642907058001397,0.13936411144469182,0.24074074074074073,0.1320754716981132
BugHunter,full_MapDB_file,DecisionTree,537,6,0.49906890130353815,2,5,0.42857142857142855,0.4444444444444444,0.43636363636363634,0.41964345453112645,0.4205607476635514,0.39744933612858147,-0.15949641519543362,0.4444444444444444,0.6037735849056604
BugHunter,full_MapDB_file,RandomForest,537,6,0.49906890130353815,2,5,0.40816326530612246,0.37037037037037035,0.3883495145631068,0.4095300778893008,0.411214953271028,0.3846960167714884,-0.17742044546499924,0.37037037037037035,0.5471698113207547
BugHunter,full_MapDB_file,KNN,537,6,0.49906890130353815,2,5,0.5,0.5185185185185185,0.509090909090909,0.4945545539658469,0.4953271028037383,0.5296995108315863,-0.009793639529544169,0.5185185185185185,0.5283018867924528
BugHunter,full_MapDB_file,Dummy,537,6,0.49906890130353815,3,1,0.5614035087719298,0.5925925925925926,0.5765765765765766,0.5641313411751043,0.5648148148148148,0.5648148148148148,0.12983013961742002,0.5925925925925926,0.46296296296296297
BugHunter,full_MapDB_file,LogisticRegression,537,6,0.49906890130353815,3,1,0.5263157894736842,0.37037037037037035,0.43478260869565216,0.49690399499995325,0.5185185185185185,0.5358367626886146,0.038778336716474064,0.37037037037037035,0.3333333333333333
BugHunter,full_MapDB_file,GaussianNB,537,6,0.49906890130353815,3,1,0.52,0.24074074074074073,0.3291139240506329,0.43271560909436746,0.5092592592592593,0.5876200274348422,0.021952851997938068,0.24074074074074073,0.2222222222222222
BugHunter,full_MapDB_file,DecisionTree,537,6,0.49906890130353815,3,1,0.4222222222222222,0.35185185185185186,0.3838383838383838,0.4271319479507702,0.4351851851851852,0.44324417009602196,-0.1314684396244359,0.35185185185185186,0.48148148148148145
BugHunter,full_MapDB_file,RandomForest,537,6,0.49906890130353815,3,1,0.42105263157894735,0.4444444444444444,0.43243243243243246,0.41573970964154905,0.4166666666666667,0.4089506172839506,-0.16692446522239715,0.4444444444444444,0.6111111111111112
BugHunter,full_MapDB_file,KNN,537,6,0.49906890130353815,3,1,0.47692307692307695,0.5740740740740741,0.5210084033613446,0.4611073925181012,0.4722222222222222,0.49674211248285327,-0.05674535908931508,0.5740740740740741,0.6296296296296297
BugHunter,full_MapDB_file,Dummy,537,6,0.49906890130353815,3,2,0.49122807017543857,0.5185185185185185,0.5045045045045045,0.4899539464934427,0.49074074074074076,0.4907407407407407,-0.018547162802488575,0.5185185185185185,0.5370370370370371
BugHunter,full_MapDB_file,LogisticRegression,537,6,0.49906890130353815,3,2,0.48484848484848486,0.2962962962962963,0.367816091954023,0.4505750022443126,0.49074074074074076,0.5241769547325102,-0.02010075630518424,0.2962962962962963,0.3148148148148148
BugHunter,full_MapDB_file,GaussianNB,537,6,0.49906890130353815,3,2,0.5909090909090909,0.24074074074074073,0.34210526315789475,0.4479032082388083,0.5370370370370371,0.49434156378600824,0.09196009797434057,0.24074074074074073,0.16666666666666666
BugHunter,full_MapDB_file,DecisionTree,537,6,0.49906890130353815,3,2,0.325,0.24074074074074073,0.2765957446808511,0.3469443332443555,0.37037037037037035,0.325960219478738,-0.26843774609657967,0.24074074074074073,0.5
BugHunter,full_MapDB_file,RandomForest,537,6,0.49906890130353815,3,2,0.35555555555555557,0.2962962962962963,0.32323232323232326,0.37037037037037035,0.37962962962962965,0.3040123456790123,-0.24415567358823811,0.2962962962962963,0.5370370370370371
BugHunter,full_MapDB_file,KNN,537,6,0.49906890130353815,3,2,0.4074074074074074,0.4074074074074074,0.4074074074074074,0.4074074074074074,0.4074074074074074,0.39746227709190673,-0.18518518518518517,0.4074074074074074,0.5925925925925926
BugHunter,full_MapDB_file,Dummy,537,6,0.49906890130353815,3,3,0.49122807017543857,0.5283018867924528,0.509090909090909,0.4945545539658469,0.4953271028037383,0.49563242487770787,-0.0087535207175452,0.5283018867924528,0.5370370370370371
BugHunter,full_MapDB_file,LogisticRegression,537,6,0.49906890130353815,3,3,0.5384615384615384,0.39622641509433965,0.45652173913043476,0.5139561687500467,0.5327102803738317,0.5585255066387143,0.06533575748009787,0.39622641509433965,0.3333333333333333
BugHunter,full_MapDB_file,GaussianNB,537,6,0.49906890130353815,3,3,0.56,0.2641509433962264,0.358974358974359,0.4586310258689306,0.5327102803738317,0.539308176100629,0.07142238655268518,0.2641509433962264,0.2037037037037037
BugHunter,full_MapDB_file,DecisionTree,537,6,0.49906890130353815,3,3,0.4222222222222222,0.3584905660377358,0.3877551020408163,0.4311426645609918,0.4392523364485981,0.3852201257861635,-0.12456778643771543,0.3584905660377358,0.48148148148148145
BugHunter,full_MapDB_file,RandomForest,537,6,0.49906890130353815,3,3,0.3617021276595745,0.32075471698113206,0.34,0.3775680759699027,0.38317757009345793,0.35080363382250174,-0.2365428930575443,0.32075471698113206,0.5555555555555556
BugHunter,full_MapDB_file,KNN,537,6,0.49906890130353815,3,3,0.46153846153846156,0.4528301886792453,0.45714285714285713,0.4669361306483166,0.4672897196261682,0.5012229210342418,-0.06571129377279741,0.4528301886792453,0.5185185185185185
BugHunter,full_MapDB_file,Dummy,537,6,0.49906890130353815,3,4,0.47368421052631576,0.5,0.4864864864864865,0.4658123356840947,0.4672897196261682,0.46698113207547165,-0.06617661662464171,0.5,0.5660377358490566
BugHunter,full_MapDB_file,LogisticRegression,537,6,0.49906890130353815,3,4,0.5945945945945946,0.4074074074074074,0.4835164835164835,0.5404659324868644,0.5607476635514018,0.5704053109713487,0.1307571063881645,0.4074074074074074,0.2830188679245283
BugHunter,full_MapDB_file,GaussianNB,537,6,0.49906890130353815,3,4,0.64,0.2962962962962963,0.4050632911392405,0.49596555413404597,0.5607476635514018,0.6154786862334032,0.14945031174608112,0.2962962962962963,0.16981132075471697
BugHunter,full_MapDB_file,DecisionTree,537,6,0.49906890130353815,3,4,0.3448275862068966,0.37037037037037035,0.35714285714285715,0.32376195411908804,0.32710280373831774,0.3207547169811321,-0.34782822510134237,0.37037037037037035,0.7169811320754716
BugHunter,full_MapDB_file,RandomForest,537,6,0.49906890130353815,3,4,0.375,0.3333333333333333,0.35294117647058826,0.38033417944002146,0.38317757009345793,0.3902865129280223,-0.23393370004202085,0.3333333333333333,0.5660377358490566
BugHunter,full_MapDB_file,KNN,537,6,0.49906890130353815,3,4,0.4,0.3333333333333333,0.36363636363636365,0.40437855108625176,0.411214953271028,0.45859538784067083,-0.17835842149036527,0.3333333333333333,0.5094339622641509
BugHunter,full_MapDB_file,Dummy,537,6,0.49906890130353815,3,5,0.49122807017543857,0.5185185185185185,0.5045045045045045,0.4845625228744207,0.48598130841121495,0.48567435359888195,-0.028711547953548255,0.5185185185185185,0.5471698113207547
BugHunter,full_MapDB_file,LogisticRegression,537,6,0.49906890130353815,3,5,0.42857142857142855,0.3333333333333333,0.375,0.4270713489651562,0.4392523364485981,0.4467155835080363,-0.12235168868737654,0.3333333333333333,0.4528301886792453
BugHunter,full_MapDB_file,GaussianNB,537,6,0.49906890130353815,3,5,0.4230769230769231,0.2037037037037037,0.275,0.3821671258617726,0.45794392523364486,0.5124039133473096,-0.09246169679510231,0.2037037037037037,0.2830188679245283
BugHunter,full_MapDB_file,DecisionTree,537,6,0.49906890130353815,3,5,0.4067796610169492,0.4444444444444444,0.4247787610619469,0.38851434494290565,0.3925233644859813,0.3798043326345213,-0.21707361355250582,0.4444444444444444,0.660377358490566
BugHunter,full_MapDB_file,RandomForest,537,6,0.49906890130353815,3,5,0.36363636363636365,0.37037037037037035,0.3669724770642202,0.35466345106595426,0.35514018691588783,0.3513277428371768,-0.29010837144373325,0.37037037037037035,0.660377358490566
BugHunter,full_MapDB_file,KNN,537,6,0.49906890130353815,3,5,0.43636363636363634,0.4444444444444444,0.44036697247706424,0.42951876928211,0.42990654205607476,0.43413696715583505,-0.14051031966310937,0.4444444444444444,0.5849056603773585
BugHunter,full_antlr4_file,Dummy,359,6,0.4178272980501393,1,1,0.42857142857142855,0.4,0.41379310344827586,0.4976133515281193,0.5277777777777778,0.5095238095238095,0.019262853213235488,0.4,0.38095238095238093
BugHunter,full_antlr4_file,LogisticRegression,359,6,0.4178272980501393,1,1,0.3541666666666667,0.5666666666666667,0.4358974358974359,0.3852436870510644,0.3888888888888889,0.4753968253968255,-0.17928429140015906,0.5666666666666667,0.7380952380952381
BugHunter,full_antlr4_file,GaussianNB,359,6,0.4178272980501393,1,1,0.4482758620689655,0.8666666666666667,0.5909090909090909,0.45425676257949793,0.5,0.5492063492063493,0.1305000397701628,0.8666666666666667,0.7619047619047619
BugHunter,full_antlr4_file,DecisionTree,359,6,0.4178272980501393,1,1,0.375,0.5,0.42857142857142855,0.4498677054212187,0.4444444444444444,0.4373015873015873,-0.09449111825230681,0.5,0.5952380952380952
BugHunter,full_antlr4_file,RandomForest,359,6,0.4178272980501393,1,1,0.39285714285714285,0.36666666666666664,0.3793103448275862,0.4671765921511567,0.5,0.446031746031746,-0.038525706426470976,0.36666666666666664,0.40476190476190477
BugHunter,full_antlr4_file,KNN,359,6,0.4178272980501393,1,1,0.5,0.43333333333333335,0.4642857142857143,0.5469975769657021,0.5833333333333334,0.5488095238095239,0.12707898458431813,0.43333333333333335,0.30952380952380953
BugHunter,full_antlr4_file,Dummy,359,6,0.4178272980501393,1,2,0.32142857142857145,0.3,0.3103448275862069,0.4053217416888888,0.4444444444444444,0.42380952380952386,-0.1541028257058839,0.3,0.4523809523809524
BugHunter,full_antlr4_file,LogisticRegression,359,6,0.4178272980501393,1,2,0.4473684210526316,0.5666666666666667,0.5,0.5322906474223771,0.5277777777777778,0.5674603174603174,0.06583589693379592,0.5666666666666667,0.5
BugHunter,full_antlr4_file,GaussianNB,359,6,0.4178272980501393,1,2,0.41379310344827586,0.8,0.5454545454545454,0.3903600291794133,0.4444444444444444,0.530952380952381,-0.01186363997910571,0.8,0.8095238095238095
BugHunter,full_antlr4_file,DecisionTree,359,6,0.4178272980501393,1,2,0.3076923076923077,0.4,0.34782608695652173,0.37796447300922725,0.375,0.3384920634920635,-0.24029618753167464,0.4,0.6428571428571429
BugHunter,full_antlr4_file,RandomForest,359,6,0.4178272980501393,1,2,0.25,0.2,0.2222222222222222,0.3380617018914066,0.4166666666666667,0.3404761904761905,-0.23904572186687875,0.2,0.42857142857142855
BugHunter,full_antlr4_file,KNN,359,6,0.4178272980501393,1,2,0.3870967741935484,0.4,0.39344262295081966,0.4680252333449758,0.4861111111111111,0.45357142857142857,-0.05215379165113477,0.4,0.4523809523809524
BugHunter,full_antlr4_file,Dummy,359,6,0.4178272980501393,1,3,0.35714285714285715,0.3333333333333333,0.3448275862068966,0.4364357804719847,0.4722222222222222,0.45238095238095233,-0.09631426606617743,0.3333333333333333,0.42857142857142855
BugHunter,full_antlr4_file,LogisticRegression,359,6,0.4178272980501393,1,3,0.45454545454545453,0.3333333333333333,0.38461538461538464,0.4879500364742666,0.5555555555555556,0.5182539682539682,0.050964719143762556,0.3333333333333333,0.2857142857142857
BugHunter,full_antlr4_file,GaussianNB,359,6,0.4178272980501393,1,3,0.42,0.7,0.525,0.4654746681256314,0.4722222222222222,0.49206349206349204,0.010192943828752512,0.7,0.6904761904761905
BugHunter,full_antlr4_file,DecisionTree,359,6,0.4178272980501393,1,3,0.4,0.5333333333333333,0.45714285714285713,0.47809144373375745,0.4722222222222222,0.4908730158730158,-0.03779644730092272,0.5333333333333333,0.5714285714285714
BugHunter,full_antlr4_file,RandomForest,359,6,0.4178272980501393,1,3,0.35294117647058826,0.4,0.375,0.4364357804719847,0.4444444444444444,0.48690476190476195,-0.12226666573419243,0.4,0.5238095238095238
BugHunter,full_antlr4_file,KNN,359,6,0.4178272980501393,1,3,0.3333333333333333,0.3,0.3157894736842105,0.4140393356054125,0.4583333333333333,0.4932539682539683,-0.13093073414159545,0.3,0.42857142857142855
BugHunter,full_antlr4_file,Dummy,359,6,0.4178272980501393,1,4,0.4642857142857143,0.43333333333333335,0.4482758620689655,0.5277986629117476,0.5555555555555556,0.5380952380952381,0.07705141285294195,0.43333333333333335,0.35714285714285715
BugHunter,full_antlr4_file,LogisticRegression,359,6,0.4178272980501393,1,4,0.4482758620689655,0.43333333333333335,0.4406779661016949,0.5179323973782373,0.5416666666666666,0.5472222222222222,0.05265328070348039,0.43333333333333335,0.38095238095238093
BugHunter,full_antlr4_file,GaussianNB,359,6,0.4178272980501393,1,4,0.3333333333333333,0.16666666666666666,0.2222222222222222,0.3563483225498992,0.5138888888888888,0.6194444444444445,-0.086710996952412,0.16666666666666666,0.23809523809523808
BugHunter,full_antlr4_file,DecisionTree,359,6,0.4178272980501393,1,4,0.38461538461538464,0.5,0.43478260869565216,0.4629100498862757,0.4583333333333333,0.473015873015873,-0.07067534927402196,0.5,0.5714285714285714
BugHunter,full_antlr4_file,RandomForest,359,6,0.4178272980501393,1,4,0.4722222222222222,0.5666666666666667,0.5151515151515151,0.5570614511142019,0.5555555555555556,0.5865079365079364,0.1126872339638022,0.5666666666666667,0.4523809523809524
BugHunter,full_antlr4_file,KNN,359,6,0.4178272980501393,1,4,0.5454545454545454,0.6,0.5714285714285714,0.6210590034081188,0.625,0.6761904761904762,0.24029618753167464,0.6,0.35714285714285715
BugHunter,full_antlr4_file,Dummy,359,6,0.4178272980501393,1,5,0.39285714285714285,0.36666666666666664,0.3793103448275862,0.4632862466569274,0.49295774647887325,0.4760162601626017,-0.04848263466915377,0.36666666666666664,0.4146341463414634
BugHunter,full_antlr4_file,LogisticRegression,359,6,0.4178272980501393,1,5,0.40816326530612246,0.6666666666666666,0.5063291139240507,0.44172610429938614,0.4507042253521127,0.5475609756097561,-0.04342182454857604,0.6666666666666666,0.7073170731707317
BugHunter,full_antlr4_file,GaussianNB,359,6,0.4178272980501393,1,5,0.4074074074074074,0.7333333333333333,0.5238095238095238,0.4012176588288426,0.43661971830985913,0.5630081300813008,-0.054582584683719786,0.7333333333333333,0.7804878048780488
BugHunter,full_antlr4_file,DecisionTree,359,6,0.4178272980501393,1,5,0.3333333333333333,0.43333333333333335,0.37681159420289856,0.39816652969059774,0.39436619718309857,0.38658536585365855,-0.1993595776289966,0.43333333333333335,0.6341463414634146
BugHunter,full_antlr4_file,RandomForest,359,6,0.4178272980501393,1,5,0.35294117647058826,0.4,0.375,0.4305413495339752,0.43661971830985913,0.44512195121951215,-0.1350567844521767,0.4,0.5365853658536586
BugHunter,full_antlr4_file,KNN,359,6,0.4178272980501393,1,5,0.45714285714285713,0.5333333333333333,0.49230769230769234,0.5349568784384569,0.5352112676056338,0.5821138211382114,0.06908131928870279,0.5333333333333333,0.4634146341463415
BugHunter,full_antlr4_file,Dummy,359,6,0.4178272980501393,2,1,0.39285714285714285,0.36666666666666664,0.3793103448275862,0.4671765921511567,0.5,0.48095238095238096,-0.038525706426470976,0.36666666666666664,0.40476190476190477
BugHunter,full_antlr4_file,LogisticRegression,359,6,0.4178272980501393,2,1,0.6296296296296297,0.5666666666666667,0.5964912280701754,0.6570738404061082,0.6805555555555556,0.7023809523809524,0.3346007650285217,0.5666666666666667,0.23809523809523808
BugHunter,full_antlr4_file,GaussianNB,359,6,0.4178272980501393,2,1,0.4807692307692308,0.8333333333333334,0.6097560975609756,0.5455447255899809,0.5555555555555556,0.6523809523809523,0.2096569673443837,0.8333333333333334,0.6428571428571429
BugHunter,full_antlr4_file,DecisionTree,359,6,0.4178272980501393,2,1,0.4,0.4666666666666667,0.4307692307692308,0.48304589153964794,0.4861111111111111,0.43611111111111106,-0.03287979746107146,0.4666666666666667,0.5
BugHunter,full_antlr4_file,RandomForest,359,6,0.4178272980501393,2,1,0.35714285714285715,0.3333333333333333,0.3448275862068966,0.4364357804719847,0.4722222222222222,0.4984126984126984,-0.09631426606617743,0.3333333333333333,0.42857142857142855
BugHunter,full_antlr4_file,KNN,359,6,0.4178272980501393,2,1,0.4857142857142857,0.5666666666666667,0.5230769230769231,0.5690426379538917,0.5694444444444444,0.609920634920635,0.13621630376729604,0.5666666666666667,0.42857142857142855
BugHunter,full_antlr4_file,Dummy,359,6,0.4178272980501393,2,2,0.35714285714285715,0.3333333333333333,0.3448275862068966,0.4364357804719847,0.4722222222222222,0.45238095238095233,-0.09631426606617743,0.3333333333333333,0.42857142857142855
BugHunter,full_antlr4_file,LogisticRegression,359,6,0.4178272980501393,2,2,0.45,0.6,0.5142857142857142,0.5345224838248488,0.5277777777777778,0.5257936507936508,0.07559289460184544,0.6,0.5238095238095238
BugHunter,full_antlr4_file,GaussianNB,359,6,0.4178272980501393,2,2,0.43103448275862066,0.8333333333333334,0.5681818181818182,0.4225771273642583,0.4722222222222222,0.5964285714285714,0.05931819989552855,0.8333333333333334,0.7857142857142857
BugHunter,full_antlr4_file,DecisionTree,359,6,0.4178272980501393,2,2,0.36585365853658536,0.5,0.4225352112676056,0.4364357804719847,0.4305555555555556,0.42539682539682544,-0.11853134466166992,0.5,0.6190476190476191
BugHunter,full_antlr4_file,RandomForest,359,6,0.4178272980501393,2,2,0.3333333333333333,0.3,0.3157894736842105,0.4140393356054125,0.4583333333333333,0.49047619047619045,-0.13093073414159545,0.3,0.42857142857142855
BugHunter,full_antlr4_file,KNN,359,6,0.4178272980501393,2,2,0.5,0.5333333333333333,0.5161290322580645,0.5745944049142231,0.5833333333333334,0.6142857142857143,0.15118578920369088,0.5333333333333333,0.38095238095238093
BugHunter,full_antlr4_file,Dummy,359,6,0.4178272980501393,2,3,0.42857142857142855,0.4,0.41379310344827586,0.4976133515281193,0.5277777777777778,0.5095238095238095,0.019262853213235488,0.4,0.38095238095238093
BugHunter,full_antlr4_file,LogisticRegression,359,6,0.4178272980501393,2,3,0.2903225806451613,0.3,0.29508196721311475,0.3779644730092272,0.4027777777777778,0.39682539682539686,-0.22283892796393945,0.3,0.5238095238095238
BugHunter,full_antlr4_file,GaussianNB,359,6,0.4178272980501393,2,3,0.4,0.7333333333333333,0.5176470588235295,0.3964124835860459,0.4305555555555556,0.49603174603174605,-0.060806899210506034,0.7333333333333333,0.7857142857142857
BugHunter,full_antlr4_file,DecisionTree,359,6,0.4178272980501393,2,3,0.35135135135135137,0.43333333333333335,0.3880597014925373,0.4309458036856673,0.4305555555555556,0.42023809523809524,-0.13621630376729604,0.43333333333333335,0.5714285714285714
BugHunter,full_antlr4_file,RandomForest,359,6,0.4178272980501393,2,3,0.20689655172413793,0.2,0.2033898305084746,0.3007926037591192,0.3472222222222222,0.31587301587301586,-0.3494263173958244,0.2,0.5476190476190477
BugHunter,full_antlr4_file,KNN,359,6,0.4178272980501393,2,3,0.3125,0.3333333333333333,0.3225806451612903,0.3984095364447979,0.4166666666666667,0.42142857142857143,-0.18898223650461363,0.3333333333333333,0.5238095238095238
BugHunter,full_antlr4_file,Dummy,359,6,0.4178272980501393,2,4,0.42857142857142855,0.4,0.41379310344827586,0.4976133515281193,0.5277777777777778,0.5095238095238095,0.019262853213235488,0.4,0.38095238095238093
BugHunter,full_antlr4_file,LogisticRegression,359,6,0.4178272980501393,2,4,0.38095238095238093,0.26666666666666666,0.3137254901960784,0.4291002028978594,0.5138888888888888,0.5047619047619047,-0.04648509810399775,0.26666666666666666,0.30952380952380953
BugHunter,full_antlr4_file,GaussianNB,359,6,0.4178272980501393,2,4,0.4897959183673469,0.8,0.6075949367088608,0.5690426379538917,0.5694444444444444,0.6158730158730159,0.21650726574685986,0.8,0.5952380952380952
BugHunter,full_antlr4_file,DecisionTree,359,6,0.4178272980501393,2,4,0.36363636363636365,0.4,0.38095238095238093,0.4472135954999579,0.4583333333333333,0.44246031746031744,-0.09894548898363074,0.4,0.5
BugHunter,full_antlr4_file,RandomForest,359,6,0.4178272980501393,2,4,0.34375,0.36666666666666664,0.3548387096774194,0.4281744192888376,0.4444444444444444,0.5142857142857143,-0.13228756555322954,0.36666666666666664,0.5
BugHunter,full_antlr4_file,KNN,359,6,0.4178272980501393,2,4,0.36363636363636365,0.4,0.38095238095238093,0.4472135954999579,0.4583333333333333,0.48412698412698413,-0.09894548898363074,0.4,0.5
BugHunter,full_antlr4_file,Dummy,359,6,0.4178272980501393,2,5,0.35714285714285715,0.3333333333333333,0.3448275862068966,0.43242556575519353,0.4647887323943662,0.4471544715447155,-0.10682614418627101,0.3333333333333333,0.43902439024390244
BugHunter,full_antlr4_file,LogisticRegression,359,6,0.4178272980501393,2,5,0.4,0.4,0.4,0.473698473612106,0.49295774647887325,0.49349593495934957,-0.03902439024390244,0.4,0.43902439024390244
BugHunter,full_antlr4_file,GaussianNB,359,6,0.4178272980501393,2,5,0.4444444444444444,0.8,0.5714285714285714,0.46328624665692747,0.49295774647887325,0.5276422764227642,0.07905063988676658,0.8,0.7317073170731707
BugHunter,full_antlr4_file,DecisionTree,359,6,0.4178272980501393,2,5,0.34375,0.36666666666666664,0.3548387096774194,0.42292054645983584,0.43661971830985913,0.4146341463414634,-0.14447515949631737,0.36666666666666664,0.5121951219512195
BugHunter,full_antlr4_file,RandomForest,359,6,0.4178272980501393,2,5,0.3333333333333333,0.26666666666666666,0.2962962962962963,0.4032389192727559,0.4647887323943662,0.4024390243902439,-0.12904360359544859,0.26666666666666666,0.3902439024390244
BugHunter,full_antlr4_file,KNN,359,6,0.4178272980501393,2,5,0.35714285714285715,0.3333333333333333,0.3448275862068966,0.43242556575519353,0.4647887323943662,0.4508130081300813,-0.10682614418627101,0.3333333333333333,0.43902439024390244
BugHunter,full_antlr4_file,Dummy,359,6,0.4178272980501393,3,1,0.42857142857142855,0.4,0.41379310344827586,0.4976133515281193,0.5277777777777778,0.5095238095238095,0.019262853213235488,0.4,0.38095238095238093
BugHunter,full_antlr4_file,LogisticRegression,359,6,0.4178272980501393,3,1,0.4375,0.4666666666666667,0.45161290322580644,0.5163977794943222,0.5277777777777778,0.5654761904761905,0.03779644730092272,0.4666666666666667,0.42857142857142855
BugHunter,full_antlr4_file,GaussianNB,359,6,0.4178272980501393,3,1,0.4857142857142857,0.5666666666666667,0.5230769230769231,0.5690426379538917,0.5694444444444444,0.6297619047619047,0.13621630376729604,0.5666666666666667,0.42857142857142855
BugHunter,full_antlr4_file,DecisionTree,359,6,0.4178272980501393,3,1,0.5142857142857142,0.6,0.5538461538461539,0.5976143046671968,0.5972222222222222,0.5484126984126985,0.19258167084341854,0.6,0.40476190476190477
BugHunter,full_antlr4_file,RandomForest,359,6,0.4178272980501393,3,1,0.35135135135135137,0.43333333333333335,0.3880597014925373,0.4309458036856673,0.4305555555555556,0.5107142857142857,-0.13621630376729604,0.43333333333333335,0.5714285714285714
BugHunter,full_antlr4_file,KNN,359,6,0.4178272980501393,3,1,0.45714285714285713,0.5333333333333333,0.49230769230769234,0.5404289889185184,0.5416666666666666,0.594047619047619,0.07985093669117355,0.5333333333333333,0.4523809523809524
BugHunter,full_antlr4_file,Dummy,359,6,0.4178272980501393,3,2,0.39285714285714285,0.36666666666666664,0.3793103448275862,0.4671765921511567,0.5,0.48095238095238096,-0.038525706426470976,0.36666666666666664,0.40476190476190477
BugHunter,full_antlr4_file,LogisticRegression,359,6,0.4178272980501393,3,2,0.391304347826087,0.3,0.33962264150943394,0.4472135954999579,0.5138888888888888,0.5551587301587302,-0.03524536884251207,0.3,0.3333333333333333
BugHunter,full_antlr4_file,GaussianNB,359,6,0.4178272980501393,3,2,0.42592592592592593,0.7666666666666667,0.5476190476190477,0.4481000455184655,0.4722222222222222,0.5948412698412698,0.03253000243161777,0.7666666666666667,0.7380952380952381
BugHunter,full_antlr4_file,DecisionTree,359,6,0.4178272980501393,3,2,0.36585365853658536,0.5,0.4225352112676056,0.4364357804719847,0.4305555555555556,0.4547619047619047,-0.11853134466166992,0.5,0.6190476190476191
BugHunter,full_antlr4_file,RandomForest,359,6,0.4178272980501393,3,2,0.4166666666666667,0.5,0.45454545454545453,0.5,0.5,0.475,0.0,0.5,0.5
BugHunter,full_antlr4_file,KNN,359,6,0.4178272980501393,3,2,0.46875,0.5,0.4838709677419355,0.5455447255899809,0.5555555555555556,0.530952380952381,0.09449111825230681,0.5,0.40476190476190477
BugHunter,full_antlr4_file,Dummy,359,6,0.4178272980501393,3,3,0.35714285714285715,0.3333333333333333,0.3448275862068966,0.4364357804719847,0.4722222222222222,0.45238095238095233,-0.09631426606617743,0.3333333333333333,0.42857142857142855
BugHunter,full_antlr4_file,LogisticRegression,359,6,0.4178272980501393,3,3,0.4,0.4666666666666667,0.4307692307692308,0.48304589153964794,0.4861111111111111,0.5428571428571429,-0.03287979746107146,0.4666666666666667,0.5
BugHunter,full_antlr4_file,GaussianNB,359,6,0.4178272980501393,3,3,0.43859649122807015,0.8333333333333334,0.5747126436781609,0.44543540318737396,0.4861111111111111,0.6261904761904762,0.086710996952412,0.8333333333333334,0.7619047619047619
BugHunter,full_antlr4_file,DecisionTree,359,6,0.4178272980501393,3,3,0.3333333333333333,0.4,0.36363636363636365,0.4140393356054125,0.4166666666666667,0.42460317460317454,-0.1690308509457033,0.4,0.5714285714285714
BugHunter,full_antlr4_file,RandomForest,359,6,0.4178272980501393,3,3,0.35714285714285715,0.3333333333333333,0.3448275862068966,0.4364357804719847,0.4722222222222222,0.4396825396825397,-0.09631426606617743,0.3333333333333333,0.42857142857142855
BugHunter,full_antlr4_file,KNN,359,6,0.4178272980501393,3,3,0.46153846153846156,0.4,0.42857142857142855,0.5163977794943222,0.5555555555555556,0.5833333333333334,0.06842714554540208,0.4,0.3333333333333333
BugHunter,full_antlr4_file,Dummy,359,6,0.4178272980501393,3,4,0.4642857142857143,0.43333333333333335,0.4482758620689655,0.5277986629117476,0.5555555555555556,0.5380952380952381,0.07705141285294195,0.43333333333333335,0.35714285714285715
BugHunter,full_antlr4_file,LogisticRegression,359,6,0.4178272980501393,3,4,0.5833333333333334,0.7,0.6363636363636364,0.6708203932499369,0.6666666666666666,0.6202380952380953,0.3380617018914066,0.7,0.35714285714285715
BugHunter,full_antlr4_file,GaussianNB,359,6,0.4178272980501393,3,4,0.49019607843137253,0.8333333333333334,0.6172839506172839,0.563436169819011,0.5694444444444444,0.5884920634920634,0.23242549051998873,0.8333333333333334,0.6190476190476191
BugHunter,full_antlr4_file,DecisionTree,359,6,0.4178272980501393,3,4,0.34375,0.36666666666666664,0.3548387096774194,0.4281744192888376,0.4444444444444444,0.42936507936507934,-0.13228756555322954,0.36666666666666664,0.5
BugHunter,full_antlr4_file,RandomForest,359,6,0.4178272980501393,3,4,0.3448275862068966,0.3333333333333333,0.3389830508474576,0.4272466296411038,0.4583333333333333,0.4392857142857143,-0.11966654705336452,0.3333333333333333,0.4523809523809524
BugHunter,full_antlr4_file,KNN,359,6,0.4178272980501393,3,4,0.34615384615384615,0.3,0.32142857142857145,0.4225771273642583,0.4722222222222222,0.44047619047619047,-0.10752837157134612,0.3,0.40476190476190477
BugHunter,full_antlr4_file,Dummy,359,6,0.4178272980501393,3,5,0.42857142857142855,0.4,0.41379310344827586,0.4938647983247948,0.5211267605633803,0.5048780487804878,0.009860874847963478,0.4,0.3902439024390244
BugHunter,full_antlr4_file,LogisticRegression,359,6,0.4178272980501393,3,5,0.3888888888888889,0.4666666666666667,0.42424242424242425,0.46503780771204617,0.4647887323943662,0.43089430894308944,-0.06908131928870279,0.4666666666666667,0.5365853658536586
BugHunter,full_antlr4_file,GaussianNB,359,6,0.4178272980501393,3,5,0.3728813559322034,0.7333333333333333,0.4943820224719101,0.2674784392192284,0.36619718309859156,0.46016260162601624,-0.22289183025432005,0.7333333333333333,0.9024390243902439
BugHunter,full_antlr4_file,DecisionTree,359,6,0.4178272980501393,3,5,0.3055555555555556,0.36666666666666664,0.3333333333333333,0.3782716363862204,0.38028169014084506,0.36869918699186993,-0.24017807520142015,0.36666666666666664,0.6097560975609756
BugHunter,full_antlr4_file,RandomForest,359,6,0.4178272980501393,3,5,0.3333333333333333,0.3333333333333333,0.3333333333333333,0.4131969352706687,0.43661971830985913,0.3699186991869919,-0.15447154471544716,0.3333333333333333,0.4878048780487805
BugHunter,full_antlr4_file,KNN,359,6,0.4178272980501393,3,5,0.4375,0.4666666666666667,0.45161290322580644,0.5116528294519428,0.5211267605633803,0.540650406504065,0.027442209066339613,0.4666666666666667,0.43902439024390244
BugHunter,full_ceylon-ide-eclipse_file,Dummy,965,6,0.3844559585492228,1,1,0.3333333333333333,0.3108108108108108,0.32167832167832167,0.43665255681300863,0.49740932642487046,0.4621280944810357,-0.07684243269596705,0.3108108108108108,0.3865546218487395
BugHunter,full_ceylon-ide-eclipse_file,LogisticRegression,965,6,0.3844559585492228,1,1,0.4838709677419355,0.40540540540540543,0.4411764705882353,0.5444160410941162,0.6062176165803109,0.5895412218941631,0.14212930570309829,0.40540540540540543,0.2689075630252101
BugHunter,full_ceylon-ide-eclipse_file,GaussianNB,965,6,0.3844559585492228,1,1,0.5333333333333333,0.21621621621621623,0.3076923076923077,0.43678257097602474,0.6269430051813472,0.5796615943674769,0.13227444715249964,0.21621621621621623,0.11764705882352941
BugHunter,full_ceylon-ide-eclipse_file,DecisionTree,965,6,0.3844559585492228,1,1,0.30337078651685395,0.36486486486486486,0.3312883435582822,0.4180516764455907,0.43523316062176165,0.4132977515330457,-0.15230062467299438,0.36486486486486486,0.5210084033613446
BugHunter,full_ceylon-ide-eclipse_file,RandomForest,965,6,0.3844559585492228,1,1,0.26153846153846155,0.22972972972972974,0.2446043165467626,0.37022376620854186,0.45595854922279794,0.4147172382466501,-0.17863085695892555,0.22972972972972974,0.40336134453781514
BugHunter,full_ceylon-ide-eclipse_file,KNN,965,6,0.3844559585492228,1,1,0.30357142857142855,0.22972972972972974,0.26153846153846155,0.3929887459459297,0.5025906735751295,0.4552009993186463,-0.10499464707564957,0.22972972972972974,0.3277310924369748
BugHunter,full_ceylon-ide-eclipse_file,Dummy,965,6,0.3844559585492228,1,2,0.37681159420289856,0.35135135135135137,0.36363636363636365,0.4737008124191654,0.5284974093264249,0.4950034067681126,-0.010138132049842728,0.35135135135135137,0.36134453781512604
BugHunter,full_ceylon-ide-eclipse_file,LogisticRegression,965,6,0.3844559585492228,1,2,0.37735849056603776,0.2702702702702703,0.31496062992125984,0.4419517754144224,0.5492227979274611,0.4926754485578015,-0.007670088875945794,0.2702702702702703,0.2773109243697479
BugHunter,full_ceylon-ide-eclipse_file,GaussianNB,965,6,0.3844559585492228,1,2,0.3888888888888889,0.0945945945945946,0.15217391304347827,0.2930026560268554,0.5958549222797928,0.5334431069725187,0.0036075219604164523,0.0945945945945946,0.09243697478991597
BugHunter,full_ceylon-ide-eclipse_file,DecisionTree,965,6,0.3844559585492228,1,2,0.30864197530864196,0.33783783783783783,0.3225806451612903,0.4229129058259507,0.45595854922279794,0.4006927095162389,-0.13078973198691438,0.33783783783783783,0.47058823529411764
BugHunter,full_ceylon-ide-eclipse_file,RandomForest,965,6,0.3844559585492228,1,2,0.2631578947368421,0.20270270270270271,0.22900763358778625,0.36216097572356265,0.47668393782383417,0.4261866908925732,-0.16012665136755935,0.20270270270270271,0.35294117647058826
BugHunter,full_ceylon-ide-eclipse_file,KNN,965,6,0.3844559585492228,1,2,0.28846153846153844,0.20270270270270271,0.23809523809523808,0.37373452157737463,0.5025906735751295,0.46672723143311384,-0.11860208719276452,0.20270270270270271,0.31092436974789917
BugHunter,full_ceylon-ide-eclipse_file,Dummy,965,6,0.3844559585492228,1,3,0.3188405797101449,0.2972972972972973,0.3076923076923077,0.42411950715328406,0.48704663212435234,0.45116965705201006,-0.09907719957800848,0.2972972972972973,0.3949579831932773
BugHunter,full_ceylon-ide-eclipse_file,LogisticRegression,965,6,0.3844559585492228,1,3,0.4576271186440678,0.36486486486486486,0.40601503759398494,0.5164784053767703,0.5906735751295337,0.5561548943901886,0.1012719012516065,0.36486486486486486,0.2689075630252101
BugHunter,full_ceylon-ide-eclipse_file,GaussianNB,965,6,0.3844559585492228,1,3,0.45454545454545453,0.13513513513513514,0.20833333333333334,0.3485800663901097,0.6062176165803109,0.5804565069270952,0.052469654778446145,0.13513513513513514,0.10084033613445378
BugHunter,full_ceylon-ide-eclipse_file,DecisionTree,965,6,0.3844559585492228,1,3,0.23232323232323232,0.3108108108108108,0.2658959537572254,0.3351265265245009,0.34196891191709844,0.3327276856688621,-0.3189157142704159,0.3108108108108108,0.6386554621848739
BugHunter,full_ceylon-ide-eclipse_file,RandomForest,965,6,0.3844559585492228,1,3,0.24358974358974358,0.25675675675675674,0.25,0.3598015957173032,0.40932642487046633,0.37894617306382006,-0.23684626373128037,0.25675675675675674,0.4957983193277311
BugHunter,full_ceylon-ide-eclipse_file,KNN,965,6,0.3844559585492228,1,3,0.31666666666666665,0.25675675675675674,0.2835820895522388,0.41023693734832434,0.5025906735751295,0.4431069725187372,-0.09221226882164915,0.25675675675675674,0.3445378151260504
BugHunter,full_ceylon-ide-eclipse_file,Dummy,965,6,0.3844559585492228,1,4,0.37681159420289856,0.35135135135135137,0.36363636363636365,0.4737008124191654,0.5284974093264249,0.4950034067681126,-0.010138132049842728,0.35135135135135137,0.36134453781512604
BugHunter,full_ceylon-ide-eclipse_file,LogisticRegression,965,6,0.3844559585492228,1,4,0.5094339622641509,0.36486486486486486,0.4251968503937008,0.5339910963947283,0.6217616580310881,0.5925505337270043,0.1594636219531311,0.36486486486486486,0.2184873949579832
BugHunter,full_ceylon-ide-eclipse_file,GaussianNB,965,6,0.3844559585492228,1,4,0.56,0.1891891891891892,0.2828282828282828,0.4143683299645178,0.6321243523316062,0.588235294117647,0.1400959591784798,0.1891891891891892,0.09243697478991597
BugHunter,full_ceylon-ide-eclipse_file,DecisionTree,965,6,0.3844559585492228,1,4,0.3235294117647059,0.44594594594594594,0.375,0.43286515936926084,0.43005181347150256,0.4105723370429253,-0.1304078342720256,0.44594594594594594,0.5798319327731093
BugHunter,full_ceylon-ide-eclipse_file,RandomForest,965,6,0.3844559585492228,1,4,0.2976190476190476,0.33783783783783783,0.31645569620253167,0.4127207356464214,0.44041450777202074,0.4091528503293209,-0.1549119416685508,0.33783783783783783,0.4957983193277311
BugHunter,full_ceylon-ide-eclipse_file,KNN,965,6,0.3844559585492228,1,4,0.423728813559322,0.33783783783783783,0.37593984962406013,0.49123593243241204,0.5699481865284974,0.5408244378832614,0.05501041736625726,0.33783783783783783,0.2857142857142857
BugHunter,full_ceylon-ide-eclipse_file,Dummy,965,6,0.3844559585492228,1,5,0.3188405797101449,0.29333333333333333,0.3055555555555556,0.42011566876426176,0.48186528497409326,0.4475141242937853,-0.10676003087046092,0.29333333333333333,0.3983050847457627
BugHunter,full_ceylon-ide-eclipse_file,LogisticRegression,965,6,0.3844559585492228,1,5,0.46153846153846156,0.32,0.3779527559055118,0.49403218175557095,0.5906735751295337,0.578361581920904,0.09087160893623755,0.32,0.23728813559322035
BugHunter,full_ceylon-ide-eclipse_file,GaussianNB,965,6,0.3844559585492228,1,5,0.4090909090909091,0.12,0.18556701030927836,0.32677157314697547,0.5906735751295337,0.5684180790960452,0.015077808449034197,0.12,0.11016949152542373
BugHunter,full_ceylon-ide-eclipse_file,DecisionTree,965,6,0.3844559585492228,1,5,0.30337078651685395,0.36,0.32926829268292684,0.4133369782963032,0.43005181347150256,0.3998305084745763,-0.1617550202616463,0.36,0.5254237288135594
BugHunter,full_ceylon-ide-eclipse_file,RandomForest,965,6,0.3844559585492228,1,5,0.26666666666666666,0.26666666666666666,0.26666666666666666,0.3773233114398476,0.43005181347150256,0.422316384180791,-0.19943502824858758,0.26666666666666666,0.4661016949152542
BugHunter,full_ceylon-ide-eclipse_file,KNN,965,6,0.3844559585492228,1,5,0.3387096774193548,0.28,0.30656934306569344,0.42744808387309413,0.5077720207253886,0.4392655367231638,-0.07041597600095637,0.28,0.3474576271186441
BugHunter,full_ceylon-ide-eclipse_file,Dummy,965,6,0.3844559585492228,2,1,0.36231884057971014,0.33783783783783783,0.34965034965034963,0.46143581031455944,0.5181347150259067,0.4840449693390869,-0.032372898931884164,0.33783783783783783,0.3697478991596639
BugHunter,full_ceylon-ide-eclipse_file,LogisticRegression,965,6,0.3844559585492228,2,1,0.5098039215686274,0.35135135135135137,0.416,0.5268187945052119,0.6217616580310881,0.5812514194867137,0.1557764417869099,0.35135135135135137,0.21008403361344538
BugHunter,full_ceylon-ide-eclipse_file,GaussianNB,965,6,0.3844559585492228,2,1,0.5217391304347826,0.16216216216216217,0.24742268041237114,0.38363052859033536,0.6217616580310881,0.6227004315239608,0.10463829435813074,0.16216216216216217,0.09243697478991597
BugHunter,full_ceylon-ide-eclipse_file,DecisionTree,965,6,0.3844559585492228,2,1,0.2911392405063291,0.3108108108108108,0.3006535947712418,0.40564380907517555,0.44559585492227977,0.41358164887576654,-0.15799334193827838,0.3108108108108108,0.47058823529411764
BugHunter,full_ceylon-ide-eclipse_file,RandomForest,965,6,0.3844559585492228,2,1,0.21875,0.1891891891891892,0.2028985507246377,0.3312067831843801,0.43005181347150256,0.3993867817397229,-0.23854854165527434,0.1891891891891892,0.42016806722689076
BugHunter,full_ceylon-ide-eclipse_file,KNN,965,6,0.3844559585492228,2,1,0.3103448275862069,0.24324324324324326,0.2727272727272727,0.4018467475787655,0.5025906735751295,0.4610492845786964,-0.09851062672921602,0.24324324324324326,0.33613445378151263
BugHunter,full_ceylon-ide-eclipse_file,Dummy,965,6,0.3844559585492228,2,2,0.4057971014492754,0.3783783783783784,0.3916083916083916,0.4980087535384834,0.5492227979274611,0.516920281626164,0.03433140171424015,0.3783783783783784,0.3445378151260504
BugHunter,full_ceylon-ide-eclipse_file,LogisticRegression,965,6,0.3844559585492228,2,2,0.44642857142857145,0.33783783783783783,0.38461538461538464,0.499829632569306,0.5854922279792746,0.541051555757438,0.08285209114544306,0.33783783783783783,0.2605042016806723
BugHunter,full_ceylon-ide-eclipse_file,GaussianNB,965,6,0.3844559585492228,2,2,0.5416666666666666,0.17567567567567569,0.2653061224489796,0.3992953138618606,0.6269430051813472,0.5656938451056097,0.12264946578325812,0.17567567567567569,0.09243697478991597
BugHunter,full_ceylon-ide-eclipse_file,DecisionTree,965,6,0.3844559585492228,2,2,0.25274725274725274,0.3108108108108108,0.2787878787878788,0.3649720992139443,0.38341968911917096,0.3497047467635703,-0.25384731098753077,0.3108108108108108,0.5714285714285714
BugHunter,full_ceylon-ide-eclipse_file,RandomForest,965,6,0.3844559585492228,2,2,0.2318840579710145,0.21621621621621623,0.22377622377622378,0.3462921274954087,0.42487046632124353,0.37020213490801723,-0.2324858008702571,0.21621621621621623,0.44537815126050423
BugHunter,full_ceylon-ide-eclipse_file,KNN,965,6,0.3844559585492228,2,2,0.36,0.24324324324324326,0.2903225806451613,0.421702852113137,0.5440414507772021,0.4552009993186464,-0.028481711149988855,0.24324324324324326,0.2689075630252101
BugHunter,full_ceylon-ide-eclipse_file,Dummy,965,6,0.3844559585492228,2,3,0.4492753623188406,0.4189189189189189,0.43356643356643354,0.5339910963947283,0.5803108808290155,0.549795593913241,0.10103570236036447,0.4189189189189189,0.31932773109243695
BugHunter,full_ceylon-ide-eclipse_file,LogisticRegression,965,6,0.3844559585492228,2,3,0.3333333333333333,0.21621621621621623,0.26229508196721313,0.3975852618332093,0.533678756476684,0.45616625028389735,-0.05926851148740724,0.21621621621621623,0.2689075630252101
BugHunter,full_ceylon-ide-eclipse_file,GaussianNB,965,6,0.3844559585492228,2,3,0.3333333333333333,0.10810810810810811,0.16326530612244897,0.30589632910644654,0.5751295336787565,0.4994322053145583,-0.038819476209707895,0.10810810810810811,0.13445378151260504
BugHunter,full_ceylon-ide-eclipse_file,DecisionTree,965,6,0.3844559585492228,2,3,0.30927835051546393,0.40540540540540543,0.3508771929824561,0.42089421694509443,0.42487046632124353,0.38854190324778565,-0.15327758243829676,0.40540540540540543,0.5630252100840336
BugHunter,full_ceylon-ide-eclipse_file,RandomForest,965,6,0.3844559585492228,2,3,0.2602739726027397,0.25675675675675674,0.2585034013605442,0.37449337417918466,0.43523316062176165,0.3420395185101067,-0.19754138095956672,0.25675675675675674,0.453781512605042
BugHunter,full_ceylon-ide-eclipse_file,KNN,965,6,0.3844559585492228,2,3,0.21818181818181817,0.16216216216216217,0.18604651162790697,0.32181633057471487,0.45595854922279794,0.37610719963661143,-0.2145454756439184,0.16216216216216217,0.36134453781512604
BugHunter,full_ceylon-ide-eclipse_file,Dummy,965,6,0.3844559585492228,2,4,0.34782608695652173,0.32432432432432434,0.3356643356643357,0.44908871313907184,0.5077720207253886,0.47308653191006134,-0.05460766581392561,0.32432432432432434,0.37815126050420167
BugHunter,full_ceylon-ide-eclipse_file,LogisticRegression,965,6,0.3844559585492228,2,4,0.5098039215686274,0.35135135135135137,0.416,0.5268187945052119,0.6217616580310881,0.5851124233477175,0.1557764417869099,0.35135135135135137,0.21008403361344538
BugHunter,full_ceylon-ide-eclipse_file,GaussianNB,965,6,0.3844559585492228,2,4,0.42105263157894735,0.10810810810810811,0.17204301075268819,0.3132330149335051,0.6010362694300518,0.5902225755166932,0.025576335560177233,0.10810810810810811,0.09243697478991597
BugHunter,full_ceylon-ide-eclipse_file,DecisionTree,965,6,0.3844559585492228,2,4,0.27058823529411763,0.3108108108108108,0.2893081761006289,0.38584422572176114,0.41450777202072536,0.3765614353849648,-0.20587126712742934,0.3108108108108108,0.5210084033613446
BugHunter,full_ceylon-ide-eclipse_file,RandomForest,965,6,0.3844559585492228,2,4,0.25,0.25675675675675674,0.25333333333333335,0.3657491324529355,0.41968911917098445,0.3903588462411992,-0.22115754385681002,0.25675675675675674,0.4789915966386555
BugHunter,full_ceylon-ide-eclipse_file,KNN,965,6,0.3844559585492228,2,4,0.3125,0.2702702702702703,0.2898550724637681,0.4127207356464214,0.49222797927461137,0.4546899841017488,-0.10273772000492641,0.2702702702702703,0.3697478991596639
BugHunter,full_ceylon-ide-eclipse_file,Dummy,965,6,0.3844559585492228,2,5,0.391304347826087,0.36,0.375,0.4815230075288833,0.533678756476684,0.5020338983050847,0.0041370948453569355,0.36,0.3559322033898305
BugHunter,full_ceylon-ide-eclipse_file,LogisticRegression,965,6,0.3844559585492228,2,5,0.48333333333333334,0.38666666666666666,0.42962962962962964,0.5339332783810276,0.6010362694300518,0.5610169491525424,0.13053697566178066,0.38666666666666666,0.2627118644067797
BugHunter,full_ceylon-ide-eclipse_file,GaussianNB,965,6,0.3844559585492228,2,5,0.5416666666666666,0.17333333333333334,0.26262626262626265,0.3964532018321177,0.6217616580310881,0.5514124293785311,0.11833838190436426,0.17333333333333334,0.09322033898305085
BugHunter,full_ceylon-ide-eclipse_file,DecisionTree,965,6,0.3844559585492228,2,5,0.29069767441860467,0.3333333333333333,0.3105590062111801,0.40126917294073605,0.42487046632124353,0.39451977401129945,-0.18006968941658819,0.3333333333333333,0.5169491525423728
BugHunter,full_ceylon-ide-eclipse_file,RandomForest,965,6,0.3844559585492228,2,5,0.3108108108108108,0.30666666666666664,0.3087248322147651,0.4172820314671011,0.46632124352331605,0.38384180790960454,-0.12584996034235624,0.30666666666666664,0.4322033898305085
BugHunter,full_ceylon-ide-eclipse_file,KNN,965,6,0.3844559585492228,2,5,0.29508196721311475,0.24,0.2647058823529412,0.3905667329424716,0.48186528497409326,0.40186440677966095,-0.13042588746891512,0.24,0.3644067796610169
BugHunter,full_ceylon-ide-eclipse_file,Dummy,965,6,0.3844559585492228,3,1,0.391304347826087,0.36486486486486486,0.3776223776223776,0.48588993630932226,0.538860103626943,0.5059618441971383,0.01209663483219871,0.36486486486486486,0.35294117647058826
BugHunter,full_ceylon-ide-eclipse_file,LogisticRegression,965,6,0.3844559585492228,3,1,0.4318181818181818,0.25675675675675674,0.3220338983050847,0.4503512647254263,0.5854922279792746,0.561548943901885,0.05409199620152729,0.25675675675675674,0.21008403361344538
BugHunter,full_ceylon-ide-eclipse_file,GaussianNB,965,6,0.3844559585492228,3,1,0.4666666666666667,0.0945945945945946,0.15730337078651685,0.2970442628930023,0.6113989637305699,0.551442198501022,0.04970179472501006,0.0945945945945946,0.06722689075630252
BugHunter,full_ceylon-ide-eclipse_file,DecisionTree,965,6,0.3844559585492228,3,1,0.2361111111111111,0.22972972972972974,0.2328767123287671,0.35149982013099745,0.41968911917098445,0.35742675448557804,-0.23370584202016947,0.22972972972972974,0.46218487394957986
BugHunter,full_ceylon-ide-eclipse_file,RandomForest,965,6,0.3844559585492228,3,1,0.2153846153846154,0.1891891891891892,0.2014388489208633,0.3287979746107146,0.42487046632124353,0.34124460595048833,-0.24627458892702098,0.1891891891891892,0.42857142857142855
BugHunter,full_ceylon-ide-eclipse_file,KNN,965,6,0.3844559585492228,3,1,0.24,0.16216216216216217,0.1935483870967742,0.3322337834264828,0.48186528497409326,0.39995457642516463,-0.17441897447603794,0.16216216216216217,0.31932773109243695
BugHunter,full_ceylon-ide-eclipse_file,Dummy,965,6,0.3844559585492228,3,2,0.34782608695652173,0.32432432432432434,0.3356643356643357,0.44908871313907184,0.5077720207253886,0.47308653191006134,-0.05460766581392561,0.32432432432432434,0.37815126050420167
BugHunter,full_ceylon-ide-eclipse_file,LogisticRegression,965,6,0.3844559585492228,3,2,0.43859649122807015,0.33783783783783783,0.3816793893129771,0.4969815772915116,0.5803108808290155,0.5962411991823757,0.07346702749819238,0.33783783783783783,0.2689075630252101
BugHunter,full_ceylon-ide-eclipse_file,GaussianNB,965,6,0.3844559585492228,3,2,0.6,0.20270270270270271,0.30303030303030304,0.4308930982731684,0.6424870466321243,0.5737565296388826,0.17183131143369884,0.20270270270270271,0.08403361344537816
BugHunter,full_ceylon-ide-eclipse_file,DecisionTree,965,6,0.3844559585492228,3,2,0.30337078651685395,0.36486486486486486,0.3312883435582822,0.4180516764455907,0.43523316062176165,0.4152850329320918,-0.15230062467299438,0.36486486486486486,0.5210084033613446
BugHunter,full_ceylon-ide-eclipse_file,RandomForest,965,6,0.3844559585492228,3,2,0.28169014084507044,0.2702702702702703,0.27586206896551724,0.39298874594592964,0.45595854922279794,0.4168180785827845,-0.1596115604448489,0.2702702702702703,0.42857142857142855
BugHunter,full_ceylon-ide-eclipse_file,KNN,965,6,0.3844559585492228,3,2,0.2857142857142857,0.1891891891891892,0.22764227642276422,0.36543851742242256,0.5077720207253886,0.4807517601635248,-0.11722043929149137,0.1891891891891892,0.29411764705882354
BugHunter,full_ceylon-ide-eclipse_file,Dummy,965,6,0.3844559585492228,3,3,0.37681159420289856,0.35135135135135137,0.36363636363636365,0.4737008124191654,0.5284974093264249,0.4950034067681126,-0.010138132049842728,0.35135135135135137,0.36134453781512604
BugHunter,full_ceylon-ide-eclipse_file,LogisticRegression,965,6,0.3844559585492228,3,3,0.4,0.2702702702702703,0.3225806451612903,0.4495941592339262,0.5647668393782384,0.5066999772882126,0.020164043292027506,0.2702702702702703,0.25210084033613445
BugHunter,full_ceylon-ide-eclipse_file,GaussianNB,965,6,0.3844559585492228,3,3,0.5,0.14864864864864866,0.22916666666666666,0.36729826743527993,0.616580310880829,0.5656370656370657,0.08600158647460543,0.14864864864864866,0.09243697478991597
BugHunter,full_ceylon-ide-eclipse_file,DecisionTree,965,6,0.3844559585492228,3,3,0.2891566265060241,0.32432432432432434,0.3057324840764331,0.40438208343993476,0.43523316062176165,0.38133091074267544,-0.16840392831775808,0.32432432432432434,0.4957983193277311
BugHunter,full_ceylon-ide-eclipse_file,RandomForest,965,6,0.3844559585492228,3,3,0.24324324324324326,0.24324324324324326,0.24324324324324326,0.35885350027300505,0.41968911917098445,0.40881217351805593,-0.2273449920508744,0.24324324324324326,0.47058823529411764
BugHunter,full_ceylon-ide-eclipse_file,KNN,965,6,0.3844559585492228,3,3,0.2878787878787879,0.25675675675675674,0.2714285714285714,0.39414290040144223,0.47150259067357514,0.41068589598001365,-0.14165353255322014,0.25675675675675674,0.3949579831932773
BugHunter,full_ceylon-ide-eclipse_file,Dummy,965,6,0.3844559585492228,3,4,0.391304347826087,0.36486486486486486,0.3776223776223776,0.48588993630932226,0.538860103626943,0.5059618441971383,0.01209663483219871,0.36486486486486486,0.35294117647058826
BugHunter,full_ceylon-ide-eclipse_file,LogisticRegression,965,6,0.3844559585492228,3,4,0.4647887323943662,0.44594594594594594,0.45517241379310347,0.55094740115292,0.5906735751295337,0.5466159436747672,0.12766634856241502,0.44594594594594594,0.31932773109243695
BugHunter,full_ceylon-ide-eclipse_file,GaussianNB,965,6,0.3844559585492228,3,4,0.41379310344827586,0.16216216216216217,0.23300970873786409,0.37282185960072,0.5906735751295337,0.5840336134453782,0.026268704665375814,0.16216216216216217,0.14285714285714285
BugHunter,full_ceylon-ide-eclipse_file,DecisionTree,965,6,0.3844559585492228,3,4,0.23529411764705882,0.2702702702702703,0.25157232704402516,0.3502051570942621,0.38341968911917096,0.33550987962752665,-0.27026860028074196,0.2702702702702703,0.5462184873949579
BugHunter,full_ceylon-ide-eclipse_file,RandomForest,965,6,0.3844559585492228,3,4,0.21621621621621623,0.21621621621621623,0.21621621621621623,0.3329166901767295,0.39896373056994816,0.3638996138996139,-0.27117874176697704,0.21621621621621623,0.48739495798319327
BugHunter,full_ceylon-ide-eclipse_file,KNN,965,6,0.3844559585492228,3,4,0.359375,0.3108108108108108,0.3333333333333333,0.4513587632211186,0.5233160621761658,0.4441857824210765,-0.03483230917975245,0.3108108108108108,0.3445378151260504
BugHunter,full_ceylon-ide-eclipse_file,Dummy,965,6,0.3844559585492228,3,5,0.34782608695652173,0.32,0.3333333333333333,0.44493381720758796,0.5025906735751295,0.4693220338983051,-0.06240118058413378,0.32,0.3813559322033898
BugHunter,full_ceylon-ide-eclipse_file,LogisticRegression,965,6,0.3844559585492228,3,5,0.4482758620689655,0.3466666666666667,0.39097744360902253,0.5026483534556125,0.5803108808290155,0.5699435028248587,0.08024610211264023,0.3466666666666667,0.2711864406779661
BugHunter,full_ceylon-ide-eclipse_file,GaussianNB,965,6,0.3844559585492228,3,5,0.4,0.13333333333333333,0.2,0.34115125793548007,0.5854922279792746,0.552090395480226,0.009021243573927253,0.13333333333333333,0.1271186440677966
BugHunter,full_ceylon-ide-eclipse_file,DecisionTree,965,6,0.3844559585492228,3,5,0.2631578947368421,0.3333333333333333,0.29411764705882354,0.3682298471593293,0.37823834196891193,0.34271186440677964,-0.25338526746741374,0.3333333333333333,0.5932203389830508
BugHunter,full_ceylon-ide-eclipse_file,RandomForest,965,6,0.3844559585492228,3,5,0.19736842105263158,0.2,0.1986754966887417,0.31082176482917895,0.37305699481865284,0.36480225988700565,-0.31619973616932195,0.2,0.5169491525423728
BugHunter,full_ceylon-ide-eclipse_file,KNN,965,6,0.3844559585492228,3,5,0.38,0.25333333333333335,0.304,0.43218012566168423,0.5492227979274611,0.4342372881355932,-0.010434062555497465,0.25333333333333335,0.2627118644067797
BugHunter,full_elasticsearch_file,Dummy,20220,6,0.48550939663699305,1,1,0.4768447837150127,0.4773306164034641,0.4770875763747454,0.4914595641133708,0.4920870425321464,0.49166867196915154,-0.016662182919871326,0.4773306164034641,0.493993272465161
BugHunter,full_elasticsearch_file,LogisticRegression,20220,6,0.48550939663699305,1,1,0.5303612605687933,0.3515028018339277,0.4227941176470588,0.49829556616714205,0.5341246290801187,0.539622614720234,0.06194095457839787,0.3515028018339277,0.2936088419029313
BugHunter,full_elasticsearch_file,GaussianNB,20220,6,0.48550939663699305,1,1,0.5673202614379085,0.22109016811003565,0.3181818181818182,0.43118902591047403,0.5400593471810089,0.5282441653041625,0.07916089734451531,0.22109016811003565,0.15905814512253724
BugHunter,full_elasticsearch_file,DecisionTree,20220,6,0.48550939663699305,1,1,0.37816593886462885,0.4411614875191034,0.40724194686103926,0.37320327043960816,0.3766073194856578,0.34915408874852727,-0.24518456001952177,0.4411614875191034,0.6842864007688612
BugHunter,full_elasticsearch_file,RandomForest,20220,6,0.48550939663699305,1,1,0.3338632750397456,0.32093734080489045,0.32727272727272727,0.3564820697273733,0.35954500494559843,0.32028654568919535,-0.2836114621402776,0.32093734080489045,0.6040365209034119
BugHunter,full_elasticsearch_file,KNN,20220,6,0.48550939663699305,1,1,0.4136504653567735,0.40753948038716253,0.4105722350526046,0.43064934706572133,0.431998021760633,0.42779319868308546,-0.13746258643752265,0.40753948038716253,0.5449303219605959
BugHunter,full_elasticsearch_file,Dummy,20220,6,0.48550939663699305,1,2,0.489058524173028,0.48955680081507896,0.4893075356415479,0.5033538046029696,0.5039564787339268,0.5035482226084045,0.007096243710816547,0.48955680081507896,0.48246035559827005
BugHunter,full_elasticsearch_file,LogisticRegression,20220,6,0.48550939663699305,1,2,0.5548387096774193,0.35048395313295977,0.4295972525757103,0.5074599495090625,0.548219584569733,0.5534964111409466,0.09237891502842968,0.35048395313295977,0.2652570879384911
BugHunter,full_elasticsearch_file,GaussianNB,20220,6,0.48550939663699305,1,2,0.5728715728715729,0.2022414671421294,0.2989457831325301,0.4165030381664395,0.539564787339268,0.544820040523838,0.07958097157690254,0.2022414671421294,0.142239308024988
BugHunter,full_elasticsearch_file,DecisionTree,20220,6,0.48550939663699305,1,2,0.39323919554985026,0.46816097809475293,0.4274418604651163,0.3862053894290408,0.39119683481701284,0.37549127870897525,-0.21578597498315435,0.46816097809475293,0.6814031715521384
BugHunter,full_elasticsearch_file,RandomForest,20220,6,0.48550939663699305,1,2,0.3551255230125523,0.34589913397860417,0.3504516129032258,0.37543661310954984,0.3775964391691395,0.33485507844180284,-0.2468650394248711,0.34589913397860417,0.5925036040365209
BugHunter,full_elasticsearch_file,KNN,20220,6,0.48550939663699305,1,2,0.4282755049197307,0.4212939378502292,0.42475603492552644,0.4447375986012947,0.44609297725024727,0.443506895833369,-0.10928446314588908,0.4212939378502292,0.5305141758769822
BugHunter,full_elasticsearch_file,Dummy,20220,6,0.48550939663699305,1,3,0.49923664122137407,0.499745287824758,0.4994908350305499,0.5132649730904285,0.5138476755687438,0.5134478481411152,0.02689493256972311,0.499745287824758,0.47284959154252765
BugHunter,full_elasticsearch_file,LogisticRegression,20220,6,0.48550939663699305,1,3,0.5301659125188537,0.35812531839021905,0.42748555792034054,0.5009106144204639,0.5343719090009891,0.5414543147214335,0.06254717599488582,0.35812531839021905,0.2993753003363767
BugHunter,full_elasticsearch_file,GaussianNB,20220,6,0.48550939663699305,1,3,0.5647668393782384,0.22210901681100356,0.31882998171846433,0.4315635633869581,0.5393175074183977,0.533373170105383,0.0771256202458776,0.22210901681100356,0.16146083613647286
BugHunter,full_elasticsearch_file,DecisionTree,20220,6,0.48550939663699305,1,3,0.3900343642611684,0.4625573102394294,0.42321137264041014,0.3833076298491315,0.3879821958456973,0.3691245759183041,-0.22227338120531445,0.4625573102394294,0.6823642479577127
BugHunter,full_elasticsearch_file,RandomForest,20220,6,0.48550939663699305,1,3,0.34425377015080605,0.337238920020377,0.34071024189397836,0.36453541847109816,0.3664688427299703,0.3254193448572743,-0.26892786639401484,0.337238920020377,0.6059586737145604
BugHunter,full_elasticsearch_file,KNN,20220,6,0.48550939663699305,1,3,0.415979381443299,0.41110545084055017,0.41352805534204456,0.4327576423689779,0.43397626112759646,0.4265600294540787,-0.13339729411685336,0.41110545084055017,0.5444497837578087
BugHunter,full_elasticsearch_file,Dummy,20220,6,0.48550939663699305,1,4,0.4926208651399491,0.49287169042769857,0.49274624586408755,0.5065817007978753,0.5071711177052424,0.5067723836753878,0.013544576705781085,0.49287169042769857,0.4793269230769231
BugHunter,full_elasticsearch_file,LogisticRegression,20220,6,0.48550939663699305,1,4,0.5318215069495245,0.37016293279022405,0.4365055538877214,0.5062278595433557,0.5358555885262116,0.5437231954018487,0.06600393348498514,0.37016293279022405,0.3076923076923077
BugHunter,full_elasticsearch_file,GaussianNB,20220,6,0.48550939663699305,1,4,0.5425950196592398,0.21079429735234215,0.30363036303630364,0.41883821040887814,0.5304154302670623,0.5329643927228576,0.054936933944687676,0.21079429735234215,0.16778846153846153
BugHunter,full_elasticsearch_file,DecisionTree,20220,6,0.48550939663699305,1,4,0.38830715532286214,0.4531568228105906,0.4182330827067669,0.3843327921576337,0.3877349159248269,0.36987346760927453,-0.22278588267344537,0.4531568228105906,0.6740384615384616
BugHunter,full_elasticsearch_file,RandomForest,20220,6,0.48550939663699305,1,4,0.35507246376811596,0.34928716904276985,0.3521560574948665,0.3742335108782543,0.3758654797230465,0.33909260927463575,-0.24989619051291986,0.34928716904276985,0.5990384615384615
BugHunter,full_elasticsearch_file,KNN,20220,6,0.48550939663699305,1,4,0.41950228542407314,0.42057026476578413,0.42003559623696923,0.4352686714975921,0.43595450049455986,0.4380848053423155,-0.1289402074621151,0.42057026476578413,0.5495192307692308
BugHunter,full_elasticsearch_file,Dummy,20220,6,0.48550939663699305,1,5,0.4712468193384224,0.4714867617107943,0.4713667599898193,0.4857674929255175,0.4863996043521266,0.48598376547078176,-0.028032074496479917,0.4714867617107943,0.49951923076923077
BugHunter,full_elasticsearch_file,LogisticRegression,20220,6,0.48550939663699305,1,5,0.5236250968241674,0.34419551934826886,0.4153609831029186,0.4923679224720369,0.5294263105835806,0.5289559425426915,0.0520210166952042,0.34419551934826886,0.2956730769230769
BugHunter,full_elasticsearch_file,GaussianNB,20220,6,0.48550939663699305,1,5,0.5426666666666666,0.20723014256619143,0.2999263080324245,0.41600131612534186,0.5301681503461919,0.5307172127134576,0.05442773343057489,0.20723014256619143,0.16490384615384615
BugHunter,full_elasticsearch_file,DecisionTree,20220,6,0.48550939663699305,1,5,0.37410394265232977,0.42515274949083504,0.39799809342230696,0.373638121859703,0.37537091988130566,0.3591524851167162,-0.24772006790148315,0.42515274949083504,0.6716346153846153
BugHunter,full_elasticsearch_file,RandomForest,20220,6,0.48550939663699305,1,5,0.34627831715210355,0.3268839103869654,0.3363017286537454,0.3693388285789879,0.3733926805143422,0.3287295110057966,-0.2565903290261873,0.3268839103869654,0.5826923076923077
BugHunter,full_elasticsearch_file,KNN,20220,6,0.48550939663699305,1,5,0.4117336152219873,0.3966395112016293,0.404045643153527,0.42941731950891204,0.4317507418397626,0.4300981366520445,-0.13868660155539494,0.3966395112016293,0.5350961538461538
BugHunter,full_elasticsearch_file,Dummy,20220,6,0.48550939663699305,2,1,0.49363867684478374,0.49414161996943456,0.4938900203665988,0.5078139064824021,0.5084075173095944,0.5080030540981242,0.0160056536973245,0.49414161996943456,0.478135511773186
BugHunter,full_elasticsearch_file,LogisticRegression,20220,6,0.48550939663699305,2,1,0.5611745513866232,0.35048395313295977,0.4314832235810599,0.509777886300455,0.5516815034619189,0.5538749910342783,0.09998917280945596,0.35048395313295977,0.2585295530994714
BugHunter,full_elasticsearch_file,GaussianNB,20220,6,0.48550939663699305,2,1,0.5918079096045198,0.21344880285277637,0.3137401722201423,0.4287260022030445,0.5467359050445104,0.5393007055319177,0.09807305006295118,0.21344880285277637,0.13887554060547813
BugHunter,full_elasticsearch_file,DecisionTree,20220,6,0.48550939663699305,2,1,0.38611713665943603,0.4533876719307183,0.41705716963448924,0.3809218878268781,0.3847675568743818,0.37033803891943295,-0.2287287652460189,0.4533876719307183,0.679961556943777
BugHunter,full_elasticsearch_file,RandomForest,20220,6,0.48550939663699305,2,1,0.35294117647058826,0.34233316352521653,0.3475562451512801,0.37371651625056246,0.37611275964391694,0.3356154206006703,-0.25000967217813524,0.34233316352521653,0.5920230658337338
BugHunter,full_elasticsearch_file,KNN,20220,6,0.48550939663699305,2,1,0.4171974522292994,0.40040753948038715,0.4086301013776969,0.43490243776558124,0.4374381800197824,0.43399564210846353,-0.12746644903090257,0.40040753948038715,0.5276309466602594
BugHunter,full_elasticsearch_file,Dummy,20220,6,0.48550939663699305,2,2,0.48346055979643765,0.48395313295975545,0.48370672097759676,0.49790239473504494,0.49851632047477745,0.49810342856541356,-0.003793035161582062,0.48395313295975545,0.4877462758289284
BugHunter,full_elasticsearch_file,LogisticRegression,20220,6,0.48550939663699305,2,2,0.5466568699485672,0.3790117167600611,0.44765342960288806,0.5163697782396399,0.5459940652818991,0.5459769552188823,0.08727988097099929,0.3790117167600611,0.29649207111965403
BugHunter,full_elasticsearch_file,GaussianNB,20220,6,0.48550939663699305,2,2,0.5393700787401575,0.20937340804890472,0.301651376146789,0.4172033361591888,0.5294263105835806,0.5403516227527863,0.0520225729909195,0.20937340804890472,0.16866890917827967
BugHunter,full_elasticsearch_file,DecisionTree,20220,6,0.48550939663699305,2,2,0.3828619670747151,0.46204788588894546,0.41874422899353647,0.37072577191914285,0.37734915924826906,0.36320389483190096,-0.24401665440503512,0.46204788588894546,0.7025468524747718
BugHunter,full_elasticsearch_file,RandomForest,20220,6,0.48550939663699305,2,2,0.34680306905370845,0.3453897096281202,0.3460949464012251,0.3652974843357036,0.3664688427299703,0.32282069315493767,-0.2682906785734387,0.3453897096281202,0.6136472849591542
BugHunter,full_elasticsearch_file,KNN,20220,6,0.48550939663699305,2,2,0.40661577608142496,0.4070300560366786,0.40682281059063136,0.4230461497537938,0.423837784371909,0.42613652915309974,-0.1532731360463266,0.4070300560366786,0.5603075444497838
BugHunter,full_elasticsearch_file,Dummy,20220,6,0.48550939663699305,2,3,0.4875318066157761,0.4880285277636271,0.48778004073319753,0.5018670756901336,0.5024727992087042,0.5020632787784979,0.004126440381980563,0.4880285277636271,0.48390197020663145
BugHunter,full_elasticsearch_file,LogisticRegression,20220,6,0.48550939663699305,2,3,0.5157088122605364,0.34284258787570043,0.4118727050183599,0.48859108108229105,0.5247279920870426,0.5345954458295379,0.041844930770529296,0.34284258787570043,0.30370014416146085
BugHunter,full_elasticsearch_file,GaussianNB,20220,6,0.48550939663699305,2,3,0.5551181102362205,0.21548650025471217,0.31045871559633026,0.42471545917330605,0.5353610286844708,0.5235299704798259,0.06720528761404067,0.21548650025471217,0.16290245074483423
BugHunter,full_elasticsearch_file,DecisionTree,20220,6,0.48550939663699305,2,3,0.3766122098022356,0.44625573102394295,0.40848682676614595,0.36784981570999853,0.37265084075173094,0.3545431912779501,-0.25329711400584753,0.44625573102394295,0.6967803940413263
BugHunter,full_elasticsearch_file,RandomForest,20220,6,0.48550939663699305,2,3,0.33420639078051334,0.3250127356087621,0.32954545454545453,0.35567771794197617,0.3580613254203759,0.32358740005821296,-0.286076729040133,0.3250127356087621,0.6107640557424315
BugHunter,full_elasticsearch_file,KNN,20220,6,0.48550939663699305,2,3,0.42225689027561103,0.41365257259296995,0.417910447761194,0.4391043018438014,0.4406528189910979,0.4410710347091545,-0.12031848044384225,0.41365257259296995,0.5338779432964921
BugHunter,full_elasticsearch_file,Dummy,20220,6,0.48550939663699305,2,4,0.489058524173028,0.4893075356415479,0.4891829982183762,0.5031128621805381,0.5037091988130564,0.5033076139746201,0.0066151348387375845,0.4893075356415479,0.4826923076923077
BugHunter,full_elasticsearch_file,LogisticRegression,20220,6,0.48550939663699305,2,4,0.5197368421052632,0.3620162932790224,0.4267707082833133,0.4976624132536112,0.5276953511374877,0.5328803070656432,0.048752463095213965,0.3620162932790224,0.3158653846153846
BugHunter,full_elasticsearch_file,GaussianNB,20220,6,0.48550939663699305,2,4,0.5487646293888166,0.21486761710794297,0.3088181485547018,0.4231098127873595,0.5328882294757665,0.5200123864170453,0.06118470353661092,0.21486761710794297,0.16682692307692307
BugHunter,full_elasticsearch_file,DecisionTree,20220,6,0.48550939663699305,2,4,0.38137082601054484,0.4419551934826884,0.40943396226415096,0.37786971835310273,0.380811078140455,0.36199817875607077,-0.2367465477627513,0.4419551934826884,0.676923076923077
BugHunter,full_elasticsearch_file,RandomForest,20220,6,0.48550939663699305,2,4,0.35051546391752575,0.34623217922606925,0.3483606557377049,0.36945280936641806,0.37091988130563797,0.3295310786464045,-0.2596438516864641,0.34623217922606925,0.6057692307692307
BugHunter,full_elasticsearch_file,KNN,20220,6,0.48550939663699305,2,4,0.4186046511627907,0.4215885947046843,0.4200913242009132,0.43416442354348245,0.43471810089020774,0.4272466904276986,-0.13127307868835966,0.4215885947046843,0.5528846153846154
BugHunter,full_elasticsearch_file,Dummy,20220,6,0.48550939663699305,2,5,0.48346055979643765,0.48370672097759676,0.4835836090608297,0.4976616754310663,0.498269040553907,0.49786297587341377,-0.004273988095187915,0.48370672097759676,0.4879807692307692
BugHunter,full_elasticsearch_file,LogisticRegression,20220,6,0.48550939663699305,2,5,0.5313971742543171,0.34470468431771895,0.41815935762816553,0.49574974632600344,0.5341246290801187,0.540353894132853,0.062064623082361936,0.34470468431771895,0.28701923076923075
BugHunter,full_elasticsearch_file,GaussianNB,20220,6,0.48550939663699305,2,5,0.5584958217270195,0.20417515274949083,0.29903057419835943,0.4160024929990437,0.5351137487636004,0.5475042348817171,0.06771239738088115,0.20417515274949083,0.15240384615384617
BugHunter,full_elasticsearch_file,DecisionTree,20220,6,0.48550939663699305,2,5,0.38120333772507686,0.4419551934826884,0.40933742041971233,0.3775884606153213,0.3805637982195846,0.364019661601128,-0.2372459616692131,0.4419551934826884,0.6774038461538462
BugHunter,full_elasticsearch_file,RandomForest,20220,6,0.48550939663699305,2,5,0.35368421052631577,0.3421588594704684,0.34782608695652173,0.3743708493213077,0.3768545994065282,0.3307426709619301,-0.2485764950486968,0.3421588594704684,0.5903846153846154
BugHunter,full_elasticsearch_file,KNN,20220,6,0.48550939663699305,2,5,0.4205263157894737,0.40682281059063136,0.4135610766045549,0.43758489921749655,0.43966369930761623,0.4348063214789284,-0.12267720889296395,0.40682281059063136,0.5293269230769231
BugHunter,full_elasticsearch_file,Dummy,20220,6,0.48550939663699305,3,1,0.4865139949109415,0.4870096790626592,0.48676171079429736,0.5008759151154163,0.5014836795252225,0.5010733162252268,0.0021465714960899065,0.4870096790626592,0.4848630466122057
BugHunter,full_elasticsearch_file,LogisticRegression,20220,6,0.48550939663699305,3,1,0.5222641509433962,0.3525216505348956,0.4209245742092457,0.49526899188927637,0.5291790306627102,0.5363583576315611,0.0514753124193951,0.3525216505348956,0.30418068236424795
BugHunter,full_elasticsearch_file,GaussianNB,20220,6,0.48550939663699305,3,1,0.5455729166666666,0.21344880285277637,0.30684730867813986,0.42148756413257177,0.5318991097922848,0.5312736612433333,0.058283953668002986,0.21344880285277637,0.16770783277270543
BugHunter,full_elasticsearch_file,DecisionTree,20220,6,0.48550939663699305,3,1,0.3843830888697153,0.45389709628120223,0.41625788367203925,0.3776865648428725,0.38204747774480713,0.3608236028223235,-0.23425584470639566,0.45389709628120223,0.6857280153772225
BugHunter,full_elasticsearch_file,RandomForest,20220,6,0.48550939663699305,3,1,0.35449466734382934,0.35557819663779927,0.3550356052899288,0.3720266322801597,0.37289812067260136,0.3253325640152529,-0.2551648721258303,0.35557819663779927,0.6107640557424315
BugHunter,full_elasticsearch_file,KNN,20220,6,0.48550939663699305,3,1,0.4071207430340557,0.401935812531839,0.4045116636759805,0.42427776056084154,0.42556874381800197,0.4213739867510501,-0.1502683507136063,0.401935812531839,0.5521383950024027
BugHunter,full_elasticsearch_file,Dummy,20220,6,0.48550939663699305,3,2,0.48346055979643765,0.48395313295975545,0.48370672097759676,0.49790239473504494,0.49851632047477745,0.49810342856541356,-0.003793035161582062,0.48395313295975545,0.4877462758289284
BugHunter,full_elasticsearch_file,LogisticRegression,20220,6,0.48550939663699305,3,2,0.5338983050847458,0.35303107488537955,0.4250229990800368,0.5003957427297486,0.5363501483679525,0.5475574926138365,0.06670136158212372,0.35303107488537955,0.29072561268620856
BugHunter,full_elasticsearch_file,GaussianNB,20220,6,0.48550939663699305,3,2,0.566621803499327,0.21446765155374428,0.31116038433111604,0.425772666815663,0.5390702274975272,0.5333073194805487,0.07709090871807588,0.21446765155374428,0.15473330129745314
BugHunter,full_elasticsearch_file,DecisionTree,20220,6,0.48550939663699305,3,2,0.3942683456361268,0.4625573102394294,0.42569151429910923,0.3904889890435725,0.39416419386745793,0.3790160007226433,-0.209740238417923,0.4625573102394294,0.6703507928880346
BugHunter,full_elasticsearch_file,RandomForest,20220,6,0.48550939663699305,3,2,0.3534177215189873,0.35557819663779927,0.35449466734382934,0.37064619474687915,0.3714144411473788,0.34290819370267295,-0.2580289185542315,0.35557819663779927,0.6136472849591542
BugHunter,full_elasticsearch_file,KNN,20220,6,0.48550939663699305,3,2,0.4122448979591837,0.4116148751910341,0.41192964567932705,0.4286643309477102,0.42952522255192876,0.43159319589238976,-0.1419714424663276,0.4116148751910341,0.553580009610764
BugHunter,full_elasticsearch_file,Dummy,20220,6,0.48550939663699305,3,3,0.48447837150127226,0.48497198166072336,0.4847250509164969,0.4988935746762719,0.49950544015825915,0.49909339111868467,-0.0018131662756914059,0.48497198166072336,0.48678519942335413
BugHunter,full_elasticsearch_file,LogisticRegression,20220,6,0.48550939663699305,3,3,0.537080405932865,0.35048395313295977,0.4241676942046856,0.500609970205375,0.5380811078140455,0.543668756179616,0.07039420023676927,0.35048395313295977,0.2849591542527631
BugHunter,full_elasticsearch_file,GaussianNB,20220,6,0.48550939663699305,3,3,0.5578800557880056,0.20376974019358127,0.29850746268656714,0.4156072320263198,0.5351137487636004,0.5317527306589493,0.06731375621369033,0.20376974019358127,0.15233061028351755
BugHunter,full_elasticsearch_file,DecisionTree,20220,6,0.48550939663699305,3,3,0.382404181184669,0.44727457972491086,0.41230335759567976,0.37749206951366115,0.38105835806132543,0.36485909557471563,-0.23620766525953069,0.44727457972491086,0.6814031715521384
BugHunter,full_elasticsearch_file,RandomForest,20220,6,0.48550939663699305,3,3,0.34415924567836564,0.3346917982679572,0.3393595041322314,0.36514365644689784,0.367457962413452,0.3290944951570415,-0.2672460208193939,0.3346917982679572,0.6016338298894762
BugHunter,full_elasticsearch_file,KNN,20220,6,0.48550939663699305,3,3,0.41626794258373206,0.3988792664289353,0.40738813735691987,0.43407167781356837,0.43669634025717113,0.4346740993825464,-0.1290109097520593,0.3988792664289353,0.5276309466602594
BugHunter,full_elasticsearch_file,Dummy,20220,6,0.48550939663699305,3,4,0.4916030534351145,0.49185336048879835,0.49172817510817,0.5055906117375114,0.5061819980217607,0.5057824494751684,0.011564736172340084,0.49185336048879835,0.48028846153846155
BugHunter,full_elasticsearch_file,LogisticRegression,20220,6,0.48550939663699305,3,4,0.5206489675516224,0.3594704684317719,0.42530120481927713,0.49712769692187053,0.5281899109792285,0.5300637435375215,0.04972591962173496,0.3594704684317719,0.3125
BugHunter,full_elasticsearch_file,GaussianNB,20220,6,0.48550939663699305,3,4,0.5545571245186136,0.219959266802444,0.3149835946044477,0.42809361022974435,0.5353610286844708,0.5436966355945481,0.06733658095255497,0.219959266802444,0.16682692307692307
BugHunter,full_elasticsearch_file,DecisionTree,20220,6,0.48550939663699305,3,4,0.3792502179598954,0.4429735234215886,0.40864255519023013,0.3737740417817771,0.37734915924826906,0.361667833503055,-0.24375798445594643,0.4429735234215886,0.6846153846153846
BugHunter,full_elasticsearch_file,RandomForest,20220,6,0.48550939663699305,3,4,0.34027055150884494,0.3329938900203666,0.3365928975810602,0.3605491529334492,0.36251236399604353,0.3230612564624784,-0.2768464451104157,0.3329938900203666,0.6096153846153847
BugHunter,full_elasticsearch_file,KNN,20220,6,0.48550939663699305,3,4,0.4112734864300626,0.40122199592668023,0.4061855670103093,0.42852797016367083,0.43026706231454004,0.42739074984333386,-0.14122182877266395,0.40122199592668023,0.5423076923076923
BugHunter,full_elasticsearch_file,Dummy,20220,6,0.48550939663699305,3,5,0.48193384223918573,0.48217922606924646,0.4820565029269534,0.49617495464608846,0.4967853610286845,0.4963780745730847,-0.007243748895349416,0.48217922606924646,0.4894230769230769
BugHunter,full_elasticsearch_file,LogisticRegression,20220,6,0.48550939663699305,3,5,0.539906103286385,0.3513238289205703,0.4256631708821715,0.5020032718775016,0.539564787339268,0.5439569706642644,0.0737792981619268,0.3513238289205703,0.2826923076923077
BugHunter,full_elasticsearch_file,GaussianNB,20220,6,0.48550939663699305,3,5,0.5698478561549101,0.20977596741344195,0.3066617045031634,0.4223865837499019,0.5393175074183977,0.5349077872865424,0.0785967214457946,0.20977596741344195,0.14951923076923077
BugHunter,full_elasticsearch_file,DecisionTree,20220,6,0.48550939663699305,3,5,0.38208567719601905,0.4495926680244399,0.41309941520467836,0.37540645892148505,0.3795746785361029,0.3652702980573398,-0.23930521237457866,0.4495926680244399,0.6865384615384615
BugHunter,full_elasticsearch_file,RandomForest,20220,6,0.48550939663699305,3,5,0.3509590461378953,0.34470468431771895,0.3478037503210891,0.3704308033943717,0.3721562809099901,0.33238901182829395,-0.2573849384644331,0.34470468431771895,0.6019230769230769
BugHunter,full_elasticsearch_file,KNN,20220,6,0.48550939663699305,3,5,0.419917864476386,0.4164969450101833,0.418200408997955,0.43615016918117366,0.437190900098912,0.4348448760379132,-0.12680506899788738,0.4164969450101833,0.5432692307692307
BugHunter,full_hazelcast_file,Dummy,17395,6,0.4934751365334866,1,1,0.5126436781609195,0.5062429057888763,0.5094231867504283,0.5061791075814672,0.5061799367634378,0.5061791116014853,0.012357189856684242,0.5062429057888763,0.4938846825859057
BugHunter,full_hazelcast_file,LogisticRegression,17395,6,0.4934751365334866,1,1,0.5354260089686098,0.3388195232690125,0.41501564129301355,0.4864169021311112,0.516240298936476,0.5282966885858646,0.03977938715214499,0.3388195232690125,0.30168899242865466
BugHunter,full_hazelcast_file,GaussianNB,17395,6,0.4934751365334866,1,1,0.5425531914893617,0.14472190692395007,0.22849462365591397,0.35580902277361237,0.5050301810865191,0.5223393692110081,0.028525987807330705,0.14472190692395007,0.1252184041933605
BugHunter,full_hazelcast_file,DecisionTree,17395,6,0.4934751365334866,1,1,0.324468085106383,0.27695800227014755,0.2988364972443356,0.33626434500440655,0.34176487496407015,0.31036053962610655,-0.31767013852595694,0.27695800227014755,0.5917297612114153
BugHunter,full_hazelcast_file,RandomForest,17395,6,0.4934751365334866,1,1,0.3377851975514747,0.3444948921679909,0.3411070525428491,0.3251708105165001,0.32595573440643866,0.2777608835197468,-0.3487358316356555,0.3444948921679909,0.693069306930693
BugHunter,full_hazelcast_file,KNN,17395,6,0.4934751365334866,1,1,0.4284188034188034,0.4551645856980704,0.4413869014859659,0.4141438579628141,0.4164989939637827,0.40766931737575174,-0.16849083242110005,0.4551645856980704,0.623179965055329
BugHunter,full_hazelcast_file,Dummy,17395,6,0.4934751365334866,1,2,0.5166666666666667,0.5102156640181612,0.5134209023415192,0.5102039297192225,0.5102040816326531,0.5102039298541592,0.02040615328291275,0.5102156640181612,0.4898078043098428
BugHunter,full_hazelcast_file,LogisticRegression,17395,6,0.4934751365334866,1,2,0.5652173913043478,0.3246311010215664,0.4124008651766402,0.4913662954915631,0.5314745616556482,0.5389785790357096,0.07526273513914102,0.3246311010215664,0.256260920209668
BugHunter,full_hazelcast_file,GaussianNB,17395,6,0.4934751365334866,1,2,0.5735294117647058,0.15493757094211125,0.24396782841823056,0.36962059472604564,0.5136533486634091,0.5404732801516781,0.053403395882561246,0.15493757094211125,0.11822947000582411
BugHunter,full_hazelcast_file,DecisionTree,17395,6,0.4934751365334866,1,2,0.33847184986595175,0.2866061293984109,0.31038721573448064,0.3490752192771072,0.35498706524863466,0.32320383003113023,-0.29117194168205335,0.2866061293984109,0.574839836924869
BugHunter,full_hazelcast_file,RandomForest,17395,6,0.4934751365334866,1,2,0.3364002300172513,0.33200908059023837,0.3341902313624679,0.32994688368371383,0.3299798792756539,0.2795079517967154,-0.34006498649598765,0.33200908059023837,0.6721025043680838
BugHunter,full_hazelcast_file,KNN,17395,6,0.4934751365334866,1,2,0.42049656629688326,0.4517593643586833,0.4355677154582763,0.4038910959844035,0.4070135096292038,0.397176660979178,-0.18786291641479744,0.4517593643586833,0.638905066977286
BugHunter,full_hazelcast_file,Dummy,17395,6,0.4934751365334866,1,3,0.5005747126436781,0.49432463110102154,0.4974300399771559,0.49410460787744426,0.4941075021557919,0.49410465684346355,-0.011789700422001273,0.49432463110102154,0.5061153174140943
BugHunter,full_hazelcast_file,LogisticRegression,17395,6,0.4934751365334866,1,3,0.5429417571569596,0.31214528944381387,0.3963963963963964,0.4774655186180014,0.5185398102903133,0.5349496290351476,0.04675870251469413,0.31214528944381387,0.26965637740244613
BugHunter,full_hazelcast_file,GaussianNB,17395,6,0.4934751365334866,1,3,0.5775280898876405,0.14585698070374575,0.23289533303126417,0.360397861019119,0.5133659097441794,0.5251382152303499,0.054433732469906834,0.14585698070374575,0.10949330227140361
BugHunter,full_hazelcast_file,DecisionTree,17395,6,0.4934751365334866,1,3,0.3313373253493014,0.282633371169126,0.30505359877488514,0.34234703318604326,0.3478010922678931,0.32236905168783553,-0.3055012712664561,0.282633371169126,0.5853232382061736
BugHunter,full_hazelcast_file,RandomForest,17395,6,0.4934751365334866,1,3,0.341643059490085,0.3422247446083995,0.3419336546640204,0.3325960200534926,0.3328542684679506,0.28350269092476454,-0.3345450111052891,0.3422247446083995,0.6767617938264414
BugHunter,full_hazelcast_file,KNN,17395,6,0.4934751365334866,1,3,0.42764927380311996,0.45119182746878544,0.4391052195526098,0.41424002122876113,0.41621155504455304,0.4001845734416534,-0.168878548892773,0.45119182746878544,0.6196854979615609
BugHunter,full_hazelcast_file,Dummy,17395,6,0.4934751365334866,1,4,0.5137931034482759,0.5073779795686719,0.5105653912050258,0.5073290573150941,0.5073296924403564,0.5073290596736778,0.01465689369274953,0.5073779795686719,0.49271986022131625
BugHunter,full_hazelcast_file,LogisticRegression,17395,6,0.4934751365334866,1,4,0.5409326424870466,0.29625425652667425,0.38283828382838286,0.4688477820761308,0.516240298936476,0.5347698153670611,0.04270994320930194,0.29625425652667425,0.2580081537565521
BugHunter,full_hazelcast_file,GaussianNB,17395,6,0.4934751365334866,1,4,0.5488372093023256,0.13393870601589103,0.21532846715328466,0.34468140418580456,0.5056050589249784,0.5330027494303147,0.03182574680304191,0.13393870601589103,0.11298776936517181
BugHunter,full_hazelcast_file,DecisionTree,17395,6,0.4934751365334866,1,4,0.32628797886393657,0.28036322360953464,0.30158730158730157,0.3373585830306746,0.3423397528025295,0.31073289274577454,-0.3163392772667723,0.28036322360953464,0.594059405940594
BugHunter,full_hazelcast_file,RandomForest,17395,6,0.4934751365334866,1,4,0.3314285714285714,0.32917139614074914,0.33029612756264237,0.3238318495703444,0.323943661971831,0.26353180487308264,-0.3522266357616766,0.32917139614074914,0.6814210832847991
BugHunter,full_hazelcast_file,KNN,17395,6,0.4934751365334866,1,4,0.41504329004329005,0.43530079455164583,0.4249307479224377,0.40154862228614246,0.40327680367921814,0.3861405971003724,-0.19464845350497084,0.43530079455164583,0.6295864880605707
BugHunter,full_hazelcast_file,Dummy,17395,6,0.4934751365334866,1,5,0.5074712643678161,0.500850822461713,0.5041393091635741,0.5007167685823166,0.5007185972980741,0.5007167865222317,0.0014334422769439203,0.500850822461713,0.4994172494172494
BugHunter,full_hazelcast_file,LogisticRegression,17395,6,0.4934751365334866,1,5,0.527235354573484,0.2909812819058423,0.375,0.46149681100715895,0.5084794481172751,0.533066550579313,0.025525656482527245,0.2909812819058423,0.2680652680652681
BugHunter,full_hazelcast_file,GaussianNB,17395,6,0.4934751365334866,1,5,0.5389908256880734,0.13329551900170164,0.21373351523419737,0.34304844072677076,0.5030181086519114,0.5109111204545124,0.02440637027390655,0.13329551900170164,0.11713286713286714
BugHunter,full_hazelcast_file,DecisionTree,17395,6,0.4934751365334866,1,5,0.3333333333333333,0.2819058423142371,0.3054701905347265,0.34439908999322,0.35038804254096007,0.3246137252802029,-0.3004022311497216,0.2819058423142371,0.5792540792540792
BugHunter,full_hazelcast_file,RandomForest,17395,6,0.4934751365334866,1,5,0.34063400576368874,0.3352240499149178,0.3379073756432247,0.3342773548591637,0.3342914630640989,0.2803845096102612,-0.3314134785251373,0.3352240499149178,0.6666666666666666
BugHunter,full_hazelcast_file,KNN,17395,6,0.4934751365334866,1,5,0.42367256637168144,0.43448667044809985,0.42901148137776535,0.4131041284110674,0.4139120436907157,0.40271321134905935,-0.17285775135715808,0.43448667044809985,0.6072261072261073
BugHunter,full_hazelcast_file,Dummy,17395,6,0.4934751365334866,2,1,0.5028735632183908,0.4965947786606129,0.49971444888635064,0.49640451653994777,0.4964070135096292,0.49640455298784864,-0.007190292749870699,0.4965947786606129,0.5037856726849156
BugHunter,full_hazelcast_file,LogisticRegression,17395,6,0.4934751365334866,2,1,0.5429726996966633,0.3047673098751419,0.3904034896401309,0.47385373262799474,0.5179649324518539,0.5360703243322931,0.046017286799619084,0.3047673098751419,0.26324985439720444
BugHunter,full_hazelcast_file,GaussianNB,17395,6,0.4934751365334866,2,1,0.555045871559633,0.1373439273552781,0.22020018198362148,0.34903544715050505,0.5073296924403564,0.5152218550291966,0.03677923242134831,0.1373439273552781,0.11298776936517181
BugHunter,full_hazelcast_file,DecisionTree,17395,6,0.4934751365334866,2,1,0.33978638184245663,0.2888762769580023,0.3122699386503067,0.3499745640357324,0.355561943087094,0.32385416714870396,-0.2899119247940166,0.2888762769580023,0.5760046592894583
BugHunter,full_hazelcast_file,RandomForest,17395,6,0.4934751365334866,2,1,0.33390607101947306,0.33087400681044266,0.33238312428734323,0.3267390636415674,0.3268180511641276,0.27632667119285875,-0.3464436321035161,0.33087400681044266,0.6773442050087362
BugHunter,full_hazelcast_file,KNN,17395,6,0.4934751365334866,2,1,0.41707988980716254,0.4296254256526674,0.42325971484484204,0.40607153524069634,0.4070135096292038,0.39216799091940974,-0.18672596186612378,0.4296254256526674,0.6161910308677927
BugHunter,full_hazelcast_file,Dummy,17395,6,0.4934751365334866,2,2,0.49482758620689654,0.48864926220204313,0.49171901770416904,0.48835482777712746,0.4883587237711986,0.48835491648250084,-0.02328821960232771,0.48864926220204313,0.5119394292370414
BugHunter,full_hazelcast_file,LogisticRegression,17395,6,0.4934751365334866,2,2,0.5399811853245532,0.3257661748013621,0.4063716814159292,0.4826885867572539,0.5179649324518539,0.5341566639804796,0.044463975994024525,0.3257661748013621,0.2847990681421083
BugHunter,full_hazelcast_file,GaussianNB,17395,6,0.4934751365334866,2,2,0.5634743875278396,0.14358683314415438,0.22885572139303484,0.35664551588724674,0.5099166427134234,0.5302838940500847,0.04389312101785806,0.14358683314415438,0.11415259172976121
BugHunter,full_hazelcast_file,DecisionTree,17395,6,0.4934751365334866,2,2,0.32640750670241286,0.2763904653802497,0.2993239090350338,0.33854497954418206,0.34463926415636675,0.3147535792505604,-0.3120820117983177,0.2763904653802497,0.5853232382061736
BugHunter,full_hazelcast_file,RandomForest,17395,6,0.4934751365334866,2,2,0.32825322391559203,0.3178206583427923,0.3229527104959631,0.32510523892080434,0.32509341764874966,0.280101766603181,-0.34965815577103837,0.3178206583427923,0.6674432149097262
BugHunter,full_hazelcast_file,KNN,17395,6,0.4934751365334866,2,2,0.4240223463687151,0.4307604994324631,0.42736486486486486,0.41485358379502635,0.41534923828686404,0.40630947651084803,-0.16976278705997178,0.4307604994324631,0.6004659289458357
BugHunter,full_hazelcast_file,Dummy,17395,6,0.4934751365334866,2,3,0.49885057471264366,0.492622020431328,0.49571673329525984,0.4923796751243115,0.4923828686404139,0.4923797347351748,-0.015239256176099204,0.492622020431328,0.5078625509609784
BugHunter,full_hazelcast_file,LogisticRegression,17395,6,0.4934751365334866,2,3,0.5483549351944168,0.31214528944381387,0.39783001808318263,0.4793655082918294,0.5214141994826099,0.5357630875593402,0.05332446824526445,0.31214528944381387,0.2638322655794991
BugHunter,full_hazelcast_file,GaussianNB,17395,6,0.4934751365334866,2,3,0.5545243619489559,0.13564131668558457,0.21796625626994984,0.3470929341239364,0.5070422535211268,0.5255378378860788,0.03614548153626908,0.13564131668558457,0.11182294700058241
BugHunter,full_hazelcast_file,DecisionTree,17395,6,0.4934751365334866,2,3,0.33400673400673403,0.2814982973893303,0.3055127810286418,0.3454764340892537,0.35182523713710834,0.32357419991181197,-0.2976850171454049,0.2814982973893303,0.5760046592894583
BugHunter,full_hazelcast_file,RandomForest,17395,6,0.4934751365334866,2,3,0.3440800444691495,0.351305334846765,0.3476551530468969,0.3314701064313461,0.33227939062949124,0.27999549804750123,-0.3361084370280381,0.351305334846765,0.6872451951077461
BugHunter,full_hazelcast_file,KNN,17395,6,0.4934751365334866,2,3,0.42297511911064056,0.4534619750283768,0.4376883045740893,0.406929392863471,0.40988789882150045,0.398599139142064,-0.18202454115381986,0.4534619750283768,0.634828188701223
BugHunter,full_hazelcast_file,Dummy,17395,6,0.4934751365334866,2,4,0.5103448275862069,0.5039727582292849,0.5071387778412336,0.5038792067742155,0.5038804254096004,0.5038792154571001,0.007757782184553668,0.5039727582292849,0.49621432731508447
BugHunter,full_hazelcast_file,LogisticRegression,17395,6,0.4934751365334866,2,4,0.5421002838221382,0.32519863791146425,0.4065271372827244,0.48324876149777096,0.5191146881287726,0.5288938087906407,0.047083422216952574,0.32519863791146425,0.28188701223063484
BugHunter,full_hazelcast_file,GaussianNB,17395,6,0.4934751365334866,2,4,0.5519630484988453,0.13564131668558457,0.21776765375854215,0.3468652575273654,0.5064673756826674,0.5214669093269746,0.0343095814326187,0.13564131668558457,0.11298776936517181
BugHunter,full_hazelcast_file,DecisionTree,17395,6,0.4934751365334866,2,4,0.3231500339443313,0.27014755959137343,0.29428129829984545,0.33657482213389134,0.34377694739867776,0.31199621598001426,-0.31419971674132274,0.27014755959137343,0.5806639487478159
BugHunter,full_hazelcast_file,RandomForest,17395,6,0.4934751365334866,2,4,0.3348891481913652,0.3257661748013621,0.3302646720368239,0.330868751865756,0.3308421960333429,0.2740842889790749,-0.3381906216642795,0.3257661748013621,0.663948747815958
BugHunter,full_hazelcast_file,KNN,17395,6,0.4934751365334866,2,4,0.4208754208754209,0.42565266742338254,0.42325056433408575,0.4120859597189005,0.4124748490945674,0.40203824081413286,-0.17543336877014665,0.42565266742338254,0.6010483401281305
BugHunter,full_hazelcast_file,Dummy,17395,6,0.4934751365334866,2,5,0.4954022988505747,0.48893930799773117,0.49214958606908366,0.48864205781487813,0.48864616269042827,0.48864214817135976,-0.022713631578542795,0.48893930799773117,0.5116550116550117
BugHunter,full_hazelcast_file,LogisticRegression,17395,6,0.4934751365334866,2,5,0.5541666666666667,0.3017583664208735,0.390745501285347,0.4759145140458912,0.5231388329979879,0.5413569461357324,0.05854341928812603,0.3017583664208735,0.2494172494172494
BugHunter,full_hazelcast_file,GaussianNB,17395,6,0.4934751365334866,2,5,0.5577342047930284,0.1452070334656835,0.2304230423042304,0.35781179178619393,0.5084794481172751,0.5365066961777114,0.039752746415355256,0.1452070334656835,0.1182983682983683
BugHunter,full_hazelcast_file,DecisionTree,17395,6,0.4934751365334866,2,5,0.326072157930565,0.27169597277368124,0.2964108910891089,0.33904025745253397,0.34636389767174475,0.3127218782352078,-0.308957660324374,0.27169597277368124,0.5769230769230769
BugHunter,full_hazelcast_file,RandomForest,17395,6,0.4934751365334866,2,5,0.3432084963666853,0.3482699943278503,0.34572072072072074,0.33135842723953984,0.3319919517102616,0.28765914082136435,-0.3365675338516201,0.3482699943278503,0.6847319347319347
BugHunter,full_hazelcast_file,KNN,17395,6,0.4934751365334866,2,5,0.42864806866952787,0.45320476460578557,0.4405845051006341,0.4146475331920652,0.41678643288301237,0.4055707716371357,-0.16783976632751588,0.45320476460578557,0.6206293706293706
BugHunter,full_hazelcast_file,Dummy,17395,6,0.4934751365334866,3,1,0.4982758620689655,0.49205448354143017,0.49514563106796117,0.49180469729840914,0.4918079908019546,0.4918047606990785,-0.016389108094131848,0.49205448354143017,0.5084449621432732
BugHunter,full_hazelcast_file,LogisticRegression,17395,6,0.4934751365334866,3,1,0.5476923076923077,0.3030646992054484,0.39020825721592983,0.47457828883569664,0.5202644438056913,0.533666638680961,0.05145308543364208,0.3030646992054484,0.25684333139196275
BugHunter,full_hazelcast_file,GaussianNB,17395,6,0.4934751365334866,3,1,0.5488721804511278,0.12429057888762769,0.2026839426191578,0.3335576393188758,0.5047427421672894,0.5331890086251063,0.030527587645181736,0.12429057888762769,0.10483401281304601
BugHunter,full_hazelcast_file,DecisionTree,17395,6,0.4934751365334866,3,1,0.3204868154158215,0.2690124858115778,0.29250231410058625,0.33399584802576926,0.34090255820638116,0.3086744559479651,-0.31989169858780836,0.2690124858115778,0.5853232382061736
BugHunter,full_hazelcast_file,RandomForest,17395,6,0.4934751365334866,3,1,0.33429228998849253,0.329738933030647,0.332,0.32793968870446943,0.32796780684104626,0.2747309901585071,-0.34408214539862253,0.329738933030647,0.6738497379149679
BugHunter,full_hazelcast_file,KNN,17395,6,0.4934751365334866,3,1,0.4206008583690987,0.4449489216799092,0.43243243243243246,0.4062932880822098,0.4084507042253521,0.39315019002734886,-0.18451295677719734,0.4449489216799092,0.6290040768782761
BugHunter,full_hazelcast_file,Dummy,17395,6,0.4934751365334866,3,2,0.49885057471264366,0.492622020431328,0.49571673329525984,0.4923796751243115,0.4923828686404139,0.4923797347351748,-0.015239256176099204,0.492622020431328,0.5078625509609784
BugHunter,full_hazelcast_file,LogisticRegression,17395,6,0.4934751365334866,3,2,0.555992141453831,0.32122587968217936,0.4071942446043165,0.4864804349891491,0.5263006611095142,0.5434881339506055,0.06370988798217171,0.32122587968217936,0.26324985439720444
BugHunter,full_hazelcast_file,GaussianNB,17395,6,0.4934751365334866,3,2,0.5809935205183585,0.15266742338251987,0.24179775280898877,0.36799167349248635,0.5150905432595574,0.5226983354675189,0.0584049709458497,0.15266742338251987,0.11298776936517181
BugHunter,full_hazelcast_file,DecisionTree,17395,6,0.4934751365334866,3,2,0.33513513513513515,0.2814982973893303,0.30598396051819865,0.34666079283935297,0.35326243173325667,0.3249373461750261,-0.29486952082981194,0.2814982973893303,0.5730926033779848
BugHunter,full_hazelcast_file,RandomForest,17395,6,0.4934751365334866,3,2,0.34839816933638446,0.3456299659477866,0.347008547008547,0.3411021571409152,0.3411899971256108,0.29177213641775473,-0.31771358281540746,0.3456299659477866,0.6633663366336634
BugHunter,full_hazelcast_file,KNN,17395,6,0.4934751365334866,3,2,0.43313798614810867,0.46140749148694665,0.4468260511129431,0.4189032828251212,0.42138545559068696,0.41174090701451793,-0.15876153127668322,0.46140749148694665,0.6196854979615609
BugHunter,full_hazelcast_file,Dummy,17395,6,0.4934751365334866,3,3,0.49195402298850577,0.4858115777525539,0.48886350656767563,0.4854799331015735,0.485484334578902,0.48548004630201946,-0.029037479192490927,0.4858115777525539,0.5148514851485149
BugHunter,full_hazelcast_file,LogisticRegression,17395,6,0.4934751365334866,3,3,0.5184834123222749,0.3104426787741203,0.3883564075257366,0.46753993699330026,0.5047427421672894,0.5190262032145659,0.01585577575779006,0.3104426787741203,0.29586488060570765
BugHunter,full_hazelcast_file,GaussianNB,17395,6,0.4934751365334866,3,3,0.5305676855895196,0.13791146424517595,0.21891891891891893,0.34733616392829775,0.5015809140557631,0.5071033009690766,0.018769224661848882,0.13791146424517595,0.1252184041933605
BugHunter,full_hazelcast_file,DecisionTree,17395,6,0.4934751365334866,3,3,0.34341397849462363,0.29001135073779793,0.31446153846153846,0.353539717301949,0.3595860879563093,0.32748927894058016,-0.2819434543636644,0.29001135073779793,0.569015725101922
BugHunter,full_hazelcast_file,RandomForest,17395,6,0.4934751365334866,3,3,0.34544405997693195,0.33995459704880815,0.3426773455377574,0.33945859072638296,0.33946536361023283,0.29025991669074097,-0.3210568387956317,0.33995459704880815,0.6610366919044846
BugHunter,full_hazelcast_file,KNN,17395,6,0.4934751365334866,3,3,0.4391592920353982,0.45062429057888764,0.4448179271708683,0.4295362429065475,0.43029606208680654,0.41717993993430197,-0.14003756257098704,0.45062429057888764,0.5905649388468258
BugHunter,full_hazelcast_file,Dummy,17395,6,0.4934751365334866,3,4,0.5189655172413793,0.5124858115777525,0.5157053112507138,0.5125038256819424,0.5125035929864904,0.5125038259985443,0.025005560955043322,0.5124858115777525,0.48747815958066393
BugHunter,full_hazelcast_file,LogisticRegression,17395,6,0.4934751365334866,3,4,0.5561172901921132,0.31214528944381387,0.3998545983278808,0.4820129119006063,0.5254383443518252,0.5408272883107232,0.0625868806062858,0.31214528944381387,0.2556785090273733
BugHunter,full_hazelcast_file,GaussianNB,17395,6,0.4934751365334866,3,4,0.577922077922078,0.1515323496027242,0.24010791366906475,0.3665007411991973,0.5142282265018684,0.540952232366857,0.05592815279692801,0.1515323496027242,0.11357018054746651
BugHunter,full_hazelcast_file,DecisionTree,17395,6,0.4934751365334866,3,4,0.33793556870479946,0.2917139614074915,0.31312823636917453,0.3473142754627247,0.35182523713710834,0.3140728324685309,-0.2971026118166138,0.2917139614074915,0.586488060570763
BugHunter,full_hazelcast_file,RandomForest,17395,6,0.4934751365334866,3,4,0.33178654292343385,0.3246311010215664,0.32816982214572576,0.3268391999071017,0.3268180511641276,0.2790803985252635,-0.34629135772598735,0.3246311010215664,0.6709376820034945
BugHunter,full_hazelcast_file,KNN,17395,6,0.4934751365334866,3,4,0.43463497453310695,0.4358683314415437,0.43525077925758004,0.426928092062464,0.4271342339752803,0.41559086969657094,-0.1459664707620319,0.4358683314415437,0.5818287711124054
BugHunter,full_hazelcast_file,Dummy,17395,6,0.4934751365334866,3,5,0.5040229885057471,0.497447532614861,0.5007136739937197,0.49726685703939166,0.4972693302673182,0.497266889850554,-0.005465721681766569,0.497447532614861,0.502913752913753
BugHunter,full_hazelcast_file,LogisticRegression,17395,6,0.4934751365334866,3,5,0.5375722543352601,0.316505955757232,0.39842913245269546,0.47746499482127963,0.5156654210980167,0.5304058297535326,0.040195827449093675,0.316505955757232,0.27972027972027974
BugHunter,full_hazelcast_file,GaussianNB,17395,6,0.4934751365334866,3,5,0.5291576673866091,0.13896766874645491,0.22012578616352202,0.34830054254671905,0.5010060362173038,0.5157859960043738,0.01755689786830271,0.13896766874645491,0.12703962703962704
BugHunter,full_hazelcast_file,DecisionTree,17395,6,0.4934751365334866,3,5,0.33205374280230326,0.2943845717526943,0.31208659049909804,0.33953419365124005,0.3423397528025295,0.3073887022412264,-0.3156072251483006,0.2943845717526943,0.6083916083916084
BugHunter,full_hazelcast_file,RandomForest,17395,6,0.4934751365334866,3,5,0.3299944351697273,0.3363584798638684,0.33314606741573033,0.3167944243176164,0.3176200057487784,0.26818723911747167,-0.3654395932224733,0.3363584798638684,0.7016317016317016
BugHunter,full_hazelcast_file,KNN,17395,6,0.4934751365334866,3,5,0.42332613390928725,0.4446965399886557,0.43374827109266945,0.40978941512801537,0.4116125323368784,0.39021712830561384,-0.17803759598104651,0.4446965399886557,0.6223776223776224
BugHunter,full_junit_file,Dummy,191,6,0.4607329842931937,1,1,0.625,0.5555555555555556,0.5882352941176471,0.629940788348712,0.6410256410256411,0.6349206349206349,0.27348301713730944,0.5555555555555556,0.2857142857142857
BugHunter,full_junit_file,LogisticRegression,191,6,0.4607329842931937,1,1,0.6,0.5,0.5454545454545454,0.5976143046671968,0.6153846153846154,0.6256613756613757,0.21957751641341997,0.5,0.2857142857142857
BugHunter,full_junit_file,GaussianNB,191,6,0.4607329842931937,1,1,0.46875,0.8333333333333334,0.6,0.3984095364447979,0.48717948717948717,0.5912698412698413,0.030929478706587094,0.8333333333333334,0.8095238095238095
BugHunter,full_junit_file,DecisionTree,191,6,0.4607329842931937,1,1,0.3076923076923077,0.2222222222222222,0.25806451612903225,0.3563483225498992,0.41025641025641024,0.4470899470899471,-0.2182178902359924,0.2222222222222222,0.42857142857142855
BugHunter,full_junit_file,RandomForest,191,6,0.4607329842931937,1,1,0.4166666666666667,0.2777777777777778,0.3333333333333333,0.4303314829119352,0.48717948717948717,0.4113756613756614,-0.0600068583185913,0.2777777777777778,0.3333333333333333
BugHunter,full_junit_file,KNN,191,6,0.4607329842931937,1,1,0.5263157894736842,0.5555555555555556,0.5405405405405406,0.563436169819011,0.5641025641025641,0.5291005291005292,0.1266495173722607,0.5555555555555556,0.42857142857142855
BugHunter,full_junit_file,Dummy,191,6,0.4607329842931937,1,2,0.5333333333333333,0.4444444444444444,0.48484848484848486,0.5374838498865699,0.5526315789473685,0.5472222222222222,0.09647574015265818,0.4444444444444444,0.35
BugHunter,full_junit_file,LogisticRegression,191,6,0.4607329842931937,1,2,0.38461538461538464,0.2777777777777778,0.3225806451612903,0.408248290463863,0.4473684210526316,0.55,-0.12863517616503095,0.2777777777777778,0.4
BugHunter,full_junit_file,GaussianNB,191,6,0.4607329842931937,1,2,0.4090909090909091,0.5,0.45,0.4183300132670378,0.42105263157894735,0.40555555555555556,-0.15169496905422947,0.5,0.65
BugHunter,full_junit_file,DecisionTree,191,6,0.4607329842931937,1,2,0.3333333333333333,0.3888888888888889,0.358974358974359,0.3415650255319866,0.34210526315789475,0.39861111111111114,-0.31241556593546993,0.3888888888888889,0.7
BugHunter,full_junit_file,RandomForest,191,6,0.4607329842931937,1,2,0.35294117647058826,0.3333333333333333,0.34285714285714286,0.3872983346207417,0.39473684210526316,0.3277777777777778,-0.21757512627648798,0.3333333333333333,0.55
BugHunter,full_junit_file,KNN,191,6,0.4607329842931937,1,2,0.5,0.5555555555555556,0.5263157894736842,0.5270462766947299,0.5263157894736842,0.4555555555555555,0.05555555555555555,0.5555555555555556,0.5
BugHunter,full_junit_file,Dummy,191,6,0.4607329842931937,1,3,0.5333333333333333,0.4444444444444444,0.48484848484848486,0.5374838498865699,0.5526315789473685,0.5472222222222222,0.09647574015265818,0.4444444444444444,0.35
BugHunter,full_junit_file,LogisticRegression,191,6,0.4607329842931937,1,3,0.4166666666666667,0.2777777777777778,0.3333333333333333,0.42491829279939874,0.47368421052631576,0.5222222222222221,-0.0775791113542719,0.2777777777777778,0.35
BugHunter,full_junit_file,GaussianNB,191,6,0.4607329842931937,1,3,0.4444444444444444,0.2222222222222222,0.2962962962962963,0.408248290463863,0.5,0.4472222222222222,-0.03262334552859464,0.2222222222222222,0.25
BugHunter,full_junit_file,DecisionTree,191,6,0.4607329842931937,1,3,0.34782608695652173,0.4444444444444444,0.3902439024390244,0.3333333333333333,0.34210526315789475,0.32638888888888884,-0.31212739461154115,0.4444444444444444,0.75
BugHunter,full_junit_file,RandomForest,191,6,0.4607329842931937,1,3,0.2777777777777778,0.2777777777777778,0.2777777777777778,0.31180478223116176,0.3157894736842105,0.31666666666666665,-0.37222222222222223,0.2777777777777778,0.65
BugHunter,full_junit_file,KNN,191,6,0.4607329842931937,1,3,0.4117647058823529,0.3888888888888889,0.4,0.44095855184409843,0.4473684210526316,0.3875,-0.1115769878340964,0.3888888888888889,0.5
BugHunter,full_junit_file,Dummy,191,6,0.4607329842931937,1,4,0.4666666666666667,0.4117647058823529,0.4375,0.5048781642974013,0.5263157894736842,0.5154061624649859,0.03134361106013412,0.4117647058823529,0.38095238095238093
BugHunter,full_junit_file,LogisticRegression,191,6,0.4607329842931937,1,4,0.375,0.35294117647058826,0.36363636363636365,0.42996970774675736,0.4473684210526316,0.5182072829131653,-0.12412156325548754,0.35294117647058826,0.47619047619047616
BugHunter,full_junit_file,GaussianNB,191,6,0.4607329842931937,1,4,0.52,0.7647058823529411,0.6190476190476191,0.5724780279075999,0.5789473684210527,0.526610644257703,0.20256914833653536,0.7647058823529411,0.5714285714285714
BugHunter,full_junit_file,DecisionTree,191,6,0.4607329842931937,1,4,0.3157894736842105,0.35294117647058826,0.3333333333333333,0.36667939881128453,0.3684210526315789,0.33193277310924374,-0.26462806201248157,0.35294117647058826,0.6190476190476191
BugHunter,full_junit_file,RandomForest,191,6,0.4607329842931937,1,4,0.26666666666666666,0.23529411764705882,0.25,0.3347309635022892,0.3684210526315789,0.30532212885154064,-0.2934901762903468,0.23529411764705882,0.5238095238095238
BugHunter,full_junit_file,KNN,191,6,0.4607329842931937,1,4,0.3157894736842105,0.35294117647058826,0.3333333333333333,0.36667939881128453,0.3684210526315789,0.3795518207282913,-0.26462806201248157,0.35294117647058826,0.6190476190476191
BugHunter,full_junit_file,Dummy,191,6,0.4607329842931937,1,5,0.5333333333333333,0.47058823529411764,0.5,0.5601120336112039,0.5789473684210527,0.5686274509803922,0.1396215401769611,0.47058823529411764,0.3333333333333333
BugHunter,full_junit_file,LogisticRegression,191,6,0.4607329842931937,1,5,0.34615384615384615,0.5294117647058824,0.4186046511627907,0.3175536744149779,0.34210526315789475,0.37675070028011204,-0.2996322772069248,0.5294117647058824,0.8095238095238095
BugHunter,full_junit_file,GaussianNB,191,6,0.4607329842931937,1,5,0.4375,0.8235294117647058,0.5714285714285714,0.34299717028501764,0.4473684210526316,0.5336134453781513,-0.045834924851410566,0.8235294117647058,0.8571428571428571
BugHunter,full_junit_file,DecisionTree,191,6,0.4607329842931937,1,5,0.4,0.5882352941176471,0.47619047619047616,0.40996003084539384,0.42105263157894735,0.47058823529411764,-0.13211031413252305,0.5882352941176471,0.7142857142857143
BugHunter,full_junit_file,RandomForest,191,6,0.4607329842931937,1,5,0.4583333333333333,0.6470588235294118,0.5365853658536586,0.49648625302195015,0.5,0.5392156862745098,0.028873288694801547,0.6470588235294118,0.6190476190476191
BugHunter,full_junit_file,KNN,191,6,0.4607329842931937,1,5,0.45454545454545453,0.5882352941176471,0.5128205128205128,0.5020964452534338,0.5,0.5028011204481794,0.01692566771665739,0.5882352941176471,0.5714285714285714
BugHunter,full_junit_file,Dummy,191,6,0.4607329842931937,2,1,0.5625,0.5,0.5294117647058824,0.5773502691896257,0.5897435897435898,0.5833333333333334,0.16891598117304407,0.5,0.3333333333333333
BugHunter,full_junit_file,LogisticRegression,191,6,0.4607329842931937,2,1,0.5833333333333334,0.3888888888888889,0.4666666666666667,0.5443310539518174,0.5897435897435898,0.5555555555555555,0.16287575829331924,0.3888888888888889,0.23809523809523808
BugHunter,full_junit_file,GaussianNB,191,6,0.4607329842931937,2,1,0.5833333333333334,0.3888888888888889,0.4666666666666667,0.5443310539518174,0.5897435897435898,0.6084656084656085,0.16287575829331924,0.3888888888888889,0.23809523809523808
BugHunter,full_junit_file,DecisionTree,191,6,0.4607329842931937,2,1,0.2608695652173913,0.3333333333333333,0.2926829268292683,0.25197631533948484,0.2564102564102564,0.24338624338624337,-0.48261708906584017,0.3333333333333333,0.8095238095238095
BugHunter,full_junit_file,RandomForest,191,6,0.4607329842931937,2,1,0.23809523809523808,0.2777777777777778,0.2564102564102564,0.25717224993681986,0.2564102564102564,0.3201058201058201,-0.48412698412698413,0.2777777777777778,0.7619047619047619
BugHunter,full_junit_file,KNN,191,6,0.4607329842931937,2,1,0.25,0.2777777777777778,0.2631578947368421,0.2817180849095055,0.28205128205128205,0.2870370370370371,-0.4353577159671462,0.2777777777777778,0.7142857142857143
BugHunter,full_junit_file,Dummy,191,6,0.4607329842931937,2,2,0.5333333333333333,0.4444444444444444,0.48484848484848486,0.5374838498865699,0.5526315789473685,0.5472222222222222,0.09647574015265818,0.4444444444444444,0.35
BugHunter,full_junit_file,LogisticRegression,191,6,0.4607329842931937,2,2,0.38461538461538464,0.2777777777777778,0.3225806451612903,0.408248290463863,0.4473684210526316,0.41527777777777775,-0.12863517616503095,0.2777777777777778,0.4
BugHunter,full_junit_file,GaussianNB,191,6,0.4607329842931937,2,2,0.4,0.1111111111111111,0.17391304347826086,0.3073181485764296,0.5,0.4486111111111111,-0.057442695790355276,0.1111111111111111,0.15
BugHunter,full_junit_file,DecisionTree,191,6,0.4607329842931937,2,2,0.375,0.3333333333333333,0.35294117647058826,0.408248290463863,0.42105263157894735,0.4472222222222222,-0.1685499656158105,0.3333333333333333,0.5
BugHunter,full_junit_file,RandomForest,191,6,0.4607329842931937,2,2,0.35294117647058826,0.3333333333333333,0.34285714285714286,0.3872983346207417,0.39473684210526316,0.3847222222222223,-0.21757512627648798,0.3333333333333333,0.55
BugHunter,full_junit_file,KNN,191,6,0.4607329842931937,2,2,0.3333333333333333,0.2222222222222222,0.26666666666666666,0.3651483716701107,0.42105263157894735,0.3277777777777778,-0.19096396641051544,0.2222222222222222,0.4
BugHunter,full_junit_file,Dummy,191,6,0.4607329842931937,2,3,0.6,0.5,0.5454545454545454,0.5916079783099616,0.6052631578947368,0.5999999999999999,0.20430156738209967,0.5,0.3
BugHunter,full_junit_file,LogisticRegression,191,6,0.4607329842931937,2,3,0.43478260869565216,0.5555555555555556,0.4878048780487805,0.44095855184409843,0.4473684210526316,0.5083333333333333,-0.09647574015265818,0.5555555555555556,0.65
BugHunter,full_junit_file,GaussianNB,191,6,0.4607329842931937,2,3,0.4090909090909091,0.5,0.45,0.4183300132670378,0.42105263157894735,0.375,-0.15169496905422947,0.5,0.65
BugHunter,full_junit_file,DecisionTree,191,6,0.4607329842931937,2,3,0.46153846153846156,0.3333333333333333,0.3870967741935484,0.4654746681256314,0.5,0.47361111111111115,-0.017541160386140585,0.3333333333333333,0.35
BugHunter,full_junit_file,RandomForest,191,6,0.4607329842931937,2,3,0.3076923076923077,0.2222222222222222,0.25806451612903225,0.34960294939005054,0.39473684210526316,0.39166666666666666,-0.2397291919439213,0.2222222222222222,0.45
BugHunter,full_junit_file,KNN,191,6,0.4607329842931937,2,3,0.4375,0.3888888888888889,0.4117647058823529,0.46248123085038695,0.47368421052631576,0.4444444444444445,-0.061801654059130524,0.3888888888888889,0.45
BugHunter,full_junit_file,Dummy,191,6,0.4607329842931937,2,4,0.6,0.5294117647058824,0.5625,0.6149400462680908,0.631578947368421,0.6218487394957982,0.24789946929378806,0.5294117647058824,0.2857142857142857
BugHunter,full_junit_file,LogisticRegression,191,6,0.4607329842931937,2,4,0.4117647058823529,0.4117647058823529,0.4117647058823529,0.464420364012824,0.47368421052631576,0.48039215686274506,-0.06442577030812324,0.4117647058823529,0.47619047619047616
BugHunter,full_junit_file,GaussianNB,191,6,0.4607329842931937,2,4,0.3888888888888889,0.4117647058823529,0.4,0.44280744277004763,0.4473684210526316,0.4467787114845939,-0.1115769878340964,0.4117647058823529,0.5238095238095238
BugHunter,full_junit_file,DecisionTree,191,6,0.4607329842931937,2,4,0.36,0.5294117647058824,0.42857142857142855,0.35503580124836315,0.3684210526315789,0.32633053221288516,-0.24367013495554252,0.5294117647058824,0.7619047619047619
BugHunter,full_junit_file,RandomForest,191,6,0.4607329842931937,2,4,0.2727272727272727,0.35294117647058826,0.3076923076923077,0.28988551782622424,0.2894736842105263,0.2759103641456583,-0.4118579144386632,0.35294117647058826,0.7619047619047619
BugHunter,full_junit_file,KNN,191,6,0.4607329842931937,2,4,0.32,0.47058823529411764,0.38095238095238093,0.29939247542604785,0.3157894736842105,0.3137254901960784,-0.355229955778562,0.47058823529411764,0.8095238095238095
BugHunter,full_junit_file,Dummy,191,6,0.4607329842931937,2,5,0.4666666666666667,0.4117647058823529,0.4375,0.5048781642974013,0.5263157894736842,0.5154061624649859,0.03134361106013412,0.4117647058823529,0.38095238095238093
BugHunter,full_junit_file,LogisticRegression,191,6,0.4607329842931937,2,5,0.4,0.35294117647058826,0.375,0.44908871313907184,0.47368421052631576,0.4061624649859945,-0.07693431805669285,0.35294117647058826,0.42857142857142855
BugHunter,full_junit_file,GaussianNB,191,6,0.4607329842931937,2,5,0.14285714285714285,0.058823529411764705,0.08333333333333333,0.20498001542269695,0.42105263157894735,0.43137254901960786,-0.2910187988646886,0.058823529411764705,0.2857142857142857
BugHunter,full_junit_file,DecisionTree,191,6,0.4607329842931937,2,5,0.3684210526315789,0.4117647058823529,0.3888888888888889,0.42008402520840293,0.42105263157894735,0.36974789915966383,-0.15877683720748895,0.4117647058823529,0.5714285714285714
BugHunter,full_junit_file,RandomForest,191,6,0.4607329842931937,2,5,0.3888888888888889,0.4117647058823529,0.4,0.44280744277004763,0.4473684210526316,0.45938375350140054,-0.1115769878340964,0.4117647058823529,0.5238095238095238
BugHunter,full_junit_file,KNN,191,6,0.4607329842931937,2,5,0.4444444444444444,0.47058823529411764,0.45714285714285713,0.49648625302195015,0.5,0.5028011204481793,-0.00557884939170482,0.47058823529411764,0.47619047619047616
BugHunter,full_junit_file,Dummy,191,6,0.4607329842931937,3,1,0.5,0.4444444444444444,0.47058823529411764,0.5245305283129621,0.5384615384615384,0.5317460317460317,0.0643489452087787,0.4444444444444444,0.38095238095238093
BugHunter,full_junit_file,LogisticRegression,191,6,0.4607329842931937,3,1,0.4,0.3333333333333333,0.36363636363636365,0.4364357804719847,0.46153846153846156,0.5515873015873016,-0.09759000729485333,0.3333333333333333,0.42857142857142855
BugHunter,full_junit_file,GaussianNB,191,6,0.4607329842931937,3,1,0.5,0.2777777777777778,0.35714285714285715,0.46004370622823615,0.5384615384615384,0.6362433862433863,0.04530502351829686,0.2777777777777778,0.23809523809523808
BugHunter,full_junit_file,DecisionTree,191,6,0.4607329842931937,3,1,0.4166666666666667,0.5555555555555556,0.47619047619047616,0.4303314829119352,0.4358974358974359,0.47089947089947093,-0.11385500851066221,0.5555555555555556,0.6666666666666666
BugHunter,full_junit_file,RandomForest,191,6,0.4607329842931937,3,1,0.4117647058823529,0.3888888888888889,0.4,0.45133546692422005,0.46153846153846156,0.4378306878306878,-0.08776719906943024,0.3888888888888889,0.47619047619047616
BugHunter,full_junit_file,KNN,191,6,0.4607329842931937,3,1,0.45454545454545453,0.5555555555555556,0.5,0.4879500364742666,0.48717948717948717,0.45105820105820105,-0.015957672558078225,0.5555555555555556,0.5714285714285714
BugHunter,full_junit_file,Dummy,191,6,0.4607329842931937,3,2,0.6666666666666666,0.5555555555555556,0.6060606060606061,0.6454972243679028,0.6578947368421053,0.6527777777777778,0.31212739461154115,0.5555555555555556,0.25
BugHunter,full_junit_file,LogisticRegression,191,6,0.4607329842931937,3,2,0.6428571428571429,0.5,0.5625,0.6123724356957945,0.631578947368421,0.6222222222222222,0.25877458475338283,0.5,0.25
BugHunter,full_junit_file,GaussianNB,191,6,0.4607329842931937,3,2,0.6666666666666666,0.2222222222222222,0.3333333333333333,0.4472135954999579,0.5789473684210527,0.6194444444444445,0.16735967034880075,0.2222222222222222,0.1
BugHunter,full_junit_file,DecisionTree,191,6,0.4607329842931937,3,2,0.25,0.2222222222222222,0.23529411764705882,0.29814239699997197,0.3157894736842105,0.3111111111111111,-0.3820465887291705,0.2222222222222222,0.6
BugHunter,full_junit_file,RandomForest,191,6,0.4607329842931937,3,2,0.29411764705882354,0.2777777777777778,0.2857142857142857,0.33333333333333337,0.34210526315789475,0.26944444444444443,-0.3235732647188796,0.2777777777777778,0.6
BugHunter,full_junit_file,KNN,191,6,0.4607329842931937,3,2,0.2631578947368421,0.2777777777777778,0.2702702702702703,0.28867513459481287,0.2894736842105263,0.30833333333333335,-0.4216370213557839,0.2777777777777778,0.7
BugHunter,full_junit_file,Dummy,191,6,0.4607329842931937,3,3,0.5333333333333333,0.4444444444444444,0.48484848484848486,0.5374838498865699,0.5526315789473685,0.5472222222222222,0.09647574015265818,0.4444444444444444,0.35
BugHunter,full_junit_file,LogisticRegression,191,6,0.4607329842931937,3,3,0.6,0.5,0.5454545454545454,0.5916079783099616,0.6052631578947368,0.5458333333333334,0.20430156738209967,0.5,0.3
BugHunter,full_junit_file,GaussianNB,191,6,0.4607329842931937,3,3,0.5172413793103449,0.8333333333333334,0.6382978723404256,0.5,0.5526315789473685,0.5958333333333333,0.15659205853725425,0.8333333333333334,0.7
BugHunter,full_junit_file,DecisionTree,191,6,0.4607329842931937,3,3,0.375,0.3333333333333333,0.35294117647058826,0.408248290463863,0.42105263157894735,0.4361111111111111,-0.1685499656158105,0.3333333333333333,0.5
BugHunter,full_junit_file,RandomForest,191,6,0.4607329842931937,3,3,0.4,0.3333333333333333,0.36363636363636365,0.42817441928883765,0.4473684210526316,0.46805555555555556,-0.1191759143062248,0.3333333333333333,0.45
BugHunter,full_junit_file,KNN,191,6,0.4607329842931937,3,3,0.46153846153846156,0.3333333333333333,0.3870967741935484,0.4654746681256314,0.5,0.4277777777777778,-0.017541160386140585,0.3333333333333333,0.35
BugHunter,full_junit_file,Dummy,191,6,0.4607329842931937,3,4,0.5333333333333333,0.47058823529411764,0.5,0.5601120336112039,0.5789473684210527,0.5686274509803922,0.1396215401769611,0.47058823529411764,0.3333333333333333
BugHunter,full_junit_file,LogisticRegression,191,6,0.4607329842931937,3,4,0.391304347826087,0.5294117647058824,0.45,0.42008402520840293,0.42105263157894735,0.45238095238095244,-0.1396215401769611,0.5294117647058824,0.6666666666666666
BugHunter,full_junit_file,GaussianNB,191,6,0.4607329842931937,3,4,0.3793103448275862,0.6470588235294118,0.4782608695652174,0.30403449605253013,0.3684210526315789,0.3795518207282913,-0.2457009873327281,0.6470588235294118,0.8571428571428571
BugHunter,full_junit_file,DecisionTree,191,6,0.4607329842931937,3,4,0.3333333333333333,0.35294117647058826,0.34285714285714286,0.3889222341312986,0.39473684210526316,0.3977591036414566,-0.21757512627648798,0.35294117647058826,0.5714285714285714
BugHunter,full_junit_file,RandomForest,191,6,0.4607329842931937,3,4,0.3888888888888889,0.4117647058823529,0.4,0.44280744277004763,0.4473684210526316,0.42436974789915966,-0.1115769878340964,0.4117647058823529,0.5238095238095238
BugHunter,full_junit_file,KNN,191,6,0.4607329842931937,3,4,0.4,0.35294117647058826,0.375,0.44908871313907184,0.47368421052631576,0.4425770308123249,-0.07693431805669285,0.35294117647058826,0.42857142857142855
BugHunter,full_junit_file,Dummy,191,6,0.4607329842931937,3,5,0.4666666666666667,0.4117647058823529,0.4375,0.5048781642974013,0.5263157894736842,0.5154061624649859,0.03134361106013412,0.4117647058823529,0.38095238095238093
BugHunter,full_junit_file,LogisticRegression,191,6,0.4607329842931937,3,5,0.3333333333333333,0.29411764705882354,0.3125,0.3925068466280046,0.42105263157894735,0.44537815126050423,-0.1852122471735198,0.29411764705882354,0.47619047619047616
BugHunter,full_junit_file,GaussianNB,191,6,0.4607329842931937,3,5,0.4444444444444444,0.47058823529411764,0.45714285714285713,0.49648625302195015,0.5,0.47338935574229696,-0.00557884939170482,0.47058823529411764,0.47619047619047616
BugHunter,full_junit_file,DecisionTree,191,6,0.4607329842931937,3,5,0.35294117647058826,0.35294117647058826,0.35294117647058826,0.4099600308453939,0.42105263157894735,0.4859943977591037,-0.17086834733893558,0.35294117647058826,0.5238095238095238
BugHunter,full_junit_file,RandomForest,191,6,0.4607329842931937,3,5,0.3333333333333333,0.35294117647058826,0.34285714285714286,0.3889222341312986,0.39473684210526316,0.4201680672268908,-0.21757512627648798,0.35294117647058826,0.5714285714285714
BugHunter,full_junit_file,KNN,191,6,0.4607329842931937,3,5,0.4,0.35294117647058826,0.375,0.44908871313907184,0.47368421052631576,0.44397759103641454,-0.07693431805669285,0.35294117647058826,0.42857142857142855
BugHunter,full_mcMMO_file,Dummy,760,6,0.41973684210526313,1,1,0.4406779661016949,0.40625,0.42276422764227645,0.5038911092686593,0.5328947368421053,0.515625,0.03166021535581985,0.40625,0.375
BugHunter,full_mcMMO_file,LogisticRegression,760,6,0.41973684210526313,1,1,0.4583333333333333,0.34375,0.39285714285714285,0.4921254921257382,0.5526315789473685,0.5419034090909092,0.05129798339343468,0.34375,0.29545454545454547
BugHunter,full_mcMMO_file,GaussianNB,760,6,0.41973684210526313,1,1,0.53125,0.265625,0.3541666666666667,0.4694124107473474,0.5921052631578947,0.5594815340909091,0.11525714416166588,0.265625,0.17045454545454544
BugHunter,full_mcMMO_file,DecisionTree,760,6,0.41973684210526313,1,1,0.2898550724637681,0.3125,0.3007518796992481,0.3721482475866549,0.3881578947368421,0.36337002840909094,-0.24228332174136843,0.3125,0.5568181818181818
BugHunter,full_mcMMO_file,RandomForest,760,6,0.41973684210526313,1,1,0.29310344827586204,0.265625,0.2786885245901639,0.37665355132704204,0.42105263157894735,0.33948863636363635,-0.20356347357592094,0.265625,0.4659090909090909
BugHunter,full_mcMMO_file,KNN,760,6,0.41973684210526313,1,1,0.34782608695652173,0.25,0.2909090909090909,0.40592207044299433,0.4868421052631579,0.4509943181818182,-0.09770275036731824,0.25,0.3409090909090909
BugHunter,full_mcMMO_file,Dummy,760,6,0.41973684210526313,1,2,0.3898305084745763,0.359375,0.37398373983739835,0.46082312718162766,0.4934210526315789,0.4751420454545454,-0.050368524429713395,0.359375,0.4090909090909091
BugHunter,full_mcMMO_file,LogisticRegression,760,6,0.41973684210526313,1,2,0.4339622641509434,0.359375,0.39316239316239315,0.4866834653597197,0.5328947368421053,0.5110973011363636,0.019131388197946114,0.359375,0.3409090909090909
BugHunter,full_mcMMO_file,GaussianNB,760,6,0.41973684210526313,1,2,0.47058823529411764,0.25,0.32653061224489793,0.44594129250792236,0.5657894736842105,0.4833984375,0.053855266593633114,0.25,0.20454545454545456
BugHunter,full_mcMMO_file,DecisionTree,760,6,0.41973684210526313,1,2,0.36,0.421875,0.38848920863309355,0.43790565609085663,0.4407894736842105,0.4297762784090909,-0.12203992224274542,0.421875,0.5454545454545454
BugHunter,full_mcMMO_file,RandomForest,760,6,0.41973684210526313,1,2,0.2923076923076923,0.296875,0.29457364341085274,0.3764177744329974,0.40131578947368424,0.40225497159090906,-0.22539251190417592,0.296875,0.5227272727272727
BugHunter,full_mcMMO_file,KNN,760,6,0.41973684210526313,1,2,0.3508771929824561,0.3125,0.3305785123966942,0.42556780252440923,0.46710526315789475,0.44371448863636365,-0.11009637651263607,0.3125,0.42045454545454547
BugHunter,full_mcMMO_file,Dummy,760,6,0.41973684210526313,1,3,0.4406779661016949,0.40625,0.42276422764227645,0.5038911092686593,0.5328947368421053,0.515625,0.03166021535581985,0.40625,0.375
BugHunter,full_mcMMO_file,LogisticRegression,760,6,0.41973684210526313,1,3,0.46551724137931033,0.421875,0.4426229508196721,0.5227427122225792,0.5526315789473685,0.5261008522727272,0.0707419163490789,0.421875,0.3522727272727273
BugHunter,full_mcMMO_file,GaussianNB,760,6,0.41973684210526313,1,3,0.5862068965517241,0.265625,0.3655913978494624,0.47896075944789995,0.6118421052631579,0.5740411931818181,0.1624233641958258,0.265625,0.13636363636363635
BugHunter,full_mcMMO_file,DecisionTree,760,6,0.41973684210526313,1,3,0.2833333333333333,0.265625,0.27419354838709675,0.36855252801885774,0.40789473684210525,0.35688920454545453,-0.22526243661370532,0.265625,0.48863636363636365
BugHunter,full_mcMMO_file,RandomForest,760,6,0.41973684210526313,1,3,0.27419354838709675,0.265625,0.2698412698412698,0.36026939099916483,0.39473684210526316,0.38387784090909094,-0.24688099985078815,0.265625,0.5113636363636364
BugHunter,full_mcMMO_file,KNN,760,6,0.41973684210526313,1,3,0.37037037037037035,0.3125,0.3389830508474576,0.4379056560908567,0.4868421052631579,0.4524147727272727,-0.0761994944157774,0.3125,0.38636363636363635
BugHunter,full_mcMMO_file,Dummy,760,6,0.41973684210526313,1,4,0.3898305084745763,0.359375,0.37398373983739835,0.46082312718162766,0.4934210526315789,0.4751420454545454,-0.050368524429713395,0.359375,0.4090909090909091
BugHunter,full_mcMMO_file,LogisticRegression,760,6,0.41973684210526313,1,4,0.45614035087719296,0.40625,0.4297520661157025,0.5129709587739393,0.5460526315789473,0.4907670454545454,0.055048188256318034,0.40625,0.3522727272727273
BugHunter,full_mcMMO_file,GaussianNB,760,6,0.41973684210526313,1,4,0.4117647058823529,0.21875,0.2857142857142857,0.41113755716194417,0.5394736842105263,0.5047940340909091,-0.01009786248630621,0.21875,0.22727272727272727
BugHunter,full_mcMMO_file,DecisionTree,760,6,0.41973684210526313,1,4,0.3037974683544304,0.375,0.3356643356643357,0.375,0.375,0.34659090909090906,-0.24705654065669952,0.375,0.625
BugHunter,full_mcMMO_file,RandomForest,760,6,0.41973684210526313,1,4,0.20634920634920634,0.203125,0.2047244094488189,0.2961639211345943,0.3355263157894737,0.2911931818181819,-0.3658697546942125,0.203125,0.5681818181818182
BugHunter,full_mcMMO_file,KNN,760,6,0.41973684210526313,1,4,0.358974358974359,0.21875,0.27184466019417475,0.39573363975831477,0.506578947368421,0.44912997159090906,-0.0738660661040132,0.21875,0.2840909090909091
BugHunter,full_mcMMO_file,Dummy,760,6,0.41973684210526313,1,5,0.4406779661016949,0.4126984126984127,0.4262295081967213,0.5095835610994741,0.5394736842105263,0.52095594792224,0.04236772105934539,0.4126984126984127,0.3707865168539326
BugHunter,full_mcMMO_file,LogisticRegression,760,6,0.41973684210526313,1,5,0.5106382978723404,0.38095238095238093,0.43636363636363634,0.5315110655866833,0.5921052631578947,0.5942571785268413,0.13060141445352813,0.38095238095238093,0.25842696629213485
BugHunter,full_mcMMO_file,GaussianNB,760,6,0.41973684210526313,1,5,0.4838709677419355,0.23809523809523808,0.3191489361702128,0.4419180917160801,0.5789473684210527,0.5591225254146602,0.07130318713533941,0.23809523809523808,0.1797752808988764
BugHunter,full_mcMMO_file,DecisionTree,760,6,0.41973684210526313,1,5,0.275,0.3492063492063492,0.3076923076923077,0.34876019296282934,0.34868421052631576,0.33556268949527374,-0.29843470656410037,0.3492063492063492,0.651685393258427
BugHunter,full_mcMMO_file,RandomForest,760,6,0.41973684210526313,1,5,0.30434782608695654,0.3333333333333333,0.3181818181818182,0.3918648394975708,0.40789473684210525,0.35357588728375244,-0.20382296484409207,0.3333333333333333,0.5393258426966292
BugHunter,full_mcMMO_file,KNN,760,6,0.41973684210526313,1,5,0.32,0.25396825396825395,0.2831858407079646,0.3961649578150576,0.46710526315789475,0.4294631710362047,-0.13426848175427802,0.25396825396825395,0.38202247191011235
BugHunter,full_mcMMO_file,Dummy,760,6,0.41973684210526313,2,1,0.4915254237288136,0.453125,0.4715447154471545,0.5464893120471965,0.5723684210526315,0.5561079545454546,0.11368895514135309,0.453125,0.3409090909090909
BugHunter,full_mcMMO_file,LogisticRegression,760,6,0.41973684210526313,2,1,0.5535714285714286,0.484375,0.5166666666666667,0.5888705001178876,0.618421052631579,0.5804332386363636,0.20499730260341312,0.484375,0.2840909090909091
BugHunter,full_mcMMO_file,GaussianNB,760,6,0.41973684210526313,2,1,0.5714285714285714,0.25,0.34782608695652173,0.4646601886422926,0.6052631578947368,0.6120383522727273,0.1447300768338894,0.25,0.13636363636363635
BugHunter,full_mcMMO_file,DecisionTree,760,6,0.41973684210526313,2,1,0.28378378378378377,0.328125,0.30434782608695654,0.36125373543208705,0.3684210526315789,0.31063565340909094,-0.27080258876909225,0.328125,0.6022727272727273
BugHunter,full_mcMMO_file,RandomForest,760,6,0.41973684210526313,2,1,0.2361111111111111,0.265625,0.25,0.3156095293238149,0.32894736842105265,0.32120028409090906,-0.3553595108400005,0.265625,0.625
BugHunter,full_mcMMO_file,KNN,760,6,0.41973684210526313,2,1,0.3269230769230769,0.265625,0.29310344827586204,0.39997336559053304,0.4605263157894737,0.42711292613636365,-0.1374801320674617,0.265625,0.3977272727272727
BugHunter,full_mcMMO_file,Dummy,760,6,0.41973684210526313,2,2,0.4406779661016949,0.40625,0.42276422764227645,0.5038911092686593,0.5328947368421053,0.515625,0.03166021535581985,0.40625,0.375
BugHunter,full_mcMMO_file,LogisticRegression,760,6,0.41973684210526313,2,2,0.5,0.40625,0.4482758620689655,0.5349968139242428,0.5789473684210527,0.5411044034090908,0.1153059172178711,0.40625,0.29545454545454547
BugHunter,full_mcMMO_file,GaussianNB,760,6,0.41973684210526313,2,2,0.4857142857142857,0.265625,0.3434343434343434,0.4596657629586563,0.5723684210526315,0.5279651988636364,0.07163086018595709,0.265625,0.20454545454545456
BugHunter,full_mcMMO_file,DecisionTree,760,6,0.41973684210526313,2,2,0.3764705882352941,0.5,0.42953020134228187,0.44594129250792236,0.4407894736842105,0.4507279829545454,-0.10170546649790223,0.5,0.6022727272727273
BugHunter,full_mcMMO_file,RandomForest,760,6,0.41973684210526313,2,2,0.2727272727272727,0.234375,0.25210084033613445,0.35754847096709713,0.4144736842105263,0.4148615056818182,-0.22621591217165912,0.234375,0.45454545454545453
BugHunter,full_mcMMO_file,KNN,760,6,0.41973684210526313,2,2,0.3673469387755102,0.28125,0.3185840707964602,0.42681763723462207,0.4934210526315789,0.44762073863636365,-0.07502603855385137,0.28125,0.3522727272727273
BugHunter,full_mcMMO_file,Dummy,760,6,0.41973684210526313,2,3,0.4067796610169492,0.375,0.3902439024390244,0.47523917423469286,0.506578947368421,0.48863636363636365,-0.02302561116786898,0.375,0.3977272727272727
BugHunter,full_mcMMO_file,LogisticRegression,760,6,0.41973684210526313,2,3,0.4230769230769231,0.34375,0.3793103448275862,0.4759858191164943,0.5263157894736842,0.48002485795454547,0.002956561979945413,0.34375,0.3409090909090909
BugHunter,full_mcMMO_file,GaussianNB,760,6,0.41973684210526313,2,3,0.43243243243243246,0.25,0.31683168316831684,0.43628076864664694,0.5460526315789473,0.4931640625,0.013073710645885691,0.25,0.23863636363636365
BugHunter,full_mcMMO_file,DecisionTree,760,6,0.41973684210526313,2,3,0.28,0.328125,0.302158273381295,0.3560555689521204,0.3618421052631579,0.3127663352272727,-0.28195430311254976,0.328125,0.6136363636363636
BugHunter,full_mcMMO_file,RandomForest,760,6,0.41973684210526313,2,3,0.17647058823529413,0.140625,0.1565217391304348,0.27112455205545793,0.3618421052631579,0.32421874999999994,-0.35201505272088457,0.140625,0.4772727272727273
BugHunter,full_mcMMO_file,KNN,760,6,0.41973684210526313,2,3,0.28205128205128205,0.171875,0.21359223300970873,0.3423265984407288,0.46710526315789475,0.4073153409090909,-0.16539575671116,0.171875,0.3181818181818182
BugHunter,full_mcMMO_file,Dummy,760,6,0.41973684210526313,2,4,0.3898305084745763,0.359375,0.37398373983739835,0.46082312718162766,0.4934210526315789,0.4751420454545454,-0.050368524429713395,0.359375,0.4090909090909091
BugHunter,full_mcMMO_file,LogisticRegression,760,6,0.41973684210526313,2,4,0.47540983606557374,0.453125,0.464,0.5369844250323027,0.5592105263157895,0.5285866477272727,0.09013917932653821,0.453125,0.36363636363636365
BugHunter,full_mcMMO_file,GaussianNB,760,6,0.41973684210526313,2,4,0.4642857142857143,0.203125,0.2826086956521739,0.41048924523615166,0.5657894736842105,0.5225497159090909,0.0416098970897432,0.203125,0.17045454545454544
BugHunter,full_mcMMO_file,DecisionTree,760,6,0.41973684210526313,2,4,0.34782608695652173,0.375,0.3609022556390977,0.428063822769031,0.4407894736842105,0.41930042613636365,-0.1352279005068103,0.375,0.5113636363636364
BugHunter,full_mcMMO_file,RandomForest,760,6,0.41973684210526313,2,4,0.3088235294117647,0.328125,0.3181818181818182,0.3909941437599104,0.40789473684210525,0.40030184659090906,-0.20451848490961014,0.328125,0.5340909090909091
BugHunter,full_mcMMO_file,KNN,760,6,0.41973684210526313,2,4,0.39215686274509803,0.3125,0.34782608695652173,0.44990529306429894,0.506578947368421,0.47123579545454547,-0.0415882762708218,0.3125,0.3522727272727273
BugHunter,full_mcMMO_file,Dummy,760,6,0.41973684210526313,2,5,0.4406779661016949,0.4126984126984127,0.4262295081967213,0.5095835610994741,0.5394736842105263,0.52095594792224,0.04236772105934539,0.4126984126984127,0.3707865168539326
BugHunter,full_mcMMO_file,LogisticRegression,760,6,0.41973684210526313,2,5,0.48936170212765956,0.36507936507936506,0.41818181818181815,0.5163632413021628,0.5789473684210527,0.5090065988942394,0.10170561387574607,0.36507936507936506,0.2696629213483146
BugHunter,full_mcMMO_file,GaussianNB,760,6,0.41973684210526313,2,5,0.5,0.2698412698412698,0.35051546391752575,0.4672243094887156,0.5855263157894737,0.5396825396825397,0.0931915487057495,0.2698412698412698,0.19101123595505617
BugHunter,full_mcMMO_file,DecisionTree,760,6,0.41973684210526313,2,5,0.3561643835616438,0.4126984126984127,0.38235294117647056,0.44131230926308423,0.4473684210526316,0.4278580345996076,-0.11377950156402102,0.4126984126984127,0.5280898876404494
BugHunter,full_mcMMO_file,RandomForest,760,6,0.41973684210526313,2,5,0.2786885245901639,0.2698412698412698,0.27419354838709675,0.36937324904594054,0.40789473684210525,0.3594613875512752,-0.225670524556025,0.2698412698412698,0.4943820224719101
BugHunter,full_mcMMO_file,KNN,760,6,0.41973684210526313,2,5,0.3333333333333333,0.23809523809523808,0.2777777777777778,0.39728883229381434,0.4868421052631579,0.4101123595505618,-0.10681433950598057,0.23809523809523808,0.33707865168539325
BugHunter,full_mcMMO_file,Dummy,760,6,0.41973684210526313,3,1,0.4406779661016949,0.40625,0.42276422764227645,0.5038911092686593,0.5328947368421053,0.515625,0.03166021535581985,0.40625,0.375
BugHunter,full_mcMMO_file,LogisticRegression,760,6,0.41973684210526313,3,1,0.3488372093023256,0.234375,0.2803738317757009,0.3997513431667696,0.4934210526315789,0.4731889204545455,-0.09186777515639809,0.234375,0.3181818181818182
BugHunter,full_mcMMO_file,GaussianNB,760,6,0.41973684210526313,3,1,0.35714285714285715,0.15625,0.21739130434782608,0.3525475467611039,0.5263157894736842,0.4621803977272727,-0.06151028265440299,0.15625,0.20454545454545456
BugHunter,full_mcMMO_file,DecisionTree,760,6,0.41973684210526313,3,1,0.3125,0.3125,0.3125,0.39528470752104744,0.42105263157894735,0.3798828125,-0.1875,0.3125,0.5
BugHunter,full_mcMMO_file,RandomForest,760,6,0.41973684210526313,3,1,0.27906976744186046,0.1875,0.22429906542056074,0.3484951414817194,0.45394736842105265,0.40340909090909094,-0.18062138844308775,0.1875,0.3522727272727273
BugHunter,full_mcMMO_file,KNN,760,6,0.41973684210526313,3,1,0.3870967741935484,0.1875,0.25263157894736843,0.3834280186091588,0.5328947368421053,0.4335049715909091,-0.03481089004852198,0.1875,0.2159090909090909
BugHunter,full_mcMMO_file,Dummy,760,6,0.41973684210526313,3,2,0.4067796610169492,0.375,0.3902439024390244,0.47523917423469286,0.506578947368421,0.48863636363636365,-0.02302561116786898,0.375,0.3977272727272727
BugHunter,full_mcMMO_file,LogisticRegression,760,6,0.41973684210526313,3,2,0.5454545454545454,0.46875,0.5042016806722689,0.5792947318624919,0.6118421052631579,0.6274857954545454,0.18972947472461735,0.46875,0.2840909090909091
BugHunter,full_mcMMO_file,GaussianNB,760,6,0.41973684210526313,3,2,0.59375,0.296875,0.3958333333333333,0.5030094093643686,0.618421052631579,0.603515625,0.18062686771604355,0.296875,0.14772727272727273
BugHunter,full_mcMMO_file,DecisionTree,760,6,0.41973684210526313,3,2,0.31343283582089554,0.328125,0.32061068702290074,0.39573363975831477,0.4144736842105263,0.3903586647727273,-0.19352290153073062,0.328125,0.5227272727272727
BugHunter,full_mcMMO_file,RandomForest,760,6,0.41973684210526313,3,2,0.3220338983050847,0.296875,0.3089430894308943,0.40240752749149483,0.4407894736842105,0.41060014204545453,-0.15974017747709104,0.296875,0.45454545454545453
BugHunter,full_mcMMO_file,KNN,760,6,0.41973684210526313,3,2,0.40350877192982454,0.359375,0.38016528925619836,0.46960149933940604,0.506578947368421,0.4823330965909091,-0.027524094128159017,0.359375,0.38636363636363635
BugHunter,full_mcMMO_file,Dummy,760,6,0.41973684210526313,3,3,0.423728813559322,0.390625,0.4065040650406504,0.4895934073754002,0.5197368421052632,0.5021306818181819,0.004317302093975434,0.390625,0.38636363636363635
BugHunter,full_mcMMO_file,LogisticRegression,760,6,0.41973684210526313,3,3,0.4,0.40625,0.40310077519379844,0.47561264319153285,0.4934210526315789,0.4735440340909091,-0.036856637166720586,0.40625,0.4431818181818182
BugHunter,full_mcMMO_file,GaussianNB,760,6,0.41973684210526313,3,3,0.5882352941176471,0.15625,0.24691358024691357,0.37923742263557364,0.5986842105263158,0.5314275568181818,0.12016032071277435,0.15625,0.07954545454545454
BugHunter,full_mcMMO_file,DecisionTree,760,6,0.41973684210526313,3,3,0.2911392405063291,0.359375,0.32167832167832167,0.3614994027406106,0.3618421052631579,0.3409978693181818,-0.27372741720486593,0.359375,0.6363636363636364
BugHunter,full_mcMMO_file,RandomForest,760,6,0.41973684210526313,3,3,0.3064516129032258,0.296875,0.30158730158730157,0.3896294130907657,0.42105263157894735,0.35706676136363635,-0.1926528033517711,0.296875,0.48863636363636365
BugHunter,full_mcMMO_file,KNN,760,6,0.41973684210526313,3,3,0.35185185185185186,0.296875,0.3220338983050847,0.42284715431121317,0.47368421052631576,0.4295099431818182,-0.10404161737538839,0.296875,0.3977272727272727
BugHunter,full_mcMMO_file,Dummy,760,6,0.41973684210526313,3,4,0.423728813559322,0.390625,0.4065040650406504,0.4895934073754002,0.5197368421052632,0.5021306818181819,0.004317302093975434,0.390625,0.38636363636363635
BugHunter,full_mcMMO_file,LogisticRegression,760,6,0.41973684210526313,3,4,0.44642857142857145,0.390625,0.4166666666666667,0.5030094093643686,0.5394736842105263,0.4997336647727273,0.03925480262618549,0.390625,0.3522727272727273
BugHunter,full_mcMMO_file,GaussianNB,760,6,0.41973684210526313,3,4,0.46875,0.234375,0.3125,0.43485401155288467,0.5657894736842105,0.5093217329545454,0.049887420607288215,0.234375,0.19318181818181818
BugHunter,full_mcMMO_file,DecisionTree,760,6,0.41973684210526313,3,4,0.30864197530864196,0.390625,0.3448275862068966,0.37688918072220456,0.375,0.3500532670454546,-0.2431829280302265,0.390625,0.6363636363636364
BugHunter,full_mcMMO_file,RandomForest,760,6,0.41973684210526313,3,4,0.234375,0.234375,0.234375,0.322289836383904,0.35526315789473684,0.3312322443181818,-0.3224431818181818,0.234375,0.5568181818181818
BugHunter,full_mcMMO_file,KNN,760,6,0.41973684210526313,3,4,0.36538461538461536,0.296875,0.3275862068965517,0.4307515235028194,0.4868421052631579,0.4675071022727273,-0.08130545444849886,0.296875,0.375
BugHunter,full_mcMMO_file,Dummy,760,6,0.41973684210526313,3,5,0.3559322033898305,0.3333333333333333,0.3442622950819672,0.43704832221970163,0.47368421052631576,0.453183520599251,-0.09465129172832479,0.3333333333333333,0.42696629213483145
BugHunter,full_mcMMO_file,LogisticRegression,760,6,0.41973684210526313,3,5,0.40816326530612246,0.31746031746031744,0.35714285714285715,0.46262100205922496,0.5263157894736842,0.4844836811128946,-0.008835190693946435,0.31746031746031744,0.3258426966292135
BugHunter,full_mcMMO_file,GaussianNB,760,6,0.41973684210526313,3,5,0.3448275862068966,0.15873015873015872,0.21739130434782608,0.3533326266687867,0.5263157894736842,0.4757446049580881,-0.06864699687629443,0.15873015873015872,0.21348314606741572
BugHunter,full_mcMMO_file,DecisionTree,760,6,0.41973684210526313,3,5,0.24285714285714285,0.2698412698412698,0.2556390977443609,0.33037747757467295,0.34868421052631576,0.329677189227751,-0.3218692951381879,0.2698412698412698,0.5955056179775281
BugHunter,full_mcMMO_file,RandomForest,760,6,0.41973684210526313,3,5,0.25862068965517243,0.23809523809523808,0.24793388429752067,0.3507997436417419,0.40131578947368424,0.3249509541644373,-0.24850980644027695,0.23809523809523808,0.48314606741573035
BugHunter,full_mcMMO_file,KNN,760,6,0.41973684210526313,3,5,0.28888888888888886,0.20634920634920634,0.24074074074074073,0.3635329878839454,0.4605263157894737,0.393971820938113,-0.1653216533975447,0.20634920634920634,0.3595505617977528
BugHunter,full_mct_file,Dummy,55,6,0.2545454545454545,1,1,0.5,0.3333333333333333,0.4,0.5400617248673216,0.7272727272727273,0.6041666666666666,0.24056261216234406,0.3333333333333333,0.125
BugHunter,full_mct_file,LogisticRegression,55,6,0.2545454545454545,1,1,0.25,0.6666666666666666,0.36363636363636365,0.408248290463863,0.36363636363636365,0.375,-0.08333333333333333,0.6666666666666666,0.75
BugHunter,full_mct_file,GaussianNB,55,6,0.2545454545454545,1,1,0.0,0.0,0.0,0.0,0.7272727272727273,0.29166666666666663,0.0,0.0,0.0
BugHunter,full_mct_file,DecisionTree,55,6,0.2545454545454545,1,1,0.5,0.3333333333333333,0.4,0.5400617248673216,0.7272727272727273,0.6041666666666666,0.24056261216234406,0.3333333333333333,0.125
BugHunter,full_mct_file,RandomForest,55,6,0.2545454545454545,1,1,0.0,0.0,0.0,0.0,0.7272727272727273,0.4583333333333333,0.0,0.0,0.0
BugHunter,full_mct_file,KNN,55,6,0.2545454545454545,1,1,0.6666666666666666,0.6666666666666666,0.6666666666666666,0.7637626158259733,0.8181818181818182,0.8541666666666667,0.5416666666666666,0.6666666666666666,0.125
BugHunter,full_mct_file,Dummy,55,6,0.2545454545454545,1,2,0.5,0.3333333333333333,0.4,0.5400617248673216,0.7272727272727273,0.6041666666666666,0.24056261216234406,0.3333333333333333,0.125
BugHunter,full_mct_file,LogisticRegression,55,6,0.2545454545454545,1,2,0.2857142857142857,0.6666666666666666,0.4,0.5,0.45454545454545453,0.4583333333333333,0.03857583749052298,0.6666666666666666,0.625
BugHunter,full_mct_file,GaussianNB,55,6,0.2545454545454545,1,2,0.16666666666666666,0.3333333333333333,0.2222222222222222,0.3535533905932738,0.36363636363636365,0.2916666666666667,-0.2608745973749754,0.3333333333333333,0.625
BugHunter,full_mct_file,DecisionTree,55,6,0.2545454545454545,1,2,0.14285714285714285,0.3333333333333333,0.2,0.28867513459481287,0.2727272727272727,0.29166666666666663,-0.38575837490522974,0.3333333333333333,0.75
BugHunter,full_mct_file,RandomForest,55,6,0.2545454545454545,1,2,0.2,0.3333333333333333,0.25,0.408248290463863,0.45454545454545453,0.29166666666666663,-0.14907119849998599,0.3333333333333333,0.5
BugHunter,full_mct_file,KNN,55,6,0.2545454545454545,1,2,0.5,0.3333333333333333,0.4,0.5400617248673216,0.7272727272727273,0.41666666666666663,0.24056261216234406,0.3333333333333333,0.125
BugHunter,full_mct_file,Dummy,55,6,0.2545454545454545,1,3,0.0,0.0,0.0,0.0,0.5454545454545454,0.375,-0.28867513459481287,0.0,0.25
BugHunter,full_mct_file,LogisticRegression,55,6,0.2545454545454545,1,3,0.2,0.3333333333333333,0.25,0.408248290463863,0.45454545454545453,0.5208333333333333,-0.14907119849998599,0.3333333333333333,0.5
BugHunter,full_mct_file,GaussianNB,55,6,0.2545454545454545,1,3,0.3333333333333333,0.3333333333333333,0.3333333333333333,0.5,0.6363636363636364,0.5833333333333333,0.08333333333333333,0.3333333333333333,0.25
BugHunter,full_mct_file,DecisionTree,55,6,0.2545454545454545,1,3,0.2,0.3333333333333333,0.25,0.408248290463863,0.45454545454545453,0.41666666666666663,-0.14907119849998599,0.3333333333333333,0.5
BugHunter,full_mct_file,RandomForest,55,6,0.2545454545454545,1,3,0.0,0.0,0.0,0.0,0.45454545454545453,0.1875,-0.375,0.0,0.375
BugHunter,full_mct_file,KNN,55,6,0.2545454545454545,1,3,0.0,0.0,0.0,0.0,0.6363636363636364,0.4583333333333333,-0.19364916731037085,0.0,0.125
BugHunter,full_mct_file,Dummy,55,6,0.2545454545454545,1,4,0.0,0.0,0.0,0.0,0.5454545454545454,0.375,-0.28867513459481287,0.0,0.25
BugHunter,full_mct_file,LogisticRegression,55,6,0.2545454545454545,1,4,0.16666666666666666,0.3333333333333333,0.2222222222222222,0.3535533905932738,0.36363636363636365,0.24999999999999997,-0.2608745973749754,0.3333333333333333,0.625
BugHunter,full_mct_file,GaussianNB,55,6,0.2545454545454545,1,4,0.0,0.0,0.0,0.0,0.7272727272727273,0.625,0.0,0.0,0.0
BugHunter,full_mct_file,DecisionTree,55,6,0.2545454545454545,1,4,0.0,0.0,0.0,0.0,0.5454545454545454,0.375,-0.28867513459481287,0.0,0.25
BugHunter,full_mct_file,RandomForest,55,6,0.2545454545454545,1,4,0.0,0.0,0.0,0.0,0.5454545454545454,0.3333333333333333,-0.28867513459481287,0.0,0.25
BugHunter,full_mct_file,KNN,55,6,0.2545454545454545,1,4,0.0,0.0,0.0,0.0,0.6363636363636364,0.4375,-0.19364916731037085,0.0,0.125
BugHunter,full_mct_file,Dummy,55,6,0.2545454545454545,1,5,0.3333333333333333,0.5,0.4,0.6236095644623235,0.7272727272727273,0.638888888888889,0.24056261216234406,0.5,0.2222222222222222
BugHunter,full_mct_file,LogisticRegression,55,6,0.2545454545454545,1,5,0.0,0.0,0.0,0.0,0.5454545454545454,0.6666666666666667,-0.28867513459481287,0.0,0.3333333333333333
BugHunter,full_mct_file,GaussianNB,55,6,0.2545454545454545,1,5,0.0,0.0,0.0,0.0,0.8181818181818182,0.8333333333333334,0.0,0.0,0.0
BugHunter,full_mct_file,DecisionTree,55,6,0.2545454545454545,1,5,0.0,0.0,0.0,0.0,0.45454545454545453,0.2777777777777778,-0.3563483225498992,0.0,0.4444444444444444
BugHunter,full_mct_file,RandomForest,55,6,0.2545454545454545,1,5,0.3333333333333333,0.5,0.4,0.6236095644623235,0.7272727272727273,0.5555555555555556,0.24056261216234406,0.5,0.2222222222222222
BugHunter,full_mct_file,KNN,55,6,0.2545454545454545,1,5,0.0,0.0,0.0,0.0,0.8181818181818182,0.4166666666666667,0.0,0.0,0.0
BugHunter,full_mct_file,Dummy,55,6,0.2545454545454545,2,1,0.5,0.3333333333333333,0.4,0.5400617248673216,0.7272727272727273,0.6041666666666666,0.24056261216234406,0.3333333333333333,0.125
BugHunter,full_mct_file,LogisticRegression,55,6,0.2545454545454545,2,1,0.5,0.3333333333333333,0.4,0.5400617248673216,0.7272727272727273,0.5416666666666666,0.24056261216234406,0.3333333333333333,0.125
BugHunter,full_mct_file,GaussianNB,55,6,0.2545454545454545,2,1,0.0,0.0,0.0,0.0,0.7272727272727273,0.2916666666666667,0.0,0.0,0.0
BugHunter,full_mct_file,DecisionTree,55,6,0.2545454545454545,2,1,0.2,0.3333333333333333,0.25,0.408248290463863,0.45454545454545453,0.375,-0.14907119849998599,0.3333333333333333,0.5
BugHunter,full_mct_file,RandomForest,55,6,0.2545454545454545,2,1,0.0,0.0,0.0,0.0,0.45454545454545453,0.20833333333333331,-0.375,0.0,0.375
BugHunter,full_mct_file,KNN,55,6,0.2545454545454545,2,1,0.0,0.0,0.0,0.0,0.5454545454545454,0.375,-0.28867513459481287,0.0,0.25
BugHunter,full_mct_file,Dummy,55,6,0.2545454545454545,2,2,0.5,0.3333333333333333,0.4,0.5400617248673216,0.7272727272727273,0.6041666666666666,0.24056261216234406,0.3333333333333333,0.125
BugHunter,full_mct_file,LogisticRegression,55,6,0.2545454545454545,2,2,0.5,0.6666666666666666,0.5714285714285714,0.7071067811865476,0.7272727272727273,0.5,0.38575837490522974,0.6666666666666666,0.25
BugHunter,full_mct_file,GaussianNB,55,6,0.2545454545454545,2,2,0.0,0.0,0.0,0.0,0.6363636363636364,0.47916666666666663,-0.19364916731037085,0.0,0.125
BugHunter,full_mct_file,DecisionTree,55,6,0.2545454545454545,2,2,0.16666666666666666,0.3333333333333333,0.2222222222222222,0.3535533905932738,0.36363636363636365,0.25,-0.2608745973749754,0.3333333333333333,0.625
BugHunter,full_mct_file,RandomForest,55,6,0.2545454545454545,2,2,0.25,0.3333333333333333,0.2857142857142857,0.4564354645876384,0.5454545454545454,0.3958333333333333,-0.03857583749052298,0.3333333333333333,0.375
BugHunter,full_mct_file,KNN,55,6,0.2545454545454545,2,2,0.3333333333333333,0.3333333333333333,0.3333333333333333,0.5,0.6363636363636364,0.47916666666666663,0.08333333333333333,0.3333333333333333,0.25
BugHunter,full_mct_file,Dummy,55,6,0.2545454545454545,2,3,0.5,0.3333333333333333,0.4,0.5400617248673216,0.7272727272727273,0.6041666666666666,0.24056261216234406,0.3333333333333333,0.125
BugHunter,full_mct_file,LogisticRegression,55,6,0.2545454545454545,2,3,0.16666666666666666,0.3333333333333333,0.2222222222222222,0.3535533905932738,0.36363636363636365,0.20833333333333331,-0.2608745973749754,0.3333333333333333,0.625
BugHunter,full_mct_file,GaussianNB,55,6,0.2545454545454545,2,3,0.16666666666666666,0.3333333333333333,0.2222222222222222,0.3535533905932738,0.36363636363636365,0.3333333333333333,-0.2608745973749754,0.3333333333333333,0.625
BugHunter,full_mct_file,DecisionTree,55,6,0.2545454545454545,2,3,0.0,0.0,0.0,0.0,0.2727272727272727,0.1875,-0.5590169943749475,0.0,0.625
BugHunter,full_mct_file,RandomForest,55,6,0.2545454545454545,2,3,0.0,0.0,0.0,0.0,0.6363636363636364,0.0,-0.19364916731037085,0.0,0.125
BugHunter,full_mct_file,KNN,55,6,0.2545454545454545,2,3,0.0,0.0,0.0,0.0,0.5454545454545454,0.125,-0.28867513459481287,0.0,0.25
BugHunter,full_mct_file,Dummy,55,6,0.2545454545454545,2,4,0.5,0.3333333333333333,0.4,0.5400617248673216,0.7272727272727273,0.6041666666666666,0.24056261216234406,0.3333333333333333,0.125
BugHunter,full_mct_file,LogisticRegression,55,6,0.2545454545454545,2,4,0.3333333333333333,0.3333333333333333,0.3333333333333333,0.5,0.6363636363636364,0.5833333333333333,0.08333333333333333,0.3333333333333333,0.25
BugHunter,full_mct_file,GaussianNB,55,6,0.2545454545454545,2,4,0.0,0.0,0.0,0.0,0.7272727272727273,0.7916666666666666,0.0,0.0,0.0
BugHunter,full_mct_file,DecisionTree,55,6,0.2545454545454545,2,4,0.0,0.0,0.0,0.0,0.2727272727272727,0.1875,-0.5590169943749475,0.0,0.625
BugHunter,full_mct_file,RandomForest,55,6,0.2545454545454545,2,4,0.0,0.0,0.0,0.0,0.5454545454545454,0.4166666666666667,-0.28867513459481287,0.0,0.25
BugHunter,full_mct_file,KNN,55,6,0.2545454545454545,2,4,0.0,0.0,0.0,0.0,0.7272727272727273,0.20833333333333331,0.0,0.0,0.0
BugHunter,full_mct_file,Dummy,55,6,0.2545454545454545,2,5,0.3333333333333333,0.5,0.4,0.6236095644623235,0.7272727272727273,0.638888888888889,0.24056261216234406,0.5,0.2222222222222222
BugHunter,full_mct_file,LogisticRegression,55,6,0.2545454545454545,2,5,0.0,0.0,0.0,0.0,0.7272727272727273,0.33333333333333337,-0.14907119849998599,0.0,0.1111111111111111
BugHunter,full_mct_file,GaussianNB,55,6,0.2545454545454545,2,5,0.0,0.0,0.0,0.0,0.8181818181818182,0.4444444444444445,0.0,0.0,0.0
BugHunter,full_mct_file,DecisionTree,55,6,0.2545454545454545,2,5,0.0,0.0,0.0,0.0,0.5454545454545454,0.33333333333333337,-0.28867513459481287,0.0,0.3333333333333333
BugHunter,full_mct_file,RandomForest,55,6,0.2545454545454545,2,5,0.0,0.0,0.0,0.0,0.6363636363636364,0.05555555555555558,-0.2222222222222222,0.0,0.2222222222222222
BugHunter,full_mct_file,KNN,55,6,0.2545454545454545,2,5,0.0,0.0,0.0,0.0,0.6363636363636364,0.1111111111111111,-0.2222222222222222,0.0,0.2222222222222222
BugHunter,full_mct_file,Dummy,55,6,0.2545454545454545,3,1,0.5,0.3333333333333333,0.4,0.5400617248673216,0.7272727272727273,0.6041666666666666,0.24056261216234406,0.3333333333333333,0.125
BugHunter,full_mct_file,LogisticRegression,55,6,0.2545454545454545,3,1,0.0,0.0,0.0,0.0,0.6363636363636364,0.625,-0.19364916731037085,0.0,0.125
BugHunter,full_mct_file,GaussianNB,55,6,0.2545454545454545,3,1,0.0,0.0,0.0,0.0,0.7272727272727273,0.5833333333333333,0.0,0.0,0.0
BugHunter,full_mct_file,DecisionTree,55,6,0.2545454545454545,3,1,0.0,0.0,0.0,0.0,0.5454545454545454,0.375,-0.28867513459481287,0.0,0.25
BugHunter,full_mct_file,RandomForest,55,6,0.2545454545454545,3,1,0.0,0.0,0.0,0.0,0.6363636363636364,0.5,-0.19364916731037085,0.0,0.125
BugHunter,full_mct_file,KNN,55,6,0.2545454545454545,3,1,0.0,0.0,0.0,0.0,0.7272727272727273,0.6249999999999999,0.0,0.0,0.0
BugHunter,full_mct_file,Dummy,55,6,0.2545454545454545,3,2,0.5,0.3333333333333333,0.4,0.5400617248673216,0.7272727272727273,0.6041666666666666,0.24056261216234406,0.3333333333333333,0.125
BugHunter,full_mct_file,LogisticRegression,55,6,0.2545454545454545,3,2,0.5,0.3333333333333333,0.4,0.5400617248673216,0.7272727272727273,0.49999999999999994,0.24056261216234406,0.3333333333333333,0.125
BugHunter,full_mct_file,GaussianNB,55,6,0.2545454545454545,3,2,0.0,0.0,0.0,0.0,0.6363636363636364,0.41666666666666663,-0.19364916731037085,0.0,0.125
BugHunter,full_mct_file,DecisionTree,55,6,0.2545454545454545,3,2,0.0,0.0,0.0,0.0,0.6363636363636364,0.4375,-0.19364916731037085,0.0,0.125
BugHunter,full_mct_file,RandomForest,55,6,0.2545454545454545,3,2,0.0,0.0,0.0,0.0,0.6363636363636364,0.625,-0.19364916731037085,0.0,0.125
BugHunter,full_mct_file,KNN,55,6,0.2545454545454545,3,2,0.0,0.0,0.0,0.0,0.7272727272727273,0.6041666666666666,0.0,0.0,0.0
BugHunter,full_mct_file,Dummy,55,6,0.2545454545454545,3,3,0.0,0.0,0.0,0.0,0.5454545454545454,0.375,-0.28867513459481287,0.0,0.25
BugHunter,full_mct_file,LogisticRegression,55,6,0.2545454545454545,3,3,0.0,0.0,0.0,0.0,0.2727272727272727,0.24999999999999997,-0.5590169943749475,0.0,0.625
BugHunter,full_mct_file,GaussianNB,55,6,0.2545454545454545,3,3,0.16666666666666666,0.3333333333333333,0.2222222222222222,0.3535533905932738,0.36363636363636365,0.3333333333333333,-0.2608745973749754,0.3333333333333333,0.625
BugHunter,full_mct_file,DecisionTree,55,6,0.2545454545454545,3,3,0.0,0.0,0.0,0.0,0.5454545454545454,0.375,-0.28867513459481287,0.0,0.25
BugHunter,full_mct_file,RandomForest,55,6,0.2545454545454545,3,3,0.3333333333333333,0.3333333333333333,0.3333333333333333,0.5,0.6363636363636364,0.39583333333333326,0.08333333333333333,0.3333333333333333,0.25
BugHunter,full_mct_file,KNN,55,6,0.2545454545454545,3,3,0.0,0.0,0.0,0.0,0.6363636363636364,0.4375,-0.19364916731037085,0.0,0.125
BugHunter,full_mct_file,Dummy,55,6,0.2545454545454545,3,4,0.0,0.0,0.0,0.0,0.5454545454545454,0.375,-0.28867513459481287,0.0,0.25
BugHunter,full_mct_file,LogisticRegression,55,6,0.2545454545454545,3,4,0.2857142857142857,0.6666666666666666,0.4,0.5,0.45454545454545453,0.625,0.03857583749052298,0.6666666666666666,0.625
BugHunter,full_mct_file,GaussianNB,55,6,0.2545454545454545,3,4,0.0,0.0,0.0,0.0,0.7272727272727273,0.16666666666666666,0.0,0.0,0.0
BugHunter,full_mct_file,DecisionTree,55,6,0.2545454545454545,3,4,0.2,0.3333333333333333,0.25,0.408248290463863,0.45454545454545453,0.3958333333333333,-0.14907119849998599,0.3333333333333333,0.5
BugHunter,full_mct_file,RandomForest,55,6,0.2545454545454545,3,4,0.3333333333333333,0.3333333333333333,0.3333333333333333,0.5,0.6363636363636364,0.5833333333333333,0.08333333333333333,0.3333333333333333,0.25
BugHunter,full_mct_file,KNN,55,6,0.2545454545454545,3,4,1.0,0.3333333333333333,0.5,0.5773502691896257,0.8181818181818182,0.6666666666666666,0.5163977794943222,0.3333333333333333,0.0
BugHunter,full_mct_file,Dummy,55,6,0.2545454545454545,3,5,0.0,0.0,0.0,0.0,0.5454545454545454,0.33333333333333337,-0.28867513459481287,0.0,0.3333333333333333
BugHunter,full_mct_file,LogisticRegression,55,6,0.2545454545454545,3,5,0.25,0.5,0.3333333333333333,0.5773502691896257,0.6363636363636364,0.6111111111111112,0.1336306209562122,0.5,0.3333333333333333
BugHunter,full_mct_file,GaussianNB,55,6,0.2545454545454545,3,5,0.0,0.0,0.0,0.0,0.7272727272727273,0.3888888888888889,-0.14907119849998599,0.0,0.1111111111111111
BugHunter,full_mct_file,DecisionTree,55,6,0.2545454545454545,3,5,0.0,0.0,0.0,0.0,0.2727272727272727,0.16666666666666669,-0.5163977794943223,0.0,0.6666666666666666
BugHunter,full_mct_file,RandomForest,55,6,0.2545454545454545,3,5,0.0,0.0,0.0,0.0,0.45454545454545453,0.2222222222222222,-0.3563483225498992,0.0,0.4444444444444444
BugHunter,full_mct_file,KNN,55,6,0.2545454545454545,3,5,0.0,0.0,0.0,0.0,0.5454545454545454,0.4444444444444445,-0.28867513459481287,0.0,0.3333333333333333
BugHunter,full_neo4j_file,Dummy,3655,6,0.4642954856361149,1,1,0.48214285714285715,0.4778761061946903,0.48,0.5155168576155611,0.5198358413132695,0.516999277587141,0.034020066441966895,0.4778761061946903,0.44387755102040816
BugHunter,full_neo4j_file,LogisticRegression,3655,6,0.4642954856361149,1,1,0.5,0.3274336283185841,0.39572192513368987,0.48447544102138196,0.5362517099863201,0.5023929925952682,0.04800877088804924,0.3274336283185841,0.28316326530612246
BugHunter,full_neo4j_file,GaussianNB,3655,6,0.4642954856361149,1,1,0.5384615384615384,0.12389380530973451,0.2014388489208633,0.3354337531932192,0.5444596443228454,0.5445262175666727,0.05178009280815743,0.12389380530973451,0.09183673469387756
BugHunter,full_neo4j_file,DecisionTree,3655,6,0.4642954856361149,1,1,0.3403693931398417,0.3805309734513274,0.3593314763231198,0.37127537441659786,0.3707250341997264,0.3405762747576907,-0.2567223328158093,0.3805309734513274,0.6377551020408163
BugHunter,full_neo4j_file,RandomForest,3655,6,0.4642954856361149,1,1,0.26666666666666666,0.2359882005899705,0.25039123630672927,0.321785399165356,0.3447332421340629,0.2814663476009873,-0.32971797012877485,0.2359882005899705,0.5612244897959183
BugHunter,full_neo4j_file,KNN,3655,6,0.4642954856361149,1,1,0.36038961038961037,0.3274336283185841,0.34312210200927357,0.40358583261944714,0.4186046511627907,0.3934629161399073,-0.17685877867947322,0.3274336283185841,0.5025510204081632
BugHunter,full_neo4j_file,Dummy,3655,6,0.4642954856361149,1,2,0.4494047619047619,0.44542772861356933,0.4474074074074074,0.48498774396204064,0.4897400820793434,0.4867444765516826,-0.026527820733742668,0.44542772861356933,0.4719387755102041
BugHunter,full_neo4j_file,LogisticRegression,3655,6,0.4642954856361149,1,2,0.47058823529411764,0.2831858407079646,0.35359116022099446,0.45295171038586945,0.5198358413132695,0.5161301246162182,0.008533690696889026,0.2831858407079646,0.2755102040816326
BugHunter,full_neo4j_file,GaussianNB,3655,6,0.4642954856361149,1,2,0.5145631067961165,0.15634218289085547,0.2398190045248869,0.3693244886685517,0.5403556771545828,0.5472616037565469,0.041267071348797,0.15634218289085547,0.12755102040816327
BugHunter,full_neo4j_file,DecisionTree,3655,6,0.4642954856361149,1,2,0.34805194805194806,0.3952802359882006,0.3701657458563536,0.37706747513127975,0.3761969904240766,0.3603071759677322,-0.24472956459257722,0.3952802359882006,0.6403061224489796
BugHunter,full_neo4j_file,RandomForest,3655,6,0.4642954856361149,1,2,0.28484848484848485,0.27728613569321536,0.28101644245142005,0.3321875437225828,0.34199726402188785,0.28699732105231474,-0.32543866189896836,0.27728613569321536,0.6020408163265306
BugHunter,full_neo4j_file,KNN,3655,6,0.4642954856361149,1,2,0.3501577287066246,0.3274336283185841,0.3384146341463415,0.39416229586008794,0.4062927496580027,0.3868144602973933,-0.19931785304145466,0.3274336283185841,0.5255102040816326
BugHunter,full_neo4j_file,Dummy,3655,6,0.4642954856361149,1,3,0.4732142857142857,0.4690265486725664,0.4711111111111111,0.5071949368747001,0.5116279069767442,0.5087479682138343,0.017507006303137014,0.4690265486725664,0.45153061224489793
BugHunter,full_neo4j_file,LogisticRegression,3655,6,0.4642954856361149,1,3,0.4852941176470588,0.2920353982300885,0.36464088397790057,0.4623976977094815,0.5280437756497948,0.5021935765456625,0.02688112569520043,0.2920353982300885,0.26785714285714285
BugHunter,full_neo4j_file,GaussianNB,3655,6,0.4642954856361149,1,3,0.4691358024691358,0.11209439528023599,0.18095238095238095,0.3159087311395652,0.5294117647058824,0.5010196556498705,0.0038137183168379866,0.11209439528023599,0.1096938775510204
BugHunter,full_neo4j_file,DecisionTree,3655,6,0.4642954856361149,1,3,0.34536082474226804,0.3952802359882006,0.3686382393397524,0.3730345519587024,0.37209302325581395,0.3367309313105773,-0.2524928121552673,0.3952802359882006,0.6479591836734694
BugHunter,full_neo4j_file,RandomForest,3655,6,0.4642954856361149,1,3,0.28,0.2890855457227139,0.2844702467343977,0.32131734742791607,0.32558139534883723,0.2711117632893865,-0.3531582327250217,0.2890855457227139,0.6428571428571429
BugHunter,full_neo4j_file,KNN,3655,6,0.4642954856361149,1,3,0.3438485804416404,0.3215339233038348,0.3323170731707317,0.3884894933569488,0.4008207934336525,0.3725355186322316,-0.21038854300219498,0.3215339233038348,0.5306122448979592
BugHunter,full_neo4j_file,Dummy,3655,6,0.4642954856361149,1,4,0.4597014925373134,0.45294117647058824,0.4562962962962963,0.49322169410583827,0.49794801641586867,0.49501278772378515,-0.009984945307538014,0.45294117647058824,0.4629156010230179
BugHunter,full_neo4j_file,LogisticRegression,3655,6,0.4642954856361149,1,4,0.4976303317535545,0.3088235294117647,0.3811252268602541,0.4744486795968929,0.533515731874145,0.5592184444110124,0.04152409736241765,0.3088235294117647,0.2710997442455243
BugHunter,full_neo4j_file,GaussianNB,3655,6,0.4642954856361149,1,4,0.48717948717948717,0.11176470588235295,0.18181818181818182,0.31675065332264424,0.5321477428180574,0.5343199939822476,0.015287937969428981,0.11176470588235295,0.10230179028132992
BugHunter,full_neo4j_file,DecisionTree,3655,6,0.4642954856361149,1,4,0.3566084788029925,0.42058823529411765,0.38596491228070173,0.3782387346559879,0.37756497948016415,0.3571310365578456,-0.23980913104747978,0.42058823529411765,0.659846547314578
BugHunter,full_neo4j_file,RandomForest,3655,6,0.4642954856361149,1,4,0.26479750778816197,0.25,0.25718608169440244,0.3148092427725691,0.3283173734610123,0.2762938167594403,-0.3553626462466705,0.25,0.6035805626598465
BugHunter,full_neo4j_file,KNN,3655,6,0.4642954856361149,1,4,0.34534534534534533,0.3382352941176471,0.34175334323922735,0.38685136582252666,0.39398084815321477,0.3688882202497367,-0.21964511850572177,0.3382352941176471,0.5575447570332481
BugHunter,full_neo4j_file,Dummy,3655,6,0.4642954856361149,1,5,0.4746268656716418,0.4676470588235294,0.4711111111111111,0.5070957315327841,0.5116279069767442,0.508759590792839,0.01753766034785523,0.4676470588235294,0.45012787723785164
BugHunter,full_neo4j_file,LogisticRegression,3655,6,0.4642954856361149,1,5,0.5,0.3323529411764706,0.3992932862190813,0.48610913503960035,0.5348837209302325,0.5388295471641342,0.04678653404070419,0.3323529411764706,0.289002557544757
BugHunter,full_neo4j_file,GaussianNB,3655,6,0.4642954856361149,1,5,0.5145631067961165,0.15588235294117647,0.23927765237020315,0.3687120125751816,0.5389876880984952,0.5305288099894689,0.04014826340211989,0.15588235294117647,0.1278772378516624
BugHunter,full_neo4j_file,DecisionTree,3655,6,0.4642954856361149,1,5,0.35872235872235875,0.4294117647058823,0.3908969210174029,0.37785073106472894,0.37756497948016415,0.35952685421994884,-0.23907328613114304,0.4294117647058823,0.6675191815856778
BugHunter,full_neo4j_file,RandomForest,3655,6,0.4642954856361149,1,5,0.3047619047619048,0.2823529411764706,0.2931297709923664,0.35242929632235953,0.36662106703146374,0.29035655182789233,-0.2797557121501718,0.2823529411764706,0.5601023017902813
BugHunter,full_neo4j_file,KNN,3655,6,0.4642954856361149,1,5,0.35714285714285715,0.3235294117647059,0.3395061728395062,0.3996199488330641,0.41450068399452805,0.38770497969008577,-0.18471900462757446,0.3235294117647059,0.5063938618925832
BugHunter,full_neo4j_file,Dummy,3655,6,0.4642954856361149,2,1,0.46130952380952384,0.45722713864306785,0.45925925925925926,0.49609425087295894,0.5006839945280438,0.49774622238275834,-0.004510407215302826,0.45722713864306785,0.461734693877551
BugHunter,full_neo4j_file,LogisticRegression,3655,6,0.4642954856361149,2,1,0.48130841121495327,0.30383480825958703,0.37251356238698013,0.4666904239848325,0.5253077975376197,0.5175147492625368,0.02265497663381978,0.30383480825958703,0.28316326530612246
BugHunter,full_neo4j_file,GaussianNB,3655,6,0.4642954856361149,2,1,0.5054945054945055,0.13569321533923304,0.21395348837209302,0.3465778239705299,0.5376196990424077,0.5436946902654868,0.03156620073803286,0.13569321533923304,0.11479591836734694
BugHunter,full_neo4j_file,DecisionTree,3655,6,0.4642954856361149,2,1,0.3448275862068966,0.3834808259587021,0.36312849162011174,0.37662816531453586,0.3761969904240766,0.35502453193666844,-0.2460939908917259,0.3834808259587021,0.6301020408163265
BugHunter,full_neo4j_file,RandomForest,3655,6,0.4642954856361149,2,1,0.26384364820846906,0.23893805309734514,0.25077399380804954,0.3180926768357436,0.3378932968536252,0.27087095900307023,-0.3411015024773396,0.23893805309734514,0.576530612244898
BugHunter,full_neo4j_file,KNN,3655,6,0.4642954856361149,2,1,0.3210702341137124,0.2831858407079646,0.30094043887147337,0.36950782175935065,0.3898768809849521,0.35991210643549454,-0.23802654796914224,0.2831858407079646,0.5178571428571429
BugHunter,full_neo4j_file,Dummy,3655,6,0.4642954856361149,2,2,0.44345238095238093,0.43952802359882004,0.4414814814814815,0.47943218125492193,0.4842681258549932,0.48124360363614466,-0.03753652749296259,0.43952802359882004,0.4770408163265306
BugHunter,full_neo4j_file,LogisticRegression,3655,6,0.4642954856361149,2,2,0.49760765550239233,0.30678466076696165,0.3795620437956204,0.4739305835895437,0.5348837209302325,0.5382841189573174,0.04296266382923589,0.30678466076696165,0.26785714285714285
BugHunter,full_neo4j_file,GaussianNB,3655,6,0.4642954856361149,2,2,0.5066666666666667,0.11209439528023599,0.18357487922705315,0.3186127068247808,0.5376196990424077,0.5200356691349106,0.029100234800303406,0.11209439528023599,0.09438775510204081
BugHunter,full_neo4j_file,DecisionTree,3655,6,0.4642954856361149,2,2,0.3341772151898734,0.3893805309734513,0.35967302452316074,0.357963658568938,0.35704514363885087,0.3337961290710975,-0.2817159685244151,0.3893805309734513,0.6709183673469388
BugHunter,full_neo4j_file,RandomForest,3655,6,0.4642954856361149,2,2,0.25072886297376096,0.2536873156342183,0.25219941348973607,0.2955787629873488,0.3023255813953488,0.24208355908735174,-0.4016288519276009,0.2536873156342183,0.6556122448979592
BugHunter,full_neo4j_file,KNN,3655,6,0.4642954856361149,2,2,0.34201954397394135,0.30973451327433627,0.32507739938080493,0.38746151066953227,0.40355677154582764,0.37464255613749925,-0.20770832429842545,0.30973451327433627,0.5153061224489796
BugHunter,full_neo4j_file,Dummy,3655,6,0.4642954856361149,2,3,0.45535714285714285,0.45132743362831856,0.4533333333333333,0.49054174973747805,0.4952120383036936,0.49224534946722054,-0.015519113974522747,0.45132743362831856,0.46683673469387754
BugHunter,full_neo4j_file,LogisticRegression,3655,6,0.4642954856361149,2,3,0.4583333333333333,0.2920353982300885,0.3567567567567568,0.4526276303072279,0.5116279069767442,0.5184516284389863,-0.00703222474474053,0.2920353982300885,0.29846938775510207
BugHunter,full_neo4j_file,GaussianNB,3655,6,0.4642954856361149,2,3,0.4722222222222222,0.1504424778761062,0.22818791946308725,0.3585622867662746,0.5280437756497948,0.5232902895671543,0.007075014496971235,0.1504424778761062,0.14540816326530612
BugHunter,full_neo4j_file,DecisionTree,3655,6,0.4642954856361149,2,3,0.33163265306122447,0.3834808259587021,0.35567715458276333,0.35661570872690684,0.35567715458276333,0.3426118234904581,-0.28488652098007344,0.3834808259587021,0.6683673469387755
BugHunter,full_neo4j_file,RandomForest,3655,6,0.4642954856361149,2,3,0.29721362229102166,0.2831858407079646,0.29003021148036257,0.345250809885461,0.35704514363885087,0.28048808018782734,-0.2971326175478936,0.2831858407079646,0.5790816326530612
BugHunter,full_neo4j_file,KNN,3655,6,0.4642954856361149,2,3,0.3793103448275862,0.32448377581120946,0.3497615262321145,0.41891063922154215,0.44049247606019154,0.4111131178134971,-0.13730673956857156,0.32448377581120946,0.45918367346938777
BugHunter,full_neo4j_file,Dummy,3655,6,0.4642954856361149,2,4,0.5014925373134328,0.49411764705882355,0.49777777777777776,0.5320479973280694,0.5362517099863201,0.5335038363171355,0.06707835052756307,0.49411764705882355,0.42710997442455245
BugHunter,full_neo4j_file,LogisticRegression,3655,6,0.4642954856361149,2,4,0.507537688442211,0.29705882352941176,0.3747680890538033,0.4718094767359986,0.5389876880984952,0.5220099292914097,0.05201700641066409,0.29705882352941176,0.2506393861892583
BugHunter,full_neo4j_file,GaussianNB,3655,6,0.4642954856361149,2,4,0.5833333333333334,0.12352941176470589,0.20388349514563106,0.33771504524193047,0.5512995896032832,0.5526026778998043,0.07834174015793335,0.12352941176470589,0.07672634271099744
BugHunter,full_neo4j_file,DecisionTree,3655,6,0.4642954856361149,2,4,0.3307291666666667,0.3735294117647059,0.35082872928176795,0.35778853709974545,0.35704514363885087,0.3310365578456447,-0.283431448843015,0.3735294117647059,0.6572890025575447
BugHunter,full_neo4j_file,RandomForest,3655,6,0.4642954856361149,2,4,0.22950819672131148,0.20588235294117646,0.21705426356589147,0.2866048147598683,0.3091655266757866,0.2490747705731909,-0.39969143730930223,0.20588235294117646,0.6010230179028133
BugHunter,full_neo4j_file,KNN,3655,6,0.4642954856361149,2,4,0.3525641025641026,0.3235294117647059,0.3374233128834356,0.39545712751462864,0.40902872777017785,0.37399578757334134,-0.1947214177506762,0.3235294117647059,0.5166240409207161
BugHunter,full_neo4j_file,Dummy,3655,6,0.4642954856361149,2,5,0.4925373134328358,0.4852941176470588,0.4888888888888889,0.523733400874735,0.5280437756497948,0.5252557544757034,0.05056478713432712,0.4852941176470588,0.43478260869565216
BugHunter,full_neo4j_file,LogisticRegression,3655,6,0.4642954856361149,2,5,0.5128205128205128,0.35294117647058826,0.4181184668989547,0.5000376095378319,0.5430916552667578,0.5399277869715661,0.06562603993503514,0.35294117647058826,0.2915601023017903
BugHunter,full_neo4j_file,GaussianNB,3655,6,0.4642954856361149,2,5,0.5238095238095238,0.16176470588235295,0.24719101123595505,0.37560442238108843,0.5417236662106704,0.5335075974123665,0.04819313095520137,0.16176470588235295,0.1278772378516624
BugHunter,full_neo4j_file,DecisionTree,3655,6,0.4642954856361149,2,5,0.3669950738916256,0.43823529411764706,0.39946380697050937,0.38754103622912833,0.387140902872777,0.36155032345418986,-0.2198739354868297,0.43823529411764706,0.6572890025575447
BugHunter,full_neo4j_file,RandomForest,3655,6,0.4642954856361149,2,5,0.31197771587743733,0.32941176470588235,0.32045779685264664,0.34830717444364867,0.35020519835841313,0.2990785316684218,-0.3016128650983959,0.32941176470588235,0.6317135549872123
BugHunter,full_neo4j_file,KNN,3655,6,0.4642954856361149,2,5,0.390625,0.36764705882352944,0.3787878787878788,0.42929438188221275,0.43912448700410395,0.4304874379419287,-0.13177986231400834,0.36764705882352944,0.49872122762148335
BugHunter,full_neo4j_file,Dummy,3655,6,0.4642954856361149,3,1,0.46130952380952384,0.45722713864306785,0.45925925925925926,0.49609425087295894,0.5006839945280438,0.49774622238275834,-0.004510407215302826,0.45722713864306785,0.461734693877551
BugHunter,full_neo4j_file,LogisticRegression,3655,6,0.4642954856361149,3,1,0.46875,0.26548672566371684,0.3389830508474576,0.44317716099403104,0.5198358413132695,0.5279671603154535,0.0059861725700296985,0.26548672566371684,0.2602040816326531
BugHunter,full_neo4j_file,GaussianNB,3655,6,0.4642954856361149,3,1,0.4175824175824176,0.11209439528023599,0.17674418604651163,0.31134992453861954,0.5157318741450069,0.5204871771717536,-0.034908103156823515,0.11209439528023599,0.13520408163265307
BugHunter,full_neo4j_file,DecisionTree,3655,6,0.4642954856361149,3,1,0.3449197860962567,0.3805309734513274,0.36185133239831696,0.377755364017836,0.37756497948016415,0.35652955872614533,-0.24389158532057853,0.3805309734513274,0.625
BugHunter,full_neo4j_file,RandomForest,3655,6,0.4642954856361149,3,1,0.2588996763754045,0.2359882005899705,0.24691358024691357,0.3132534862916785,0.332421340629275,0.2781440009632172,-0.35150421543203597,0.2359882005899705,0.5841836734693877
BugHunter,full_neo4j_file,KNN,3655,6,0.4642954856361149,3,1,0.3517915309446254,0.3185840707964602,0.33436532507739936,0.39604784054363634,0.4117647058823529,0.39288348082595864,-0.19103417702606118,0.3185840707964602,0.5076530612244898
BugHunter,full_neo4j_file,Dummy,3655,6,0.4642954856361149,3,2,0.47023809523809523,0.46607669616519176,0.46814814814814815,0.5044202900647007,0.5088919288645691,0.5059975317560653,0.012002652923527054,0.46607669616519176,0.45408163265306123
BugHunter,full_neo4j_file,LogisticRegression,3655,6,0.4642954856361149,3,2,0.5518867924528302,0.34513274336283184,0.4246823956442831,0.511361789281968,0.5663474692202463,0.5657508578652699,0.11295992959608547,0.34513274336283184,0.2423469387755102
BugHunter,full_neo4j_file,GaussianNB,3655,6,0.4642954856361149,3,2,0.6428571428571429,0.1592920353982301,0.2553191489361702,0.38353789695865464,0.5690834473324213,0.5669548792968515,0.12941334101575971,0.1592920353982301,0.07653061224489796
BugHunter,full_neo4j_file,DecisionTree,3655,6,0.4642954856361149,3,2,0.330749354005168,0.3775811209439528,0.3526170798898072,0.3579216119770776,0.35704514363885087,0.34598684606585994,-0.28287783676748357,0.3775811209439528,0.6607142857142857
BugHunter,full_neo4j_file,RandomForest,3655,6,0.4642954856361149,3,2,0.2709677419354839,0.24778761061946902,0.2588597842835131,0.3239297265802047,0.34199726402188785,0.2770980073445307,-0.331724466260265,0.24778761061946902,0.576530612244898
BugHunter,full_neo4j_file,KNN,3655,6,0.4642954856361149,3,2,0.34551495016611294,0.30678466076696165,0.325,0.3906529360608376,0.40902872777017785,0.4031251881283487,-0.19836428081009103,0.30678466076696165,0.5025510204081632
BugHunter,full_neo4j_file,Dummy,3655,6,0.4642954856361149,3,3,0.47023809523809523,0.46607669616519176,0.46814814814814815,0.5044202900647007,0.5088919288645691,0.5059975317560653,0.012002652923527054,0.46607669616519176,0.45408163265306123
BugHunter,full_neo4j_file,LogisticRegression,3655,6,0.4642954856361149,3,3,0.4519230769230769,0.27728613569321536,0.3436928702010969,0.44344875725730204,0.5088919288645691,0.5141209138522665,-0.014954238158812978,0.27728613569321536,0.29081632653061223
BugHunter,full_neo4j_file,GaussianNB,3655,6,0.4642954856361149,3,3,0.5056179775280899,0.13274336283185842,0.2102803738317757,0.3432835527898731,0.5376196990424077,0.5090188730359401,0.031260916274091194,0.13274336283185842,0.11224489795918367
BugHunter,full_neo4j_file,DecisionTree,3655,6,0.4642954856361149,3,3,0.3444976076555024,0.4247787610619469,0.380449141347424,0.3575850612566937,0.35841313269493846,0.3459266449942809,-0.27634482697278784,0.4247787610619469,0.6989795918367347
BugHunter,full_neo4j_file,RandomForest,3655,6,0.4642954856361149,3,3,0.28125,0.26548672566371684,0.2731411229135053,0.3312347399547073,0.3447332421340629,0.28124059358256576,-0.32291437009286844,0.26548672566371684,0.5867346938775511
BugHunter,full_neo4j_file,KNN,3655,6,0.4642954856361149,3,3,0.3256578947368421,0.2920353982300885,0.30793157076205285,0.3732463057659444,0.3912448700410397,0.35926118234904586,-0.23364732940929991,0.2920353982300885,0.5229591836734694
BugHunter,full_neo4j_file,Dummy,3655,6,0.4642954856361149,3,4,0.46865671641791046,0.46176470588235297,0.4651851851851852,0.5015471774769984,0.506155950752394,0.5032608695652174,0.006528618085697932,0.46176470588235297,0.45524296675191817
BugHunter,full_neo4j_file,LogisticRegression,3655,6,0.4642954856361149,3,4,0.4585365853658537,0.27647058823529413,0.344954128440367,0.44495398970704925,0.5116279069767442,0.5020761245674741,-0.008235297167142766,0.27647058823529413,0.28388746803069054
BugHunter,full_neo4j_file,GaussianNB,3655,6,0.4642954856361149,3,4,0.49382716049382713,0.11764705882352941,0.19002375296912113,0.32451604962786496,0.533515731874145,0.5141718068301488,0.020319915443318196,0.11764705882352941,0.10485933503836317
BugHunter,full_neo4j_file,DecisionTree,3655,6,0.4642954856361149,3,4,0.34134615384615385,0.4176470588235294,0.37566137566137564,0.3535161556893595,0.3543091655266758,0.33132616217842636,-0.28516535299285467,0.4176470588235294,0.7007672634271099
BugHunter,full_neo4j_file,RandomForest,3655,6,0.4642954856361149,3,4,0.26865671641791045,0.2647058823529412,0.26666666666666666,0.31439081199817714,0.3228454172366621,0.2641906123063036,-0.36227429769657155,0.2647058823529412,0.6265984654731458
BugHunter,full_neo4j_file,KNN,3655,6,0.4642954856361149,3,4,0.3487654320987654,0.3323529411764706,0.34036144578313254,0.3911538750853469,0.4008207934336525,0.3773394012336393,-0.20812985865659658,0.3323529411764706,0.5396419437340153
BugHunter,full_neo4j_file,Dummy,3655,6,0.4642954856361149,3,5,0.4746268656716418,0.4676470588235294,0.4711111111111111,0.5070957315327841,0.5116279069767442,0.508759590792839,0.01753766034785523,0.4676470588235294,0.45012787723785164
BugHunter,full_neo4j_file,LogisticRegression,3655,6,0.4642954856361149,3,5,0.5232067510548524,0.36470588235294116,0.42980935875216636,0.5092199422659367,0.5499316005471956,0.5122273205957575,0.0806687158256339,0.36470588235294116,0.289002557544757
BugHunter,full_neo4j_file,GaussianNB,3655,6,0.4642954856361149,3,5,0.5487804878048781,0.1323529411764706,0.2132701421800948,0.3461625254955677,0.5458276333789329,0.5439483977734316,0.05962300017453006,0.1323529411764706,0.09462915601023018
BugHunter,full_neo4j_file,DecisionTree,3655,6,0.4642954856361149,3,5,0.3393316195372751,0.38823529411764707,0.36213991769547327,0.3647636287918846,0.36388508891928867,0.3513878441402136,-0.26895459344660066,0.38823529411764707,0.6572890025575447
BugHunter,full_neo4j_file,RandomForest,3655,6,0.4642954856361149,3,5,0.30726256983240224,0.3235294117647059,0.3151862464183381,0.34398263904606735,0.34610123119015046,0.30136903866405895,-0.3100497807193904,0.3235294117647059,0.6342710997442456
BugHunter,full_neo4j_file,KNN,3655,6,0.4642954856361149,3,5,0.36904761904761907,0.36470588235294116,0.3668639053254438,0.40861049850866527,0.41450068399452805,0.3939371144877389,-0.17764065415184485,0.36470588235294116,0.5421994884910486
BugHunter,full_netty_file,Dummy,4566,6,0.4231274638633377,1,1,0.4236842105263158,0.4160206718346253,0.4198174706649283,0.49309148864748537,0.513129102844639,0.5002304497693051,0.00046206666333637575,0.4160206718346253,0.4155597722960152
BugHunter,full_netty_file,LogisticRegression,4566,6,0.4231274638633377,1,1,0.5101214574898786,0.32558139534883723,0.39747634069400634,0.500826729254277,0.5820568927789934,0.5413706367768412,0.10678975423381039,0.32558139534883723,0.22960151802656548
BugHunter,full_netty_file,GaussianNB,4566,6,0.4231274638633377,1,1,0.5084745762711864,0.15503875968992248,0.2376237623762376,0.37145076441997704,0.5787746170678337,0.5517555859553123,0.06628273315459013,0.15503875968992248,0.11005692599620494
BugHunter,full_netty_file,DecisionTree,4566,6,0.4231274638633377,1,1,0.3080357142857143,0.35658914728682173,0.33053892215568864,0.38318510586059734,0.38840262582056895,0.3718699282663803,-0.22895698916141738,0.35658914728682173,0.5882352941176471
BugHunter,full_netty_file,RandomForest,4566,6,0.4231274638633377,1,1,0.24929178470254956,0.22739018087855298,0.23783783783783785,0.33622592078926616,0.38293216630196936,0.32895969090311794,-0.2795403025974118,0.22739018087855298,0.5028462998102466
BugHunter,full_netty_file,KNN,4566,6,0.4231274638633377,1,1,0.2895622895622896,0.2222222222222222,0.25146198830409355,0.36503287321026423,0.43982494529540483,0.4056136583165399,-0.18795053563628636,0.2222222222222222,0.40037950664136623
BugHunter,full_netty_file,Dummy,4566,6,0.4231274638633377,1,2,0.4146981627296588,0.40932642487046633,0.41199478487614083,0.48592179105495226,0.5060240963855421,0.4930882598735634,-0.013848350674595396,0.40932642487046633,0.42314990512333966
BugHunter,full_netty_file,LogisticRegression,4566,6,0.4231274638633377,1,2,0.42857142857142855,0.33419689119170987,0.37554585152838427,0.47447143541300624,0.5301204819277109,0.4941672975391058,0.008218872832669557,0.33419689119170987,0.32637571157495254
BugHunter,full_netty_file,GaussianNB,4566,6,0.4231274638633377,1,2,0.46715328467153283,0.16580310880829016,0.2447418738049713,0.3779366015098855,0.5673603504928806,0.48585452900866183,0.037740085434906506,0.16580310880829016,0.13851992409867173
BugHunter,full_netty_file,DecisionTree,4566,6,0.4231274638633377,1,2,0.31777777777777777,0.3704663212435233,0.34210526315789475,0.39326056533279957,0.39759036144578314,0.3773583978134125,-0.20955329566072106,0.3704663212435233,0.5825426944971537
BugHunter,full_netty_file,RandomForest,4566,6,0.4231274638633377,1,2,0.253125,0.20984455958549222,0.22946175637393768,0.3386411991841232,0.40416210295728366,0.3399312758698666,-0.25228494713188576,0.20984455958549222,0.45351043643263755
BugHunter,full_netty_file,KNN,4566,6,0.4231274638633377,1,2,0.3125,0.24611398963730569,0.2753623188405797,0.38536866871190745,0.452354874041621,0.43001494430297604,-0.15772652796952513,0.24611398963730569,0.396584440227704
BugHunter,full_netty_file,Dummy,4566,6,0.4231274638633377,1,3,0.4120734908136483,0.4067357512953368,0.409387222946545,0.4835842864795717,0.5038335158817087,0.490844156482583,-0.018344632383665665,0.4067357512953368,0.4250474383301708
BugHunter,full_netty_file,LogisticRegression,4566,6,0.4231274638633377,1,3,0.4618055555555556,0.344559585492228,0.39465875370919884,0.49317190809664974,0.5531215772179627,0.5411484500201551,0.05362341581525136,0.344559585492228,0.29411764705882354
BugHunter,full_netty_file,GaussianNB,4566,6,0.4231274638633377,1,3,0.49137931034482757,0.14766839378238342,0.22709163346613545,0.3621274066058736,0.5750273822562979,0.5441520582827816,0.05297591948873856,0.14766839378238342,0.11195445920303605
BugHunter,full_netty_file,DecisionTree,4566,6,0.4231274638633377,1,3,0.3289760348583878,0.3911917098445596,0.357396449704142,0.40319168873762024,0.40525739320920046,0.39526943988359176,-0.19093294113027318,0.3911917098445596,0.5844402277039848
BugHunter,full_netty_file,RandomForest,4566,6,0.4231274638633377,1,3,0.29708222811671087,0.29015544041450775,0.29357798165137616,0.37980501686030954,0.40963855421686746,0.345641081102339,-0.21340014788556744,0.29015544041450775,0.5028462998102466
BugHunter,full_netty_file,KNN,4566,6,0.4231274638633377,1,3,0.36795252225519287,0.32124352331606215,0.343015214384509,0.43749863934999805,0.47973713033953996,0.44623492051007263,-0.0848965282279171,0.32124352331606215,0.40417457305502846
BugHunter,full_netty_file,Dummy,4566,6,0.4231274638633377,1,4,0.4068241469816273,0.4015544041450777,0.4041720990873533,0.47890584427482735,0.4994523548740416,0.48635594970062235,-0.027337195801806203,0.4015544041450777,0.428842504743833
BugHunter,full_netty_file,LogisticRegression,4566,6,0.4231274638633377,1,4,0.4423076923076923,0.35751295336787564,0.3954154727793696,0.48935940106776,0.5377875136911281,0.5314518586976826,0.028478524975176805,0.35751295336787564,0.3301707779886148
BugHunter,full_netty_file,GaussianNB,4566,6,0.4231274638633377,1,4,0.46808510638297873,0.17098445595854922,0.2504743833017078,0.3829501334783051,0.5673603504928806,0.5222886413465604,0.03919226372894201,0.17098445595854922,0.14231499051233396
BugHunter,full_netty_file,DecisionTree,4566,6,0.4231274638633377,1,4,0.33874709976798145,0.37823834196891193,0.3574051407588739,0.41675915704856054,0.4249726177437021,0.4006203852090727,-0.1608595371740341,0.37823834196891193,0.540796963946869
BugHunter,full_netty_file,RandomForest,4566,6,0.4231274638633377,1,4,0.2565597667638484,0.22797927461139897,0.24142661179698216,0.3430258334004553,0.39430449069003287,0.3428537719617347,-0.261018121580567,0.22797927461139897,0.4838709677419355
BugHunter,full_netty_file,KNN,4566,6,0.4231274638633377,1,4,0.3240418118466899,0.24093264248704663,0.2763744427934621,0.390179664615765,0.4665936473165389,0.4274291866169834,-0.13533798732502106,0.24093264248704663,0.3681214421252372
BugHunter,full_netty_file,Dummy,4566,6,0.4231274638633377,1,5,0.4131578947368421,0.40568475452196384,0.409387222946545,0.4834179650526612,0.5038335158817087,0.4908651909491949,-0.01831565358883863,0.40568475452196384,0.42395437262357416
BugHunter,full_netty_file,LogisticRegression,4566,6,0.4231274638633377,1,5,0.48253968253968255,0.39276485788113696,0.43304843304843305,0.5206270776794345,0.5640744797371303,0.550149340250145,0.08615621313307334,0.39276485788113696,0.30988593155893535
BugHunter,full_netty_file,GaussianNB,4566,6,0.4231274638633377,1,5,0.5277777777777778,0.14728682170542637,0.23030303030303031,0.3647000963604458,0.5826944140197152,0.5375487566441675,0.07701118218564407,0.14728682170542637,0.09695817490494296
BugHunter,full_netty_file,DecisionTree,4566,6,0.4231274638633377,1,5,0.2957446808510638,0.35917312661498707,0.32438739789964993,0.36490209033680804,0.3658269441401972,0.3468009746416325,-0.26707257000750656,0.35917312661498707,0.629277566539924
BugHunter,full_netty_file,RandomForest,4566,6,0.4231274638633377,1,5,0.2661064425770308,0.2454780361757106,0.2553763440860215,0.3510067041661144,0.3932092004381161,0.31296607421817435,-0.2558267753415331,0.2454780361757106,0.49809885931558934
BugHunter,full_netty_file,KNN,4566,6,0.4231274638633377,1,5,0.31230283911671924,0.2558139534883721,0.28125,0.3870299741647105,0.4457831325301205,0.3982152857606036,-0.16466216764324618,0.2558139534883721,0.4144486692015209
BugHunter,full_netty_file,Dummy,4566,6,0.4231274638633377,2,1,0.4368421052631579,0.4289405684754522,0.43285528031290743,0.5047373261147484,0.524070021881838,0.5114342311067963,0.02292637146596656,0.4289405684754522,0.4060721062618596
BugHunter,full_netty_file,LogisticRegression,4566,6,0.4231274638633377,2,1,0.5,0.3669250645994832,0.4232488822652757,0.5177424170193385,0.5765864332603938,0.5633320094729565,0.10407014153362798,0.3669250645994832,0.269449715370019
BugHunter,full_netty_file,GaussianNB,4566,6,0.4231274638633377,2,1,0.5932203389830508,0.18087855297157623,0.27722772277227725,0.40546744142970853,0.600656455142232,0.5729324487984742,0.13231981414793587,0.18087855297157623,0.09108159392789374
BugHunter,full_netty_file,DecisionTree,4566,6,0.4231274638633377,2,1,0.3333333333333333,0.37467700258397935,0.35279805352798055,0.410485087250018,0.4179431072210066,0.39545425572079285,-0.17373678482572372,0.37467700258397935,0.5502846299810247
BugHunter,full_netty_file,RandomForest,4566,6,0.4231274638633377,2,1,0.2621082621082621,0.23772609819121446,0.24932249322493225,0.34769666138765876,0.3938730853391685,0.3243457923304356,-0.2577706199912256,0.23772609819121446,0.49146110056925996
BugHunter,full_netty_file,KNN,4566,6,0.4231274638633377,2,1,0.32432432432432434,0.24806201550387597,0.28111273792093705,0.3923274565327589,0.462800875273523,0.4162413152307685,-0.1387917116181167,0.24806201550387597,0.3795066413662239
BugHunter,full_netty_file,Dummy,4566,6,0.4231274638633377,2,2,0.4146981627296588,0.40932642487046633,0.41199478487614083,0.48592179105495226,0.5060240963855421,0.4930882598735634,-0.013848350674595396,0.40932642487046633,0.42314990512333966
BugHunter,full_netty_file,LogisticRegression,4566,6,0.4231274638633377,2,2,0.44086021505376344,0.31865284974093266,0.3699248120300752,0.4736314695865404,0.5410733844468785,0.5207450521575837,0.024276380955710206,0.31865284974093266,0.29601518026565465
BugHunter,full_netty_file,GaussianNB,4566,6,0.4231274638633377,2,2,0.45528455284552843,0.14507772020725387,0.2200392927308448,0.3558557350468367,0.5651697699890471,0.529551867546283,0.02596138173967522,0.14507772020725387,0.127134724857685
BugHunter,full_netty_file,DecisionTree,4566,6,0.4231274638633377,2,2,0.3201754385964912,0.37823834196891193,0.34679334916864607,0.39464566339218504,0.39759036144578314,0.37440394844215474,-0.20747770245188052,0.37823834196891193,0.5882352941176471
BugHunter,full_netty_file,RandomForest,4566,6,0.4231274638633377,2,2,0.27823691460055094,0.2616580310880829,0.2696929238985314,0.3627309922632432,0.4008762322015334,0.34563616521320206,-0.23770987698538382,0.2616580310880829,0.4971537001897533
BugHunter,full_netty_file,KNN,4566,6,0.4231274638633377,2,2,0.33,0.25647668393782386,0.2886297376093295,0.39831571146928646,0.4654983570646221,0.4318411971173226,-0.13139114942166596,0.25647668393782386,0.38140417457305503
BugHunter,full_netty_file,Dummy,4566,6,0.4231274638633377,2,3,0.4330708661417323,0.4274611398963731,0.4302477183833116,0.5022537715720917,0.5213581599123768,0.5087969836104256,0.017625621288896488,0.4274611398963731,0.4098671726755218
BugHunter,full_netty_file,LogisticRegression,4566,6,0.4231274638633377,2,3,0.43356643356643354,0.32124352331606215,0.36904761904761907,0.4716917874360906,0.5355969331872946,0.5128894613168684,0.014744053685405965,0.32124352331606215,0.30740037950664134
BugHunter,full_netty_file,GaussianNB,4566,6,0.4231274638633377,2,3,0.4772727272727273,0.16321243523316062,0.24324324324324326,0.37662058514530855,0.5706462212486308,0.5017033555859248,0.04534773225720284,0.16321243523316062,0.13092979127134724
BugHunter,full_netty_file,DecisionTree,4566,6,0.4231274638633377,2,3,0.2962138084632517,0.344559585492228,0.318562874251497,0.371422396804409,0.37677984665936476,0.3560234389594046,-0.2520349100935921,0.344559585492228,0.5996204933586338
BugHunter,full_netty_file,RandomForest,4566,6,0.4231274638633377,2,3,0.2557471264367816,0.23056994818652848,0.24250681198910082,0.34242340412503924,0.3910186199342826,0.32344829959394755,-0.2653655032417962,0.23056994818652848,0.49146110056925996
BugHunter,full_netty_file,KNN,4566,6,0.4231274638633377,2,3,0.32298136645962733,0.2694300518134715,0.2937853107344633,0.3974632225783865,0.452354874041621,0.414896127262538,-0.14912122864403152,0.2694300518134715,0.41366223908918404
BugHunter,full_netty_file,Dummy,4566,6,0.4231274638633377,2,4,0.4540682414698163,0.4481865284974093,0.4511082138200782,0.5208581129216906,0.5388828039430449,0.5267498107382682,0.05359587496145864,0.4481865284974093,0.3946869070208729
BugHunter,full_netty_file,LogisticRegression,4566,6,0.4231274638633377,2,4,0.4470198675496689,0.34974093264248707,0.39244186046511625,0.48878646876912807,0.5421686746987951,0.5055991977268929,0.03449438645043927,0.34974093264248707,0.31688804554079697
BugHunter,full_netty_file,GaussianNB,4566,6,0.4231274638633377,2,4,0.49206349206349204,0.16062176165803108,0.2421875,0.37565344875688034,0.5750273822562979,0.5049503003608262,0.056116002088768574,0.16062176165803108,0.12144212523719165
BugHunter,full_netty_file,DecisionTree,4566,6,0.4231274638633377,2,4,0.33849557522123896,0.3963730569948187,0.36515513126491644,0.41410853245315987,0.4173055859802848,0.4157072489701212,-0.16894618786567256,0.3963730569948187,0.5673624288425048
BugHunter,full_netty_file,RandomForest,4566,6,0.4231274638633377,2,4,0.2697947214076246,0.23834196891191708,0.2530949105914718,0.35458254407759654,0.40525739320920046,0.3661206752465318,-0.23911477802691536,0.23834196891191708,0.47248576850094876
BugHunter,full_netty_file,KNN,4566,6,0.4231274638633377,2,4,0.3269230769230769,0.26424870466321243,0.2922636103151863,0.39868579025530354,0.4589266155531216,0.42089351200951713,-0.13981204656098128,0.26424870466321243,0.3984819734345351
BugHunter,full_netty_file,Dummy,4566,6,0.4231274638633377,2,5,0.41842105263157897,0.4108527131782946,0.41460234680573665,0.4880902442568843,0.5082146768893757,0.49535031096177085,-0.009322810498432785,0.4108527131782946,0.42015209125475284
BugHunter,full_netty_file,LogisticRegression,4566,6,0.4231274638633377,2,5,0.49158249158249157,0.3772609819121447,0.4269005847953216,0.5186133680379901,0.5706462212486308,0.5629906367593165,0.09513319586727488,0.3772609819121447,0.2870722433460076
BugHunter,full_netty_file,GaussianNB,4566,6,0.4231274638633377,2,5,0.4838709677419355,0.15503875968992248,0.23483365949119372,0.3690186012827396,0.5717415115005476,0.5546344602627209,0.04812823980012584,0.15503875968992248,0.12167300380228137
BugHunter,full_netty_file,DecisionTree,4566,6,0.4231274638633377,2,5,0.3148558758314856,0.3669250645994832,0.33890214797136037,0.3890681541214827,0.3932092004381161,0.3676447470549513,-0.2179724805933503,0.3669250645994832,0.5874524714828897
BugHunter,full_netty_file,RandomForest,4566,6,0.4231274638633377,2,5,0.2471264367816092,0.2222222222222222,0.23401360544217686,0.33396644564799904,0.3833515881708653,0.31670694923414,-0.28070453693463465,0.2222222222222222,0.49809885931558934
BugHunter,full_netty_file,KNN,4566,6,0.4231274638633377,2,5,0.3051948051948052,0.24289405684754523,0.27050359712230215,0.3795708646932997,0.44468784227820374,0.40560615439030867,-0.1713589772586437,0.24289405684754523,0.4068441064638783
BugHunter,full_netty_file,Dummy,4566,6,0.4231274638633377,3,1,0.41578947368421054,0.4082687338501292,0.41199478487614083,0.48609110394699934,0.5065645514223195,0.4935081809668103,-0.013016516218241734,0.4082687338501292,0.42125237191650855
BugHunter,full_netty_file,LogisticRegression,4566,6,0.4231274638633377,3,1,0.4944649446494465,0.3462532299741602,0.4072948328267477,0.5062020651092956,0.5733041575492341,0.5742219868692664,0.09335488950983137,0.3462532299741602,0.25996204933586337
BugHunter,full_netty_file,GaussianNB,4566,6,0.4231274638633377,3,1,0.5412844036697247,0.1524547803617571,0.23790322580645162,0.37147056403963985,0.5864332603938731,0.5619002789913164,0.08778232545271511,0.1524547803617571,0.09487666034155598
BugHunter,full_netty_file,DecisionTree,4566,6,0.4231274638633377,3,1,0.3212669683257919,0.3669250645994832,0.3425814234016888,0.39755416769370094,0.4037199124726477,0.3708476138642504,-0.20005501819853325,0.3669250645994832,0.5692599620493358
BugHunter,full_netty_file,RandomForest,4566,6,0.4231274638633377,3,1,0.2542857142857143,0.22997416020671835,0.24151967435549526,0.34070227342596726,0.38840262582056895,0.3154661214323189,-0.2696466382074026,0.22997416020671835,0.4952561669829222
BugHunter,full_netty_file,KNN,4566,6,0.4231274638633377,3,1,0.30272108843537415,0.22997416020671835,0.26138032305433184,0.37485399962801785,0.449671772428884,0.4092052424870924,-0.16820675448592898,0.22997416020671835,0.3889943074003795
BugHunter,full_netty_file,Dummy,4566,6,0.4231274638633377,3,2,0.4094488188976378,0.40414507772020725,0.4067796610169492,0.4812456431139236,0.5016429353778752,0.4886000530916027,-0.022840914092735934,0.40414507772020725,0.4269449715370019
BugHunter,full_netty_file,LogisticRegression,4566,6,0.4231274638633377,3,2,0.4769736842105263,0.3756476683937824,0.42028985507246375,0.5121638842629246,0.5618838992332968,0.5517520228883799,0.07750546268057197,0.3756476683937824,0.301707779886148
BugHunter,full_netty_file,GaussianNB,4566,6,0.4231274638633377,3,2,0.5486725663716814,0.16062176165803108,0.24849699398797595,0.3808906932536602,0.5892661555312158,0.5484387136101306,0.09577653139941578,0.16062176165803108,0.0967741935483871
BugHunter,full_netty_file,DecisionTree,4566,6,0.4231274638633377,3,2,0.32662192393736017,0.37823834196891193,0.3505402160864346,0.4027464189289616,0.40744797371303393,0.3805168565838503,-0.1906459515119057,0.37823834196891193,0.571157495256167
BugHunter,full_netty_file,RandomForest,4566,6,0.4231274638633377,3,2,0.25770308123249297,0.23834196891191708,0.24764468371467024,0.3442275290488411,0.3877327491785323,0.3233057388089784,-0.26776896720654736,0.23834196891191708,0.5028462998102466
BugHunter,full_netty_file,KNN,4566,6,0.4231274638633377,3,2,0.3546325878594249,0.28756476683937826,0.31759656652360513,0.42111839263147816,0.47754654983570644,0.42720059777211905,-0.09963931023909295,0.28756476683937826,0.38330170777988615
BugHunter,full_netty_file,Dummy,4566,6,0.4231274638633377,3,3,0.3858267716535433,0.38082901554404147,0.3833116036505867,0.4601437395141323,0.4819277108433735,0.4684031225727797,-0.06330744947436835,0.38082901554404147,0.444022770398482
BugHunter,full_netty_file,LogisticRegression,4566,6,0.4231274638633377,3,3,0.44483985765124556,0.3238341968911917,0.3748125937031484,0.4774666048241092,0.5432639649507119,0.5165714622803828,0.02977344132371409,0.3238341968911917,0.29601518026565465
BugHunter,full_netty_file,GaussianNB,4566,6,0.4231274638633377,3,3,0.45528455284552843,0.14507772020725387,0.2200392927308448,0.3558557350468367,0.5651697699890471,0.5050977770349323,0.02596138173967522,0.14507772020725387,0.127134724857685
BugHunter,full_netty_file,DecisionTree,4566,6,0.4231274638633377,3,3,0.3267543859649123,0.3860103626943005,0.35391923990498814,0.4014260154829768,0.40416210295728366,0.38703040969020064,-0.19417461178715603,0.3860103626943005,0.5825426944971537
BugHunter,full_netty_file,RandomForest,4566,6,0.4231274638633377,3,3,0.2955801104972376,0.2772020725388601,0.28609625668449196,0.3782486449934906,0.41511500547645125,0.3414429117794536,-0.20871035323439155,0.2772020725388601,0.4838709677419355
BugHunter,full_netty_file,KNN,4566,6,0.4231274638633377,3,3,0.347682119205298,0.27202072538860106,0.30523255813953487,0.4127172865200616,0.4764512595837897,0.4307769071191907,-0.10687943442005775,0.27202072538860106,0.3738140417457306
BugHunter,full_netty_file,Dummy,4566,6,0.4231274638633377,3,4,0.4146981627296588,0.40932642487046633,0.41199478487614083,0.48592179105495226,0.5060240963855421,0.4930882598735634,-0.013848350674595396,0.40932642487046633,0.42314990512333966
BugHunter,full_netty_file,LogisticRegression,4566,6,0.4231274638633377,3,4,0.46808510638297873,0.34196891191709844,0.39520958083832336,0.494605203174318,0.5575027382256298,0.5235766043004197,0.061306894464332524,0.34196891191709844,0.2846299810246679
BugHunter,full_netty_file,GaussianNB,4566,6,0.4231274638633377,3,4,0.496,0.16062176165803108,0.24266144814090018,0.37605890321786556,0.5761226725082147,0.5073492542596179,0.05903116525324131,0.16062176165803108,0.11954459203036052
BugHunter,full_netty_file,DecisionTree,4566,6,0.4231274638633377,3,4,0.3411016949152542,0.4170984455958549,0.3752913752913753,0.41346700064663927,0.4129244249726177,0.3974717582169087,-0.17105708677070255,0.4170984455958549,0.5901328273244781
BugHunter,full_netty_file,RandomForest,4566,6,0.4231274638633377,3,4,0.26229508196721313,0.24870466321243523,0.2553191489361702,0.34825969733061546,0.38663745892661555,0.3263118050161733,-0.26574092042547603,0.24870466321243523,0.5123339658444023
BugHunter,full_netty_file,KNN,4566,6,0.4231274638633377,3,4,0.32,0.2694300518134715,0.29254571026722925,0.3955290834966414,0.44906900328587074,0.40817856475700764,-0.15468281130372266,0.2694300518134715,0.41935483870967744
BugHunter,full_netty_file,Dummy,4566,6,0.4231274638633377,3,5,0.4263157894736842,0.4186046511627907,0.42242503259452413,0.49509040645805813,0.5147864184008762,0.5020779909806349,0.004166454137175983,0.4186046511627907,0.4144486692015209
BugHunter,full_netty_file,LogisticRegression,4566,6,0.4231274638633377,3,5,0.4506172839506173,0.3772609819121447,0.41068917018284107,0.49959455368443795,0.5410733844468785,0.5183604995038367,0.04013266282858618,0.3772609819121447,0.33840304182509506
BugHunter,full_netty_file,GaussianNB,4566,6,0.4231274638633377,3,5,0.44936708860759494,0.1834625322997416,0.26055045871559634,0.3913029120420624,0.5585980284775466,0.5285932541437007,0.02359626451549393,0.1834625322997416,0.16539923954372623
BugHunter,full_netty_file,DecisionTree,4566,6,0.4231274638633377,3,5,0.29398148148148145,0.3281653746770026,0.31013431013431014,0.371321112311086,0.38116100766703176,0.3684774171996738,-0.24910762489628044,0.3281653746770026,0.5798479087452472
BugHunter,full_netty_file,RandomForest,4566,6,0.4231274638633377,3,5,0.2548476454293629,0.23772609819121446,0.24598930481283424,0.34080983635086315,0.3822562979189485,0.31253868600229906,-0.27661100821176116,0.23772609819121446,0.5114068441064639
BugHunter,full_netty_file,KNN,4566,6,0.4231274638633377,3,5,0.3026706231454006,0.26356589147286824,0.281767955801105,0.38185477506100535,0.4304490690032859,0.3967390770379541,-0.1876086137508111,0.26356589147286824,0.4467680608365019
BugHunter,full_orientdb_file,Dummy,3925,6,0.45554140127388537,1,1,0.4745762711864407,0.4692737430167598,0.47191011235955055,0.5146449449482112,0.5210191082802548,0.5168382766606047,0.03370876343938295,0.4692737430167598,0.43559718969555034
BugHunter,full_orientdb_file,LogisticRegression,3925,6,0.45554140127388537,1,1,0.625,0.39106145251396646,0.48109965635738833,0.5604742016435192,0.6152866242038216,0.6367831957400599,0.21434458906486964,0.39106145251396646,0.19672131147540983
BugHunter,full_orientdb_file,GaussianNB,3925,6,0.45554140127388537,1,1,0.6699029126213593,0.19273743016759776,0.2993492407809111,0.42117770105804325,0.5885350318471337,0.6225746732432327,0.16686062281642206,0.19273743016759776,0.07962529274004684
BugHunter,full_orientdb_file,DecisionTree,3925,6,0.45554140127388537,1,1,0.3472906403940887,0.39385474860335196,0.36910994764397903,0.3865552827081297,0.38598726114649684,0.38530477673256314,-0.22601021818452588,0.39385474860335196,0.6206088992974239
BugHunter,full_orientdb_file,RandomForest,3925,6,0.45554140127388537,1,1,0.36768802228412256,0.3687150837988827,0.3682008368200837,0.4155722240984106,0.4229299363057325,0.41856593356272814,-0.16286462142360206,0.3687150837988827,0.531615925058548
BugHunter,full_orientdb_file,KNN,3925,6,0.45554140127388537,1,1,0.4144144144144144,0.3854748603351955,0.3994211287988423,0.45764432872121524,0.4713375796178344,0.4839794329674355,-0.07175327829827738,0.3854748603351955,0.4566744730679157
BugHunter,full_orientdb_file,Dummy,3925,6,0.45554140127388537,1,2,0.4604519774011299,0.4553072625698324,0.45786516853932585,0.5016425338541549,0.5082802547770701,0.5040002355003729,0.008008123093699563,0.4553072625698324,0.44730679156908665
BugHunter,full_orientdb_file,LogisticRegression,3925,6,0.45554140127388537,1,2,0.5780590717299579,0.38268156424581007,0.46050420168067224,0.5413507079635153,0.5910828025477707,0.6249885520652074,0.1610967658820877,0.38268156424581007,0.234192037470726
BugHunter,full_orientdb_file,GaussianNB,3925,6,0.45554140127388537,1,2,0.6101694915254238,0.2011173184357542,0.3025210084033613,0.42361690727731804,0.5770700636942675,0.6233400494550783,0.13015089766668753,0.2011173184357542,0.10772833723653395
BugHunter,full_orientdb_file,DecisionTree,3925,6,0.45554140127388537,1,2,0.4069767441860465,0.4888268156424581,0.44416243654822335,0.4437392009188402,0.44203821656050957,0.42691638428427514,-0.10843951963241272,0.4888268156424581,0.5971896955503513
BugHunter,full_orientdb_file,RandomForest,3925,6,0.45554140127388537,1,2,0.35327635327635326,0.3463687150837989,0.34978843441466856,0.4027823111845709,0.41273885350318473,0.4133064252351733,-0.18557039988021493,0.3463687150837989,0.531615925058548
BugHunter,full_orientdb_file,KNN,3925,6,0.45554140127388537,1,2,0.40762463343108507,0.388268156424581,0.3977110157367668,0.45231731001109077,0.4636942675159236,0.4889511075059202,-0.08520820090099923,0.388268156424581,0.47306791569086654
BugHunter,full_orientdb_file,Dummy,3925,6,0.45554140127388537,1,3,0.4632768361581921,0.4581005586592179,0.4606741573033708,0.5042438919623575,0.510828025477707,0.5065678437324193,0.013148251162836239,0.4581005586592179,0.4449648711943794
BugHunter,full_orientdb_file,LogisticRegression,3925,6,0.45554140127388537,1,3,0.5945945945945946,0.4301675977653631,0.4991896272285251,0.5695512973227934,0.6063694267515923,0.6506515510316224,0.19519010923327723,0.4301675977653631,0.2459016393442623
BugHunter,full_orientdb_file,GaussianNB,3925,6,0.45554140127388537,1,3,0.6568627450980392,0.1871508379888268,0.29130434782608694,0.41450042866900855,0.5847133757961783,0.6413950780422069,0.15580921756389055,0.1871508379888268,0.08196721311475409
BugHunter,full_orientdb_file,DecisionTree,3925,6,0.45554140127388537,1,3,0.3883495145631068,0.44692737430167595,0.4155844155844156,0.4279800891174901,0.4267515923566879,0.43605183624874067,-0.14285857364495,0.44692737430167595,0.5901639344262295
BugHunter,full_orientdb_file,RandomForest,3925,6,0.45554140127388537,1,3,0.40773809523809523,0.38268156424581007,0.39481268011527376,0.4520352016510668,0.46496815286624205,0.449102481912263,-0.08391187454055404,0.38268156424581007,0.46604215456674475
BugHunter,full_orientdb_file,KNN,3925,6,0.45554140127388537,1,3,0.47076023391812866,0.44972067039106145,0.46,0.5090085070264497,0.5184713375796178,0.5335162822341135,0.02594876940981203,0.44972067039106145,0.4238875878220141
BugHunter,full_orientdb_file,Dummy,3925,6,0.45554140127388537,1,4,0.4548022598870056,0.45098039215686275,0.45288326300984527,0.49761203631369166,0.5044585987261146,0.5000229063588052,4.584603497256273e-05,0.45098039215686275,0.45093457943925236
BugHunter,full_orientdb_file,LogisticRegression,3925,6,0.45554140127388537,1,4,0.5780590717299579,0.38375350140056025,0.4612794612794613,0.5423020084445992,0.5923566878980892,0.6198493416058013,0.16281605779733008,0.38375350140056025,0.2336448598130841
BugHunter,full_orientdb_file,GaussianNB,3925,6,0.45554140127388537,1,4,0.6588235294117647,0.1568627450980392,0.25339366515837103,0.382405798350946,0.5796178343949044,0.6205365323699572,0.14279176777973138,0.1568627450980392,0.06775700934579439
BugHunter,full_orientdb_file,DecisionTree,3925,6,0.45554140127388537,1,4,0.3737864077669903,0.43137254901960786,0.40052015604681407,0.41393183480245677,0.41273885350318473,0.4014175763763449,-0.17093964854023833,0.43137254901960786,0.602803738317757
BugHunter,full_orientdb_file,RandomForest,3925,6,0.45554140127388537,1,4,0.3592233009708738,0.31092436974789917,0.3333333333333333,0.4087609641332018,0.43439490445859874,0.4041041650304982,-0.15460988242171697,0.31092436974789917,0.46261682242990654
BugHunter,full_orientdb_file,KNN,3925,6,0.45554140127388537,1,4,0.41233766233766234,0.3557422969187675,0.3819548872180451,0.45310029459285267,0.4764331210191083,0.4753691196104611,-0.06848558144326074,0.3557422969187675,0.42289719626168226
BugHunter,full_orientdb_file,Dummy,3925,6,0.45554140127388537,1,5,0.4632768361581921,0.45938375350140054,0.4613220815752461,0.5054223119289835,0.5121019108280255,0.5077292599282703,0.015469762086456167,0.45938375350140054,0.4439252336448598
BugHunter,full_orientdb_file,LogisticRegression,3925,6,0.45554140127388537,1,5,0.5355648535564853,0.3585434173669468,0.42953020134228187,0.5153219284735571,0.5668789808917197,0.5945999895285218,0.107340097695136,0.3585434173669468,0.25934579439252337
BugHunter,full_orientdb_file,GaussianNB,3925,6,0.45554140127388537,1,5,0.5581395348837209,0.13445378151260504,0.21670428893905191,0.35002327956597606,0.5579617834394904,0.5929114636508809,0.07280935085790192,0.13445378151260504,0.08878504672897196
BugHunter,full_orientdb_file,DecisionTree,3925,6,0.45554140127388537,1,5,0.3620689655172414,0.4117647058823529,0.3853211009174312,0.4032236783713728,0.40254777070063696,0.3944736773213959,-0.19269692210009648,0.4117647058823529,0.6051401869158879
BugHunter,full_orientdb_file,RandomForest,3925,6,0.45554140127388537,1,5,0.38392857142857145,0.36134453781512604,0.3722943722943723,0.43195151287998257,0.445859872611465,0.41500759182177543,-0.12308093417054229,0.36134453781512604,0.48364485981308414
BugHunter,full_orientdb_file,KNN,3925,6,0.45554140127388537,1,5,0.45209580838323354,0.42296918767507,0.4370477568740955,0.4920571232804274,0.5044585987261146,0.5142019424592266,-0.004633805792491142,0.42296918767507,0.42757009345794394
BugHunter,full_orientdb_file,Dummy,3925,6,0.45554140127388537,2,1,0.4604519774011299,0.4553072625698324,0.45786516853932585,0.5016425338541549,0.5082802547770701,0.5040002355003729,0.008008123093699563,0.4553072625698324,0.44730679156908665
BugHunter,full_orientdb_file,LogisticRegression,3925,6,0.45554140127388537,2,1,0.5910931174089069,0.40782122905027934,0.4826446280991736,0.5579943186535394,0.6012738853503184,0.6191762720290973,0.18371343901592363,0.40782122905027934,0.23653395784543327
BugHunter,full_orientdb_file,GaussianNB,3925,6,0.45554140127388537,2,1,0.6565656565656566,0.18156424581005587,0.2844638949671772,0.40878740145252074,0.5834394904458599,0.6184043541402274,0.15293819655236526,0.18156424581005587,0.07962529274004684
BugHunter,full_orientdb_file,DecisionTree,3925,6,0.45554140127388537,2,1,0.3768472906403941,0.4273743016759777,0.4005235602094241,0.4173158584831148,0.41656050955414015,0.40435741106590084,-0.16458979135193108,0.4273743016759777,0.5925058548009368
BugHunter,full_orientdb_file,RandomForest,3925,6,0.45554140127388537,2,1,0.3465045592705167,0.31843575418994413,0.3318777292576419,0.3976169643310167,0.4152866242038217,0.4102383787107663,-0.18682191878927135,0.31843575418994413,0.5035128805620609
BugHunter,full_orientdb_file,KNN,3925,6,0.45554140127388537,2,1,0.4201954397394137,0.36033519553072624,0.3879699248120301,0.45839416193735005,0.48152866242038217,0.5037483809349365,-0.05769330496443058,0.36033519553072624,0.4168618266978923
BugHunter,full_orientdb_file,Dummy,3925,6,0.45554140127388537,2,2,0.4745762711864407,0.4692737430167598,0.47191011235955055,0.5146449449482112,0.5210191082802548,0.5168382766606047,0.03370876343938295,0.4692737430167598,0.43559718969555034
BugHunter,full_orientdb_file,LogisticRegression,3925,6,0.45554140127388537,2,2,0.5550660792951542,0.35195530726256985,0.4307692307692308,0.5183685228204435,0.575796178343949,0.6192842096999988,0.1267977567322954,0.35195530726256985,0.23653395784543327
BugHunter,full_orientdb_file,GaussianNB,3925,6,0.45554140127388537,2,2,0.6309523809523809,0.14804469273743018,0.2398190045248869,0.3705357167486951,0.5719745222929936,0.608137192050554,0.12155929962263509,0.14804469273743018,0.07259953161592506
BugHunter,full_orientdb_file,DecisionTree,3925,6,0.45554140127388537,2,2,0.37559808612440193,0.43854748603351956,0.40463917525773196,0.41290336231118147,0.41146496815286626,0.4189813300537726,-0.17238951672255717,0.43854748603351956,0.6112412177985949
BugHunter,full_orientdb_file,RandomForest,3925,6,0.45554140127388537,2,2,0.3649851632047478,0.3435754189944134,0.3539568345323741,0.4139871934736761,0.4280254777070064,0.42854526186333125,-0.15857890670366442,0.3435754189944134,0.5011709601873536
BugHunter,full_orientdb_file,KNN,3925,6,0.45554140127388537,2,2,0.43119266055045874,0.39385474860335196,0.4116788321167883,0.4714792964314386,0.48662420382165605,0.49140423639004094,-0.04217224087936694,0.39385474860335196,0.43559718969555034
BugHunter,full_orientdb_file,Dummy,3925,6,0.45554140127388537,2,3,0.4406779661016949,0.43575418994413406,0.43820224719101125,0.48341997271200693,0.49044585987261147,0.4860269778760482,-0.02797277339025718,0.43575418994413406,0.4637002341920375
BugHunter,full_orientdb_file,LogisticRegression,3925,6,0.45554140127388537,2,3,0.5571955719557196,0.42178770949720673,0.48012718600953896,0.5506836858092792,0.5834394904458599,0.623412007902346,0.14745519034494578,0.42178770949720673,0.2810304449648712
BugHunter,full_orientdb_file,GaussianNB,3925,6,0.45554140127388537,2,3,0.6324786324786325,0.20670391061452514,0.31157894736842107,0.431147647938769,0.5834394904458599,0.6200692109429173,0.14824690033912905,0.20670391061452514,0.10070257611241218
BugHunter,full_orientdb_file,DecisionTree,3925,6,0.45554140127388537,2,3,0.3922018348623853,0.4776536312849162,0.43073047858942065,0.4256965314960492,0.42420382165605097,0.43013488938024147,-0.14328464657545523,0.4776536312849162,0.6206088992974239
BugHunter,full_orientdb_file,RandomForest,3925,6,0.45554140127388537,2,3,0.3850415512465374,0.388268156424581,0.3866481223922114,0.43174655390408634,0.43821656050955415,0.4408338021535201,-0.13155299718582464,0.388268156424581,0.5199063231850117
BugHunter,full_orientdb_file,KNN,3925,6,0.45554140127388537,2,3,0.4601226993865031,0.41899441340782123,0.43859649122807015,0.49628030382609545,0.510828025477707,0.519425509923724,0.0068896494508274946,0.41899441340782123,0.41217798594847777
BugHunter,full_orientdb_file,Dummy,3925,6,0.45554140127388537,2,4,0.4548022598870056,0.45098039215686275,0.45288326300984527,0.49761203631369166,0.5044585987261146,0.5000229063588052,4.584603497256273e-05,0.45098039215686275,0.45093457943925236
BugHunter,full_orientdb_file,LogisticRegression,3925,6,0.45554140127388537,2,4,0.6255144032921811,0.4257703081232493,0.5066666666666667,0.579002917199112,0.6229299363057325,0.6444704049844237,0.22958613215724039,0.4257703081232493,0.21261682242990654
BugHunter,full_orientdb_file,GaussianNB,3925,6,0.45554140127388537,2,4,0.6545454545454545,0.20168067226890757,0.3083511777301927,0.42868921651609354,0.5885350318471337,0.6475660357600985,0.16195146384207554,0.20168067226890757,0.08878504672897196
BugHunter,full_orientdb_file,DecisionTree,3925,6,0.45554140127388537,2,4,0.3755656108597285,0.4649859943977591,0.41551939924906134,0.40636832180140486,0.4050955414012739,0.39167255687321656,-0.18057838001528026,0.4649859943977591,0.6448598130841121
BugHunter,full_orientdb_file,RandomForest,3925,6,0.45554140127388537,2,4,0.3628571428571429,0.3557422969187675,0.3592644978783593,0.4127839460795423,0.4229299363057325,0.40291303437262754,-0.16558184965596962,0.3557422969187675,0.5210280373831776
BugHunter,full_orientdb_file,KNN,3925,6,0.45554140127388537,2,4,0.4476744186046512,0.43137254901960786,0.43937232524964337,0.48977075189122893,0.49936305732484076,0.5087567737375325,-0.01259778215896746,0.43137254901960786,0.4439252336448598
BugHunter,full_orientdb_file,Dummy,3925,6,0.45554140127388537,2,5,0.4378531073446328,0.4341736694677871,0.4360056258790436,0.4819784244699067,0.489171974522293,0.48461019921987486,-0.030801986067994645,0.4341736694677871,0.4649532710280374
BugHunter,full_orientdb_file,LogisticRegression,3925,6,0.45554140127388537,2,5,0.5845410628019324,0.3389355742296919,0.42907801418439717,0.5204149278843251,0.5898089171974522,0.6202747454121836,0.15595134248819562,0.3389355742296919,0.20093457943925233
BugHunter,full_orientdb_file,GaussianNB,3925,6,0.45554140127388537,2,5,0.6351351351351351,0.13165266106442577,0.21809744779582366,0.35120858450364384,0.5707006369426751,0.6153073378884264,0.11685042360139292,0.13165266106442577,0.0630841121495327
BugHunter,full_orientdb_file,DecisionTree,3925,6,0.45554140127388537,2,5,0.3793969849246231,0.42296918767507,0.4,0.42293319043658467,0.4229299363057325,0.41710843215790994,-0.15351695278611202,0.42296918767507,0.5771028037383178
BugHunter,full_orientdb_file,RandomForest,3925,6,0.45554140127388537,2,5,0.3463855421686747,0.32212885154061627,0.33381712626995647,0.3985053490977372,0.4152866242038217,0.4173047723762402,-0.18634980524466516,0.32212885154061627,0.5070093457943925
BugHunter,full_orientdb_file,KNN,3925,6,0.45554140127388537,2,5,0.4114114114114114,0.38375350140056025,0.39710144927536234,0.45608761948449406,0.47006369426751593,0.4916359066991283,-0.07475022608132835,0.38375350140056025,0.45794392523364486
BugHunter,full_orientdb_file,Dummy,3925,6,0.45554140127388537,3,1,0.4915254237288136,0.4860335195530726,0.4887640449438202,0.5302340946707491,0.5363057324840764,0.5322439260528828,0.06454953185420301,0.4860335195530726,0.4215456674473068
BugHunter,full_orientdb_file,LogisticRegression,3925,6,0.45554140127388537,3,1,0.5727272727272728,0.35195530726256985,0.4359861591695502,0.5239042704411757,0.5847133757961783,0.6282822864469536,0.14617867981647067,0.35195530726256985,0.22014051522248243
BugHunter,full_orientdb_file,GaussianNB,3925,6,0.45554140127388537,3,1,0.6091954022988506,0.14804469273743018,0.23820224719101124,0.36912950402210065,0.5681528662420382,0.6262347415383407,0.10855438582219638,0.14804469273743018,0.07962529274004684
BugHunter,full_orientdb_file,DecisionTree,3925,6,0.45554140127388537,3,1,0.39359267734553777,0.48044692737430167,0.4327044025157233,0.4269394437220657,0.42547770700636944,0.42266756505697806,-0.14052555502802416,0.48044692737430167,0.6206088992974239
BugHunter,full_orientdb_file,RandomForest,3925,6,0.45554140127388537,3,1,0.36235955056179775,0.36033519553072624,0.36134453781512604,0.4108226712676729,0.4191082802547771,0.4168585558593801,-0.17136033788247784,0.36033519553072624,0.531615925058548
BugHunter,full_orientdb_file,KNN,3925,6,0.45554140127388537,3,1,0.43543543543543545,0.40502793296089384,0.4196816208393632,0.476132142664069,0.489171974522293,0.5014097313987413,-0.03552723417396332,0.40502793296089384,0.44028103044496486
BugHunter,full_orientdb_file,Dummy,3925,6,0.45554140127388537,3,2,0.4858757062146893,0.48044692737430167,0.48314606741573035,0.5250393031049458,0.5312101910828025,0.5271087095887902,0.054269275715929655,0.48044692737430167,0.4262295081967213
BugHunter,full_orientdb_file,LogisticRegression,3925,6,0.45554140127388537,3,2,0.5742971887550201,0.3994413407821229,0.471169686985173,0.5479804745129617,0.5910828025477707,0.6294924966964531,0.1618150083825536,0.3994413407821229,0.24824355971896955
BugHunter,full_orientdb_file,GaussianNB,3925,6,0.45554140127388537,3,2,0.6190476190476191,0.18156424581005587,0.28077753779697623,0.4056548847811632,0.575796178343949,0.6162783091073227,0.12859767419354465,0.18156424581005587,0.0936768149882904
BugHunter,full_orientdb_file,DecisionTree,3925,6,0.45554140127388537,3,2,0.3859223300970874,0.4441340782122905,0.412987012987013,0.4254198356387384,0.42420382165605097,0.4228441903366347,-0.14798023880348515,0.4441340782122905,0.5925058548009368
BugHunter,full_orientdb_file,RandomForest,3925,6,0.45554140127388537,3,2,0.3745928338762215,0.32122905027932963,0.3458646616541353,0.4204626280447536,0.445859872611465,0.4297881804979524,-0.1310701619901327,0.32122905027932963,0.4496487119437939
BugHunter,full_orientdb_file,KNN,3925,6,0.45554140127388537,3,2,0.4533762057877814,0.39385474860335196,0.42152466367713004,0.4868785786316283,0.5070063694267516,0.5130735415331075,-0.004349991066875958,0.39385474860335196,0.3981264637002342
BugHunter,full_orientdb_file,Dummy,3925,6,0.45554140127388537,3,3,0.4887005649717514,0.48324022346368717,0.4859550561797753,0.5276368929492078,0.5337579617834395,0.5296763178208366,0.05940940378506634,0.48324022346368717,0.4238875878220141
BugHunter,full_orientdb_file,LogisticRegression,3925,6,0.45554140127388537,3,3,0.5900383141762452,0.4301675977653631,0.4975767366720517,0.5677797493382324,0.6038216560509554,0.6356743814844374,0.1898596352641926,0.4301675977653631,0.2505854800936768
BugHunter,full_orientdb_file,GaussianNB,3925,6,0.45554140127388537,3,3,0.6767676767676768,0.1871508379888268,0.29321663019693656,0.4160835041775635,0.5885350318471337,0.6365313411746234,0.16834684498894445,0.1871508379888268,0.07494145199063232
BugHunter,full_orientdb_file,DecisionTree,3925,6,0.45554140127388537,3,3,0.38694638694638694,0.46368715083798884,0.4218551461245235,0.42200783797240177,0.42038216560509556,0.4177972865123703,-0.15230866528667547,0.46368715083798884,0.6159250585480094
BugHunter,full_orientdb_file,RandomForest,3925,6,0.45554140127388537,3,3,0.363905325443787,0.3435754189944134,0.35344827586206895,0.4130142492532422,0.4267515923566879,0.4160244920387791,-0.16087684403607136,0.3435754189944134,0.5035128805620609
BugHunter,full_orientdb_file,KNN,3925,6,0.45554140127388537,3,3,0.41358024691358025,0.3743016759776536,0.39296187683284456,0.45579664208769316,0.4726114649681529,0.47695694268182587,-0.07148678310438229,0.3743016759776536,0.4449648711943794
BugHunter,full_orientdb_file,Dummy,3925,6,0.45554140127388537,3,4,0.4435028248587571,0.43977591036414565,0.44163150492264414,0.4871916357446289,0.4942675159235669,0.48974776826618494,-0.020519375367005575,0.43977591036414565,0.4602803738317757
BugHunter,full_orientdb_file,LogisticRegression,3925,6,0.45554140127388537,3,4,0.5841121495327103,0.35014005602240894,0.43782837127845886,0.5266218362274592,0.5910828025477707,0.6106115343333596,0.15900794725352826,0.35014005602240894,0.20794392523364486
BugHunter,full_orientdb_file,GaussianNB,3925,6,0.45554140127388537,3,4,0.6631578947368421,0.17647058823529413,0.27876106194690264,0.40407490093235987,0.5847133757961783,0.6098752585146208,0.15527755137271,0.17647058823529413,0.07476635514018691
BugHunter,full_orientdb_file,DecisionTree,3925,6,0.45554140127388537,3,4,0.3811881188118812,0.43137254901960786,0.40473061760841,0.4235594434815027,0.4229299363057325,0.4134237807272442,-0.15217891121308824,0.43137254901960786,0.5841121495327103
BugHunter,full_orientdb_file,RandomForest,3925,6,0.45554140127388537,3,4,0.36645962732919257,0.33053221288515405,0.3475699558173785,0.4159192490098325,0.4356687898089172,0.4337024529437943,-0.1479100180022963,0.33053221288515405,0.4766355140186916
BugHunter,full_orientdb_file,KNN,3925,6,0.45554140127388537,3,4,0.4199395770392749,0.38935574229691877,0.40406976744186046,0.46334812406036957,0.47770700636942676,0.49786316395717173,-0.0597374430368182,0.38935574229691877,0.4485981308411215
BugHunter,full_orientdb_file,Dummy,3925,6,0.45554140127388537,3,5,0.4745762711864407,0.47058823529411764,0.47257383966244726,0.5158296849554642,0.5222929936305732,0.5180043980208906,0.036034983488434306,0.47058823529411764,0.43457943925233644
BugHunter,full_orientdb_file,LogisticRegression,3925,6,0.45554140127388537,3,5,0.5892116182572614,0.39775910364145656,0.47491638795986624,0.5529503389381973,0.6,0.6182426241524648,0.17969402124635936,0.39775910364145656,0.23130841121495327
BugHunter,full_orientdb_file,GaussianNB,3925,6,0.45554140127388537,3,5,0.64,0.1792717086834734,0.2800875273522976,0.40520708275609474,0.5808917197452229,0.6211026466661431,0.1421225948664161,0.1792717086834734,0.08411214953271028
BugHunter,full_orientdb_file,DecisionTree,3925,6,0.45554140127388537,3,5,0.3645320197044335,0.41456582633053224,0.38794233289646135,0.40578811766696343,0.4050955414012739,0.4049124322626247,-0.1875773808996844,0.41456582633053224,0.602803738317757
BugHunter,full_orientdb_file,RandomForest,3925,6,0.45554140127388537,3,5,0.37910447761194027,0.3557422969187675,0.3670520231213873,0.4276192114545065,0.44203821656050957,0.4198081101599519,-0.13111984387337336,0.3557422969187675,0.48598130841121495
BugHunter,full_orientdb_file,KNN,3925,6,0.45554140127388537,3,5,0.4454828660436137,0.4005602240896359,0.4218289085545723,0.48370661925417285,0.5006369426751592,0.5033181496897824,-0.015524563271768632,0.4005602240896359,0.4158878504672897
BugHunter,full_oryx_file,Dummy,513,6,0.15009746588693956,1,1,0.23076923076923078,0.2,0.21428571428571427,0.42103767916034224,0.7864077669902912,0.5431818181818181,0.09173286442120084,0.2,0.11363636363636363
BugHunter,full_oryx_file,LogisticRegression,513,6,0.15009746588693956,1,1,0.17647058823529413,0.4,0.24489795918367346,0.5222329678670935,0.6407766990291263,0.5393939393939394,0.06137235464688894,0.4,0.3181818181818182
BugHunter,full_oryx_file,GaussianNB,513,6,0.15009746588693956,1,1,0.0,0.0,0.0,0.0,0.8543689320388349,0.4916666666666667,0.0,0.0,0.0
BugHunter,full_oryx_file,DecisionTree,513,6,0.15009746588693956,1,1,0.16,0.26666666666666666,0.2,0.45058884033040925,0.6893203883495146,0.5083333333333333,0.02306202575354194,0.26666666666666666,0.23863636363636365
BugHunter,full_oryx_file,RandomForest,513,6,0.15009746588693956,1,1,0.08333333333333333,0.06666666666666667,0.07407407407407407,0.24152294576982397,0.7572815533980582,0.5852272727272727,-0.06413460737579878,0.06666666666666667,0.125
BugHunter,full_oryx_file,KNN,513,6,0.15009746588693956,1,1,0.0,0.0,0.0,0.0,0.8543689320388349,0.5886363636363636,0.0,0.0,0.0
BugHunter,full_oryx_file,Dummy,513,6,0.15009746588693956,1,2,0.07692307692307693,0.0625,0.06896551724137931,0.23211917272131483,0.7378640776699029,0.46228448275862066,-0.08227667842441903,0.0625,0.13793103448275862
BugHunter,full_oryx_file,LogisticRegression,513,6,0.15009746588693956,1,2,0.2765957446808511,0.8125,0.4126984126984127,0.7035419421525743,0.6407766990291263,0.6637931034482758,0.3066729996334678,0.8125,0.39080459770114945
BugHunter,full_oryx_file,GaussianNB,513,6,0.15009746588693956,1,2,0.0,0.0,0.0,0.0,0.8446601941747572,0.5962643678160919,0.0,0.0,0.0
BugHunter,full_oryx_file,DecisionTree,513,6,0.15009746588693956,1,2,0.11538461538461539,0.1875,0.14285714285714285,0.3713906763541037,0.6504854368932039,0.45330459770114945,-0.06409617649344196,0.1875,0.26436781609195403
BugHunter,full_oryx_file,RandomForest,513,6,0.15009746588693956,1,2,0.06666666666666667,0.0625,0.06451612903225806,0.22900333782639978,0.7184466019417476,0.625,-0.1010680726626271,0.0625,0.16091954022988506
BugHunter,full_oryx_file,KNN,513,6,0.15009746588693956,1,2,0.0,0.0,0.0,0.0,0.8155339805825242,0.6016522988505747,-0.07427813527082075,0.0,0.034482758620689655
BugHunter,full_oryx_file,Dummy,513,6,0.15009746588693956,1,3,0.07692307692307693,0.0625,0.06896551724137931,0.23211917272131483,0.7378640776699029,0.46228448275862066,-0.08227667842441903,0.0625,0.13793103448275862
BugHunter,full_oryx_file,LogisticRegression,513,6,0.15009746588693956,1,3,0.1951219512195122,0.5,0.2807017543859649,0.5570860145311556,0.6019417475728155,0.5876436781609194,0.08931037049148946,0.5,0.3793103448275862
BugHunter,full_oryx_file,GaussianNB,513,6,0.15009746588693956,1,3,0.0,0.0,0.0,0.0,0.8446601941747572,0.5395114942528735,0.0,0.0,0.0
BugHunter,full_oryx_file,DecisionTree,513,6,0.15009746588693956,1,3,0.06896551724137931,0.125,0.08888888888888889,0.29361010975735174,0.6019417475728155,0.4091235632183909,-0.1492743640044985,0.125,0.3103448275862069
BugHunter,full_oryx_file,RandomForest,513,6,0.15009746588693956,1,3,0.1,0.125,0.1111111111111111,0.3148617649612013,0.6893203883495146,0.5046695402298851,-0.07499480663365371,0.125,0.20689655172413793
BugHunter,full_oryx_file,KNN,513,6,0.15009746588693956,1,3,0.0,0.0,0.0,0.0,0.8155339805825242,0.509698275862069,-0.07427813527082075,0.0,0.034482758620689655
BugHunter,full_oryx_file,Dummy,513,6,0.15009746588693956,1,4,0.15384615384615385,0.13333333333333333,0.14285714285714285,0.3412844792624485,0.7647058823529411,0.503448275862069,0.007324375042572135,0.13333333333333333,0.12643678160919541
BugHunter,full_oryx_file,LogisticRegression,513,6,0.15009746588693956,1,4,0.1111111111111111,0.3333333333333333,0.16666666666666666,0.4243543664821777,0.5098039215686274,0.4574712643678161,-0.090185144122935,0.3333333333333333,0.45977011494252873
BugHunter,full_oryx_file,GaussianNB,513,6,0.15009746588693956,1,4,0.0,0.0,0.0,0.0,0.8529411764705882,0.5302681992337165,0.0,0.0,0.0
BugHunter,full_oryx_file,DecisionTree,513,6,0.15009746588693956,1,4,0.11538461538461539,0.2,0.14634146341463414,0.3835706411883073,0.6568627450980392,0.4517241379310345,-0.05230949894638962,0.2,0.26436781609195403
BugHunter,full_oryx_file,RandomForest,513,6,0.15009746588693956,1,4,0.0,0.0,0.0,0.0,0.6568627450980392,0.4697318007662835,-0.2050661957987655,0.0,0.22988505747126436
BugHunter,full_oryx_file,KNN,513,6,0.15009746588693956,1,4,0.0,0.0,0.0,0.0,0.803921568627451,0.47279693486590035,-0.09427252475063007,0.0,0.05747126436781609
BugHunter,full_oryx_file,Dummy,513,6,0.15009746588693956,1,5,0.23076923076923078,0.2,0.21428571428571427,0.4207273395595698,0.7843137254901961,0.5425287356321838,0.09033395885838967,0.2,0.11494252873563218
BugHunter,full_oryx_file,LogisticRegression,513,6,0.15009746588693956,1,5,0.2727272727272727,0.8,0.4067796610169492,0.7111590022187596,0.6568627450980392,0.7272030651340997,0.3090533909968472,0.8,0.367816091954023
BugHunter,full_oryx_file,GaussianNB,513,6,0.15009746588693956,1,5,0.0,0.0,0.0,0.0,0.8529411764705882,0.6988505747126437,0.0,0.0,0.0
BugHunter,full_oryx_file,DecisionTree,513,6,0.15009746588693956,1,5,0.08695652173913043,0.13333333333333333,0.10526315789473684,0.318039974354414,0.6666666666666666,0.44521072796934863,-0.09156645339447787,0.13333333333333333,0.2413793103448276
BugHunter,full_oryx_file,RandomForest,513,6,0.15009746588693956,1,5,0.06666666666666667,0.06666666666666667,0.06666666666666667,0.23651363030068195,0.7254901960784313,0.6436781609195402,-0.09425287356321839,0.06666666666666667,0.16091954022988506
BugHunter,full_oryx_file,KNN,513,6,0.15009746588693956,1,5,0.0,0.0,0.0,0.0,0.8333333333333334,0.6819923371647509,-0.058722021951470346,0.0,0.022988505747126436
BugHunter,full_oryx_file,Dummy,513,6,0.15009746588693956,2,1,0.15384615384615385,0.13333333333333333,0.14285714285714285,0.3415650255319866,0.7669902912621359,0.5041666666666667,0.008851416742396572,0.13333333333333333,0.125
BugHunter,full_oryx_file,LogisticRegression,513,6,0.15009746588693956,2,1,0.15384615384615385,0.4,0.2222222222222222,0.5,0.5922330097087378,0.5488636363636363,0.018180452308835613,0.4,0.375
BugHunter,full_oryx_file,GaussianNB,513,6,0.15009746588693956,2,1,0.0,0.0,0.0,0.0,0.8543689320388349,0.5132575757575757,0.0,0.0,0.0
BugHunter,full_oryx_file,DecisionTree,513,6,0.15009746588693956,2,1,0.07692307692307693,0.13333333333333333,0.0975609756097561,0.3113995776646092,0.6407766990291263,0.41515151515151516,-0.11318759204634216,0.13333333333333333,0.2727272727272727
BugHunter,full_oryx_file,RandomForest,513,6,0.15009746588693956,2,1,0.07142857142857142,0.06666666666666667,0.06896551724137931,0.2383656473113981,0.7378640776699029,0.509469696969697,-0.08343298676955058,0.06666666666666667,0.14772727272727273
BugHunter,full_oryx_file,KNN,513,6,0.15009746588693956,2,1,0.0,0.0,0.0,0.0,0.8155339805825242,0.5075757575757576,-0.08298826628866154,0.0,0.045454545454545456
BugHunter,full_oryx_file,Dummy,513,6,0.15009746588693956,2,2,0.15384615384615385,0.125,0.13793103448275862,0.33044727612563335,0.7572815533980582,0.4992816091954023,-0.0015671748271317912,0.125,0.12643678160919541
BugHunter,full_oryx_file,LogisticRegression,513,6,0.15009746588693956,2,2,0.18181818181818182,0.5,0.26666666666666666,0.5413902920037097,0.5728155339805825,0.5589080459770115,0.06312614729527473,0.5,0.41379310344827586
BugHunter,full_oryx_file,GaussianNB,513,6,0.15009746588693956,2,2,0.0,0.0,0.0,0.0,0.8446601941747572,0.5431034482758621,0.0,0.0,0.0
BugHunter,full_oryx_file,DecisionTree,513,6,0.15009746588693956,2,2,0.15384615384615385,0.375,0.21818181818181817,0.4824506406770077,0.5825242718446602,0.4773706896551724,-0.0032189137664037797,0.375,0.3793103448275862
BugHunter,full_oryx_file,RandomForest,513,6,0.15009746588693956,2,2,0.047619047619047616,0.0625,0.05405405405405406,0.21939048271984354,0.6601941747572816,0.5614224137931034,-0.1504941886175947,0.0625,0.22988505747126436
BugHunter,full_oryx_file,KNN,513,6,0.15009746588693956,2,2,0.0,0.0,0.0,0.0,0.8155339805825242,0.5517241379310345,-0.07427813527082075,0.0,0.034482758620689655
BugHunter,full_oryx_file,Dummy,513,6,0.15009746588693956,2,3,0.3076923076923077,0.25,0.27586206896551724,0.4734320764739993,0.7961165048543689,0.5732758620689655,0.1598518323674427,0.25,0.10344827586206896
BugHunter,full_oryx_file,LogisticRegression,513,6,0.15009746588693956,2,3,0.2,0.4375,0.27450980392156865,0.5446975328554835,0.6407766990291263,0.6232040229885056,0.08845406168018195,0.4375,0.3218390804597701
BugHunter,full_oryx_file,GaussianNB,513,6,0.15009746588693956,2,3,0.0,0.0,0.0,0.0,0.8446601941747572,0.6038074712643678,0.0,0.0,0.0
BugHunter,full_oryx_file,DecisionTree,513,6,0.15009746588693956,2,3,0.1111111111111111,0.1875,0.13953488372093023,0.3684777633303881,0.6407766990291263,0.44755747126436785,-0.07277744681889377,0.1875,0.27586206896551724
BugHunter,full_oryx_file,RandomForest,513,6,0.15009746588693956,2,3,0.0,0.0,0.0,0.0,0.6893203883495146,0.5405890804597702,-0.1839080459770115,0.0,0.1839080459770115
BugHunter,full_oryx_file,KNN,513,6,0.15009746588693956,2,3,0.0,0.0,0.0,0.0,0.7961165048543689,0.5632183908045977,-0.0968662148029729,0.0,0.05747126436781609
BugHunter,full_oryx_file,Dummy,513,6,0.15009746588693956,2,4,0.23076923076923078,0.2,0.21428571428571427,0.4207273395595698,0.7843137254901961,0.5425287356321838,0.09033395885838967,0.2,0.11494252873563218
BugHunter,full_oryx_file,LogisticRegression,513,6,0.15009746588693956,2,4,0.21818181818181817,0.8,0.34285714285714286,0.6360799487088281,0.5490196078431373,0.7130268199233717,0.217238785491826,0.8,0.4942528735632184
BugHunter,full_oryx_file,GaussianNB,513,6,0.15009746588693956,2,4,0.0,0.0,0.0,0.0,0.8529411764705882,0.5582375478927203,0.0,0.0,0.0
BugHunter,full_oryx_file,DecisionTree,513,6,0.15009746588693956,2,4,0.1111111111111111,0.2,0.14285714285714285,0.38056219755369364,0.6470588235294118,0.4551724137931034,-0.06090001855940931,0.2,0.27586206896551724
BugHunter,full_oryx_file,RandomForest,513,6,0.15009746588693956,2,4,0.16666666666666666,0.2,0.18181818181818182,0.4068381021724862,0.7352941176470589,0.6478927203065135,0.025628391481282986,0.2,0.1724137931034483
BugHunter,full_oryx_file,KNN,513,6,0.15009746588693956,2,4,0.0,0.0,0.0,0.0,0.8431372549019608,0.7160919540229885,-0.041316670466652834,0.0,0.011494252873563218
BugHunter,full_oryx_file,Dummy,513,6,0.15009746588693956,2,5,0.15384615384615385,0.13333333333333333,0.14285714285714285,0.3412844792624485,0.7647058823529411,0.503448275862069,0.007324375042572135,0.13333333333333333,0.12643678160919541
BugHunter,full_oryx_file,LogisticRegression,513,6,0.15009746588693956,2,5,0.20930232558139536,0.6,0.3103448275862069,0.6045802191432584,0.6078431372549019,0.6042145593869731,0.15003658051864324,0.6,0.39080459770114945
BugHunter,full_oryx_file,GaussianNB,513,6,0.15009746588693956,2,5,0.0,0.0,0.0,0.0,0.8529411764705882,0.5704980842911878,0.0,0.0,0.0
BugHunter,full_oryx_file,DecisionTree,513,6,0.15009746588693956,2,5,0.04,0.06666666666666667,0.05,0.21971768720102056,0.6274509803921569,0.39655172413793105,-0.17224317576829012,0.06666666666666667,0.27586206896551724
BugHunter,full_oryx_file,RandomForest,513,6,0.15009746588693956,2,5,0.05,0.06666666666666667,0.05714285714285714,0.22827019011138225,0.6764705882352942,0.44367816091954027,-0.13534368922718523,0.06666666666666667,0.21839080459770116
BugHunter,full_oryx_file,KNN,513,6,0.15009746588693956,2,5,0.1,0.06666666666666667,0.08,0.24447927303255942,0.7745098039215687,0.38965517241379305,-0.043806854255471483,0.06666666666666667,0.10344827586206896
BugHunter,full_oryx_file,Dummy,513,6,0.15009746588693956,3,1,0.07692307692307693,0.06666666666666667,0.07142857142857142,0.23994948963429277,0.7475728155339806,0.46515151515151515,-0.0740300309364077,0.06666666666666667,0.13636363636363635
BugHunter,full_oryx_file,LogisticRegression,513,6,0.15009746588693956,3,1,0.20930232558139536,0.6,0.3103448275862069,0.6067798762169179,0.6116504854368932,0.5852272727272727,0.15281018085915346,0.6,0.38636363636363635
BugHunter,full_oryx_file,GaussianNB,513,6,0.15009746588693956,3,1,0.0,0.0,0.0,0.0,0.8543689320388349,0.5662878787878789,0.0,0.0,0.0
BugHunter,full_oryx_file,DecisionTree,513,6,0.15009746588693956,3,1,0.12903225806451613,0.26666666666666666,0.17391304347826086,0.4299400944881564,0.6310679611650486,0.4784090909090909,-0.030877477140265633,0.26666666666666666,0.3068181818181818
BugHunter,full_oryx_file,RandomForest,513,6,0.15009746588693956,3,1,0.058823529411764705,0.06666666666666667,0.0625,0.2335496832484569,0.7087378640776699,0.5700757575757576,-0.1094165296079944,0.06666666666666667,0.18181818181818182
BugHunter,full_oryx_file,KNN,513,6,0.15009746588693956,3,1,0.0,0.0,0.0,0.0,0.8252427184466019,0.5893939393939394,-0.07150969419341942,0.0,0.03409090909090909
BugHunter,full_oryx_file,Dummy,513,6,0.15009746588693956,3,2,0.23076923076923078,0.1875,0.20689655172413793,0.4073674948520917,0.7766990291262136,0.536278735632184,0.07914232877015545,0.1875,0.11494252873563218
BugHunter,full_oryx_file,LogisticRegression,513,6,0.15009746588693956,3,2,0.2,0.5,0.2857142857142857,0.5622205563860045,0.6116504854368932,0.5775862068965517,0.09824216734491811,0.5,0.367816091954023
BugHunter,full_oryx_file,GaussianNB,513,6,0.15009746588693956,3,2,0.0,0.0,0.0,0.0,0.8349514563106796,0.5308908045977012,-0.042461983686565466,0.0,0.011494252873563218
BugHunter,full_oryx_file,DecisionTree,513,6,0.15009746588693956,3,2,0.13636363636363635,0.1875,0.15789473684210525,0.38282074674438826,0.6893203883495146,0.48060344827586204,-0.027302033052704525,0.1875,0.21839080459770116
BugHunter,full_oryx_file,RandomForest,513,6,0.15009746588693956,3,2,0.06666666666666667,0.0625,0.06451612903225806,0.22900333782639978,0.7184466019417476,0.5585488505747127,-0.1010680726626271,0.0625,0.16091954022988506
BugHunter,full_oryx_file,KNN,513,6,0.15009746588693956,3,2,0.0,0.0,0.0,0.0,0.8252427184466019,0.5513649425287356,-0.06034685977491536,0.0,0.022988505747126436
BugHunter,full_oryx_file,Dummy,513,6,0.15009746588693956,3,3,0.23076923076923078,0.1875,0.20689655172413793,0.4073674948520917,0.7766990291262136,0.536278735632184,0.07914232877015545,0.1875,0.11494252873563218
BugHunter,full_oryx_file,LogisticRegression,513,6,0.15009746588693956,3,3,0.2641509433962264,0.875,0.4057971014492754,0.6948083337796511,0.6019417475728155,0.694683908045977,0.3092743411393561,0.875,0.4482758620689655
BugHunter,full_oryx_file,GaussianNB,513,6,0.15009746588693956,3,3,0.0,0.0,0.0,0.0,0.8446601941747572,0.5955459770114943,0.0,0.0,0.0
BugHunter,full_oryx_file,DecisionTree,513,6,0.15009746588693956,3,3,0.2222222222222222,0.375,0.27906976744186046,0.5333692516640696,0.6990291262135923,0.5650143678160919,0.11005370006759545,0.375,0.2413793103448276
BugHunter,full_oryx_file,RandomForest,513,6,0.15009746588693956,3,3,0.10526315789473684,0.125,0.11428571428571428,0.31713516462807806,0.6990291262135923,0.6257183908045977,-0.06574913060288547,0.125,0.19540229885057472
BugHunter,full_oryx_file,KNN,513,6,0.15009746588693956,3,3,0.0,0.0,0.0,0.0,0.8446601941747572,0.6285919540229885,0.0,0.0,0.0
BugHunter,full_oryx_file,Dummy,513,6,0.15009746588693956,3,4,0.23076923076923078,0.2,0.21428571428571427,0.4207273395595698,0.7843137254901961,0.5425287356321838,0.09033395885838967,0.2,0.11494252873563218
BugHunter,full_oryx_file,LogisticRegression,513,6,0.15009746588693956,3,4,0.175,0.4666666666666667,0.2545454545454545,0.5381962211069427,0.5980392156862745,0.5452107279693488,0.06336854786668165,0.4666666666666667,0.3793103448275862
BugHunter,full_oryx_file,GaussianNB,513,6,0.15009746588693956,3,4,0.0,0.0,0.0,0.0,0.8529411764705882,0.5306513409961686,0.0,0.0,0.0
BugHunter,full_oryx_file,DecisionTree,513,6,0.15009746588693956,3,4,0.13333333333333333,0.26666666666666666,0.17777777777777778,0.43240395474212345,0.6372549019607843,0.4839080459770115,-0.025015959146215214,0.26666666666666666,0.2988505747126437
BugHunter,full_oryx_file,RandomForest,513,6,0.15009746588693956,3,4,0.06666666666666667,0.06666666666666667,0.06666666666666667,0.23651363030068195,0.7254901960784313,0.496551724137931,-0.09425287356321839,0.06666666666666667,0.16091954022988506
BugHunter,full_oryx_file,KNN,513,6,0.15009746588693956,3,4,0.0,0.0,0.0,0.0,0.8333333333333334,0.5130268199233716,-0.058722021951470346,0.0,0.022988505747126436
BugHunter,full_oryx_file,Dummy,513,6,0.15009746588693956,3,5,0.3076923076923077,0.26666666666666666,0.2857142857142857,0.48895854606511885,0.803921568627451,0.5816091954022988,0.1733435426742072,0.26666666666666666,0.10344827586206896
BugHunter,full_oryx_file,LogisticRegression,513,6,0.15009746588693956,3,5,0.2,0.4,0.26666666666666666,0.5381962211069427,0.6764705882352942,0.6295019157088123,0.09649012813540153,0.4,0.27586206896551724
BugHunter,full_oryx_file,GaussianNB,513,6,0.15009746588693956,3,5,0.0,0.0,0.0,0.0,0.8529411764705882,0.6455938697318008,0.0,0.0,0.0
BugHunter,full_oryx_file,DecisionTree,513,6,0.15009746588693956,3,5,0.043478260869565216,0.06666666666666667,0.05263157894736842,0.2231780211373287,0.6470588235294118,0.4118773946360153,-0.1578060154245257,0.06666666666666667,0.25287356321839083
BugHunter,full_oryx_file,RandomForest,513,6,0.15009746588693956,3,5,0.1111111111111111,0.06666666666666667,0.08333333333333333,0.24604145680643527,0.7843137254901961,0.674712643678161,-0.031575188727146916,0.06666666666666667,0.09195402298850575
BugHunter,full_oryx_file,KNN,513,6,0.15009746588693956,3,5,0.0,0.0,0.0,0.0,0.803921568627451,0.6651340996168582,-0.09427252475063007,0.0,0.05747126436781609
BugHunter,full_titan_file,Dummy,462,6,0.4025974025974026,1,1,0.3611111111111111,0.34210526315789475,0.35135135135135137,0.446142423673155,0.4838709677419355,0.46196172248803824,-0.07677773625223304,0.34210526315789475,0.41818181818181815
BugHunter,full_titan_file,LogisticRegression,462,6,0.4025974025974026,1,1,0.4,0.3157894736842105,0.35294117647058826,0.4609123467510496,0.5268817204301075,0.5122009569377991,-0.01207555767604603,0.3157894736842105,0.32727272727272727
BugHunter,full_titan_file,GaussianNB,462,6,0.4025974025974026,1,1,0.5,0.21052631578947367,0.2962962962962963,0.42415127751793424,0.5913978494623656,0.5289473684210526,0.08475404046200355,0.21052631578947367,0.14545454545454545
BugHunter,full_titan_file,DecisionTree,462,6,0.4025974025974026,1,1,0.27906976744186046,0.3157894736842105,0.2962962962962963,0.37121293493384755,0.3870967741935484,0.3952153110047847,-0.24436409072321547,0.3157894736842105,0.5636363636363636
BugHunter,full_titan_file,RandomForest,462,6,0.4025974025974026,1,1,0.24,0.15789473684210525,0.19047619047619047,0.32147983186609186,0.45161290322580644,0.34928229665071775,-0.20796414421732665,0.15789473684210525,0.34545454545454546
BugHunter,full_titan_file,KNN,462,6,0.4025974025974026,1,1,0.30434782608695654,0.18421052631578946,0.22950819672131148,0.36141667029811725,0.4946236559139785,0.4698564593301435,-0.1215678628675267,0.18421052631578946,0.2909090909090909
BugHunter,full_titan_file,Dummy,462,6,0.4025974025974026,1,2,0.39473684210526316,0.40540540540540543,0.4,0.48877358142560645,0.5161290322580645,0.4973455598455599,-0.0052859696660022895,0.40540540540540543,0.4107142857142857
BugHunter,full_titan_file,LogisticRegression,462,6,0.4025974025974026,1,2,0.5,0.2972972972972973,0.3728813559322034,0.48877358142560645,0.6021505376344086,0.4978281853281854,0.11617452241559459,0.2972972972972973,0.19642857142857142
BugHunter,full_titan_file,GaussianNB,462,6,0.4025974025974026,1,2,0.46153846153846156,0.16216216216216217,0.24,0.376685401750442,0.5913978494623656,0.5113416988416989,0.052454068611779904,0.16216216216216217,0.125
BugHunter,full_titan_file,DecisionTree,462,6,0.4025974025974026,1,2,0.3404255319148936,0.43243243243243246,0.38095238095238093,0.43937477516374684,0.44086021505376344,0.4005791505791506,-0.11859080064505652,0.43243243243243246,0.5535714285714286
BugHunter,full_titan_file,RandomForest,462,6,0.4025974025974026,1,2,0.27586206896551724,0.21621621621621623,0.24242424242424243,0.36760731104690386,0.46236559139784944,0.3602799227799228,-0.16776912384064918,0.21621621621621623,0.375
BugHunter,full_titan_file,KNN,462,6,0.4025974025974026,1,2,0.21428571428571427,0.16216216216216217,0.18461538461538463,0.31377635101390045,0.43010752688172044,0.3822393822393823,-0.2461485756680445,0.16216216216216217,0.39285714285714285
BugHunter,full_titan_file,Dummy,462,6,0.4025974025974026,1,3,0.35135135135135137,0.35135135135135137,0.35135135135135137,0.4450105594639278,0.4782608695652174,0.4574938574938575,-0.08501228501228501,0.35135135135135137,0.43636363636363634
BugHunter,full_titan_file,LogisticRegression,462,6,0.4025974025974026,1,3,0.5172413793103449,0.40540540540540543,0.45454545454545453,0.5497374848155274,0.6086956521739131,0.5771498771498771,0.1592160682350847,0.40540540540540543,0.2545454545454545
BugHunter,full_titan_file,GaussianNB,462,6,0.4025974025974026,1,3,0.5,0.16216216216216217,0.24489795918367346,0.3800943888980005,0.5978260869565217,0.6336609336609337,0.07726911394933923,0.16216216216216217,0.10909090909090909
BugHunter,full_titan_file,DecisionTree,462,6,0.4025974025974026,1,3,0.30434782608695654,0.3783783783783784,0.3373493975903614,0.39778255144105834,0.40217391304347827,0.38722358722358724,-0.1995079943346627,0.3783783783783784,0.5818181818181818
BugHunter,full_titan_file,RandomForest,462,6,0.4025974025974026,1,3,0.21621621621621623,0.21621621621621623,0.21621621621621623,0.3197050237504913,0.3695652173913043,0.3363636363636363,-0.31105651105651105,0.21621621621621623,0.5272727272727272
BugHunter,full_titan_file,KNN,462,6,0.4025974025974026,1,3,0.3055555555555556,0.2972972972972973,0.3013698630136986,0.4026936331284146,0.44565217391304346,0.39213759213759214,-0.15798742025878187,0.2972972972972973,0.45454545454545453
BugHunter,full_titan_file,Dummy,462,6,0.4025974025974026,1,4,0.35135135135135137,0.35135135135135137,0.35135135135135137,0.4450105594639278,0.4782608695652174,0.4574938574938575,-0.08501228501228501,0.35135135135135137,0.43636363636363634
BugHunter,full_titan_file,LogisticRegression,462,6,0.4025974025974026,1,4,0.5185185185185185,0.3783783783783784,0.4375,0.537534639761466,0.6086956521739131,0.5523341523341524,0.15292450224180357,0.3783783783783784,0.23636363636363636
BugHunter,full_titan_file,GaussianNB,462,6,0.4025974025974026,1,4,0.3333333333333333,0.13513513513513514,0.19230769230769232,0.3325133238911045,0.5434782608695652,0.5272727272727272,-0.06196556392431513,0.13513513513513514,0.18181818181818182
BugHunter,full_titan_file,DecisionTree,462,6,0.4025974025974026,1,4,0.38636363636363635,0.4594594594594595,0.41975308641975306,0.4836389499478241,0.4891304347826087,0.47371007371007373,-0.030871007998400646,0.4594594594594595,0.4909090909090909
BugHunter,full_titan_file,RandomForest,462,6,0.4025974025974026,1,4,0.2571428571428571,0.24324324324324326,0.25,0.3581278099443385,0.41304347826086957,0.3552825552825553,-0.2317732036481876,0.24324324324324326,0.4727272727272727
BugHunter,full_titan_file,KNN,462,6,0.4025974025974026,1,4,0.30303030303030304,0.2702702702702703,0.2857142857142857,0.39654527767728776,0.45652173913043476,0.4044226044226044,-0.15121724207122714,0.2702702702702703,0.41818181818181815
BugHunter,full_titan_file,Dummy,462,6,0.4025974025974026,1,5,0.35135135135135137,0.35135135135135137,0.35135135135135137,0.4450105594639278,0.4782608695652174,0.4574938574938575,-0.08501228501228501,0.35135135135135137,0.43636363636363634
BugHunter,full_titan_file,LogisticRegression,462,6,0.4025974025974026,1,5,0.43478260869565216,0.2702702702702703,0.3333333333333333,0.4542996878583634,0.5652173913043478,0.49287469287469293,0.03839533141153328,0.2702702702702703,0.23636363636363636
BugHunter,full_titan_file,GaussianNB,462,6,0.4025974025974026,1,5,0.36363636363636365,0.10810810810810811,0.16666666666666666,0.3071626512922662,0.5652173913043478,0.4877149877149878,-0.028963000264301514,0.10810810810810811,0.12727272727272726
BugHunter,full_titan_file,DecisionTree,462,6,0.4025974025974026,1,5,0.3,0.40540540540540543,0.3448275862068966,0.38395331411533284,0.3804347826086957,0.3540540540540541,-0.2273557821799386,0.40540540540540543,0.6363636363636364
BugHunter,full_titan_file,RandomForest,462,6,0.4025974025974026,1,5,0.23076923076923078,0.24324324324324326,0.23684210526315788,0.3325133238911045,0.3695652173913043,0.3498771498771499,-0.29986285436373306,0.24324324324324326,0.5454545454545454
BugHunter,full_titan_file,KNN,462,6,0.4025974025974026,1,5,0.20833333333333334,0.13513513513513514,0.16393442622950818,0.2974089582579658,0.44565217391304346,0.3968058968058968,-0.2348559054692194,0.13513513513513514,0.34545454545454546
BugHunter,full_titan_file,Dummy,462,6,0.4025974025974026,2,1,0.3888888888888889,0.3684210526315789,0.3783783783783784,0.47016234598162726,0.5053763440860215,0.4842105263157895,-0.03187000372734202,0.3684210526315789,0.4
BugHunter,full_titan_file,LogisticRegression,462,6,0.4025974025974026,2,1,0.3181818181818182,0.18421052631578946,0.23333333333333334,0.36602088993120147,0.5053763440860215,0.5313397129186602,-0.10239012438288364,0.18421052631578946,0.2727272727272727
BugHunter,full_titan_file,GaussianNB,462,6,0.4025974025974026,2,1,0.3333333333333333,0.07894736842105263,0.1276595744680851,0.26520733064842883,0.5591397849462365,0.4954545454545454,-0.05011947448335865,0.07894736842105263,0.10909090909090909
BugHunter,full_titan_file,DecisionTree,462,6,0.4025974025974026,2,1,0.36585365853658536,0.39473684210526316,0.379746835443038,0.4562170221417281,0.4731182795698925,0.4315789473684211,-0.07721841112453875,0.39473684210526316,0.4727272727272727
BugHunter,full_titan_file,RandomForest,462,6,0.4025974025974026,2,1,0.2571428571428571,0.23684210526315788,0.2465753424657534,0.3533841858022506,0.40860215053763443,0.294976076555024,-0.2393457704090749,0.23684210526315788,0.4727272727272727
BugHunter,full_titan_file,KNN,462,6,0.4025974025974026,2,1,0.2857142857142857,0.2631578947368421,0.273972602739726,0.3788676152120412,0.43010752688172044,0.32846889952153113,-0.19419535124468554,0.2631578947368421,0.45454545454545453
BugHunter,full_titan_file,Dummy,462,6,0.4025974025974026,2,2,0.3684210526315789,0.3783783783783784,0.37333333333333335,0.46499055497527714,0.4946236559139785,0.4749034749034749,-0.049976440478567107,0.3783783783783784,0.42857142857142855
BugHunter,full_titan_file,LogisticRegression,462,6,0.4025974025974026,2,2,0.4,0.32432432432432434,0.3582089552238806,0.4691238856391988,0.5376344086021505,0.5270270270270271,0.0030319739998429206,0.32432432432432434,0.32142857142857145
BugHunter,full_titan_file,GaussianNB,462,6,0.4025974025974026,2,2,0.42105263157894735,0.21621621621621623,0.2857142857142857,0.4168275107825463,0.5698924731182796,0.4768339768339768,0.024021289696276298,0.21621621621621623,0.19642857142857142
BugHunter,full_titan_file,DecisionTree,462,6,0.4025974025974026,2,2,0.28205128205128205,0.2972972972972973,0.2894736842105263,0.3855498004780299,0.41935483870967744,0.38441119691119696,-0.20105979315875275,0.2972972972972973,0.5
BugHunter,full_titan_file,RandomForest,462,6,0.4025974025974026,2,2,0.23684210526315788,0.24324324324324326,0.24,0.3424587453664927,0.3870967741935484,0.30598455598455604,-0.2734287945413912,0.24324324324324326,0.5178571428571429
BugHunter,full_titan_file,KNN,462,6,0.4025974025974026,2,2,0.36666666666666664,0.2972972972972973,0.3283582089552239,0.44320263021395917,0.5161290322580645,0.4408783783783784,-0.04396362299772235,0.2972972972972973,0.3392857142857143
BugHunter,full_titan_file,Dummy,462,6,0.4025974025974026,2,3,0.2972972972972973,0.2972972972972973,0.2972972972972973,0.3959251908590268,0.43478260869565216,0.41228501228501235,-0.17542997542997543,0.2972972972972973,0.4727272727272727
BugHunter,full_titan_file,LogisticRegression,462,6,0.4025974025974026,2,3,0.5,0.32432432432432434,0.39344262295081966,0.5035500507026621,0.5978260869565217,0.514987714987715,0.11852541023680231,0.32432432432432434,0.21818181818181817
BugHunter,full_titan_file,GaussianNB,462,6,0.4025974025974026,2,3,0.46153846153846156,0.16216216216216217,0.24,0.37619588185324615,0.5869565217391305,0.5995085995085995,0.04911237315417902,0.16216216216216217,0.12727272727272726
BugHunter,full_titan_file,DecisionTree,462,6,0.4025974025974026,2,3,0.24489795918367346,0.32432432432432434,0.27906976744186046,0.32579519048400046,0.32608695652173914,0.2805896805896806,-0.34239842681470906,0.32432432432432434,0.6727272727272727
BugHunter,full_titan_file,RandomForest,462,6,0.4025974025974026,2,3,0.20512820512820512,0.21621621621621623,0.21052631578947367,0.3071626512922662,0.34782608695652173,0.29533169533169534,-0.34472038704903946,0.21621621621621623,0.5636363636363636
BugHunter,full_titan_file,KNN,462,6,0.4025974025974026,2,3,0.2692307692307692,0.1891891891891892,0.2222222222222222,0.35189902505253384,0.4673913043478261,0.39656019656019653,-0.1701712823066856,0.1891891891891892,0.34545454545454546
BugHunter,full_titan_file,Dummy,462,6,0.4025974025974026,2,4,0.35135135135135137,0.35135135135135137,0.35135135135135137,0.4450105594639278,0.4782608695652174,0.4574938574938575,-0.08501228501228501,0.35135135135135137,0.43636363636363634
BugHunter,full_titan_file,LogisticRegression,462,6,0.4025974025974026,2,4,0.5652173913043478,0.35135135135135137,0.43333333333333335,0.5361616243907126,0.6304347826086957,0.600982800982801,0.1919766570576664,0.35135135135135137,0.18181818181818182
BugHunter,full_titan_file,GaussianNB,462,6,0.4025974025974026,2,4,0.625,0.13513513513513514,0.2222222222222222,0.35744108292714166,0.6195652173913043,0.5651105651105652,0.1402416474080352,0.13513513513513514,0.05454545454545454
BugHunter,full_titan_file,DecisionTree,462,6,0.4025974025974026,2,4,0.45714285714285713,0.43243243243243246,0.4444444444444444,0.5320213182257673,0.5652173913043478,0.5405405405405406,0.087845518299206,0.43243243243243246,0.34545454545454546
BugHunter,full_titan_file,RandomForest,462,6,0.4025974025974026,2,4,0.3870967741935484,0.32432432432432434,0.35294117647058826,0.46074397693839936,0.5217391304347826,0.5041769041769042,-0.021919996697276765,0.32432432432432434,0.34545454545454546
BugHunter,full_titan_file,KNN,462,6,0.4025974025974026,2,4,0.36,0.24324324324324326,0.2903225806451613,0.4153090084281492,0.5217391304347826,0.4808353808353808,-0.05253903864029207,0.24324324324324326,0.2909090909090909
BugHunter,full_titan_file,Dummy,462,6,0.4025974025974026,2,5,0.40540540540540543,0.40540540540540543,0.40540540540540543,0.4931969619160719,0.5217391304347826,0.5027027027027027,0.005405405405405406,0.40540540540540543,0.4
BugHunter,full_titan_file,LogisticRegression,462,6,0.4025974025974026,2,5,0.38461538461538464,0.2702702702702703,0.31746031746031744,0.43777413313967245,0.532608695652174,0.48820638820638823,-0.022475452380128286,0.2702702702702703,0.2909090909090909
BugHunter,full_titan_file,GaussianNB,462,6,0.4025974025974026,2,5,0.25,0.08108108108108109,0.12244897959183673,0.26040980744447356,0.532608695652174,0.4184275184275184,-0.12019639947674991,0.08108108108108109,0.16363636363636364
BugHunter,full_titan_file,DecisionTree,462,6,0.4025974025974026,2,5,0.2,0.1891891891891892,0.19444444444444445,0.3047534952624709,0.3695652173913043,0.3054054054054054,-0.32309283849030007,0.1891891891891892,0.509090909090909
BugHunter,full_titan_file,RandomForest,462,6,0.4025974025974026,2,5,0.21621621621621623,0.21621621621621623,0.21621621621621623,0.3197050237504913,0.3695652173913043,0.3277641277641278,-0.31105651105651105,0.21621621621621623,0.5272727272727272
BugHunter,full_titan_file,KNN,462,6,0.4025974025974026,2,5,0.2916666666666667,0.1891891891891892,0.22950819672131148,0.3615418796108284,0.4891304347826087,0.4375921375921376,-0.1338898152674989,0.1891891891891892,0.3090909090909091
BugHunter,full_titan_file,Dummy,462,6,0.4025974025974026,3,1,0.3333333333333333,0.3157894736842105,0.32432432432432434,0.4218891212416001,0.46236559139784944,0.43971291866028717,-0.12168546877712406,0.3157894736842105,0.43636363636363634
BugHunter,full_titan_file,LogisticRegression,462,6,0.4025974025974026,3,1,0.4444444444444444,0.3157894736842105,0.36923076923076925,0.47923383829852306,0.5591397849462365,0.5583732057416269,0.04663537964023427,0.3157894736842105,0.2727272727272727
BugHunter,full_titan_file,GaussianNB,462,6,0.4025974025974026,3,1,0.6,0.15789473684210525,0.25,0.38263753508194737,0.6129032258064516,0.5789473684210527,0.13514743672575666,0.15789473684210525,0.07272727272727272
BugHunter,full_titan_file,DecisionTree,462,6,0.4025974025974026,3,1,0.2619047619047619,0.2894736842105263,0.275,0.35540932665545544,0.3763440860215054,0.3260765550239234,-0.2708143952103177,0.2894736842105263,0.5636363636363636
BugHunter,full_titan_file,RandomForest,462,6,0.4025974025974026,3,1,0.2647058823529412,0.23684210526315788,0.25,0.35942537872389224,0.41935483870967744,0.32894736842105265,-0.22221470212432362,0.23684210526315788,0.45454545454545453
BugHunter,full_titan_file,KNN,462,6,0.4025974025974026,3,1,0.3333333333333333,0.23684210526315788,0.27692307692307694,0.39916180120431094,0.4946236559139785,0.4698564593301435,-0.09793429724449199,0.23684210526315788,0.32727272727272727
BugHunter,full_titan_file,Dummy,462,6,0.4025974025974026,3,2,0.34210526315789475,0.35135135135135137,0.3466666666666667,0.44101935274777854,0.4731182795698925,0.45246138996138996,-0.09466691129113192,0.35135135135135137,0.44642857142857145
BugHunter,full_titan_file,LogisticRegression,462,6,0.4025974025974026,3,2,0.4482758620689655,0.35135135135135137,0.3939393939393939,0.5009643210501632,0.5698924731182796,0.47224903474903474,0.06935137034142337,0.35135135135135137,0.2857142857142857
BugHunter,full_titan_file,GaussianNB,462,6,0.4025974025974026,3,2,0.4375,0.1891891891891892,0.2641509433962264,0.39847682966991166,0.5806451612903226,0.47707528957528955,0.03692765946136975,0.1891891891891892,0.16071428571428573
BugHunter,full_titan_file,DecisionTree,462,6,0.4025974025974026,3,2,0.32,0.43243243243243246,0.367816091954023,0.41217007397938277,0.40860215053763443,0.367519305019305,-0.17151198174318946,0.43243243243243246,0.6071428571428571
BugHunter,full_titan_file,RandomForest,462,6,0.4025974025974026,3,2,0.1935483870967742,0.16216216216216217,0.17647058823529413,0.29961365083777436,0.3978494623655914,0.34000965250965254,-0.29515063885057,0.16216216216216217,0.44642857142857145
BugHunter,full_titan_file,KNN,462,6,0.4025974025974026,3,2,0.22580645161290322,0.1891891891891892,0.20588235294117646,0.3287979746107146,0.41935483870967744,0.3986486486486487,-0.24854790640048002,0.1891891891891892,0.42857142857142855
BugHunter,full_titan_file,Dummy,462,6,0.4025974025974026,3,3,0.35135135135135137,0.35135135135135137,0.35135135135135137,0.4450105594639278,0.4782608695652174,0.4574938574938575,-0.08501228501228501,0.35135135135135137,0.43636363636363634
BugHunter,full_titan_file,LogisticRegression,462,6,0.4025974025974026,3,3,0.4090909090909091,0.24324324324324326,0.3050847457627119,0.43098652618079114,0.5543478260869565,0.5238329238329238,0.007908342476378909,0.24324324324324326,0.23636363636363636
BugHunter,full_titan_file,GaussianNB,462,6,0.4025974025974026,3,3,0.21428571428571427,0.08108108108108109,0.11764705882352941,0.25468581598680534,0.5108695652173914,0.5120393120393121,-0.1623386163358132,0.08108108108108109,0.2
BugHunter,full_titan_file,DecisionTree,462,6,0.4025974025974026,3,3,0.3170731707317073,0.35135135135135137,0.3333333333333333,0.4153090084281492,0.43478260869565216,0.40221130221130225,-0.15561297629193477,0.35135135135135137,0.509090909090909
BugHunter,full_titan_file,RandomForest,462,6,0.4025974025974026,3,3,0.21875,0.1891891891891892,0.2028985507246377,0.3212383899755806,0.40217391304347827,0.35429975429975435,-0.2731875722492691,0.1891891891891892,0.45454545454545453
BugHunter,full_titan_file,KNN,462,6,0.4025974025974026,3,3,0.3,0.24324324324324326,0.26865671641791045,0.387773839200829,0.4673913043478261,0.42702702702702705,-0.14494739994799574,0.24324324324324326,0.38181818181818183
BugHunter,full_titan_file,Dummy,462,6,0.4025974025974026,3,4,0.3783783783783784,0.3783783783783784,0.3783783783783784,0.4691987000700451,0.5,0.4800982800982801,-0.039803439803439804,0.3783783783783784,0.41818181818181815
BugHunter,full_titan_file,LogisticRegression,462,6,0.4025974025974026,3,4,0.5909090909090909,0.35135135135135137,0.4406779661016949,0.5420862420846833,0.6413043478260869,0.5393120393120393,0.2157847732840531,0.35135135135135137,0.16363636363636364
BugHunter,full_titan_file,GaussianNB,462,6,0.4025974025974026,3,4,0.5,0.1891891891891892,0.27450980392156865,0.40633799368329454,0.5978260869565217,0.6196560196560197,0.08452341181120852,0.1891891891891892,0.12727272727272726
BugHunter,full_titan_file,DecisionTree,462,6,0.4025974025974026,3,4,0.23684210526315788,0.24324324324324326,0.24,0.339098385410068,0.3804347826086957,0.37739557739557744,-0.2828505017145909,0.24324324324324326,0.5272727272727272
BugHunter,full_titan_file,RandomForest,462,6,0.4025974025974026,3,4,0.2413793103448276,0.1891891891891892,0.21212121212121213,0.33691766577832266,0.43478260869565216,0.37739557739557744,-0.22248760023730074,0.1891891891891892,0.4
BugHunter,full_titan_file,KNN,462,6,0.4025974025974026,3,4,0.42857142857142855,0.32432432432432434,0.36923076923076925,0.479557535625737,0.5543478260869565,0.5120393120393121,0.035608829916030205,0.32432432432432434,0.2909090909090909
BugHunter,full_titan_file,Dummy,462,6,0.4025974025974026,3,5,0.40540540540540543,0.40540540540540543,0.40540540540540543,0.4931969619160719,0.5217391304347826,0.5027027027027027,0.005405405405405406,0.40540540540540543,0.4
BugHunter,full_titan_file,LogisticRegression,462,6,0.4025974025974026,3,5,0.3055555555555556,0.2972972972972973,0.3013698630136986,0.4026936331284146,0.44565217391304346,0.42088452088452094,-0.15798742025878187,0.2972972972972973,0.45454545454545453
BugHunter,full_titan_file,GaussianNB,462,6,0.4025974025974026,3,5,0.3333333333333333,0.13513513513513514,0.19230769230769232,0.3325133238911045,0.5434782608695652,0.4552825552825553,-0.06196556392431513,0.13513513513513514,0.18181818181818182
BugHunter,full_titan_file,DecisionTree,462,6,0.4025974025974026,3,5,0.21428571428571427,0.24324324324324326,0.22784810126582278,0.3119251469460218,0.33695652173913043,0.3002457002457003,-0.3511921231119903,0.24324324324324326,0.6
BugHunter,full_titan_file,RandomForest,462,6,0.4025974025974026,3,5,0.2619047619047619,0.2972972972972973,0.27848101265822783,0.36018013511259855,0.3804347826086957,0.3034398034398035,-0.2621847530670781,0.2972972972972973,0.5636363636363636
BugHunter,full_titan_file,KNN,462,6,0.4025974025974026,3,5,0.2857142857142857,0.2702702702702703,0.2777777777777778,0.3839533141153328,0.43478260869565216,0.3906633906633907,-0.18611338622713136,0.2702702702702703,0.45454545454545453
JIRA,activemq-5.8.0,Dummy,2825,67,0.07292035398230089,1,1,0.12,0.14634146341463414,0.13186813186813187,0.3661328296253094,0.8601769911504424,0.5311859988828895,0.056971625370231316,0.14634146341463414,0.08396946564885496
JIRA,activemq-5.8.0,LogisticRegression,2825,67,0.07292035398230089,1,1,0.3017241379310345,0.8536585365853658,0.445859872611465,0.849529204718974,0.8460176991150442,0.9118879165890895,0.44898442962728713,0.8536585365853658,0.15458015267175573
JIRA,activemq-5.8.0,GaussianNB,2825,67,0.07292035398230089,1,1,0.07256637168141593,1.0,0.1353135313531353,0.0,0.07256637168141593,0.7910538074846398,0.0,1.0,1.0
JIRA,activemq-5.8.0,DecisionTree,2825,67,0.07292035398230089,1,1,0.30158730158730157,0.4634146341463415,0.36538461538461536,0.6515381454245128,0.8831858407079646,0.6938186557438093,0.3127407446082522,0.4634146341463415,0.08396946564885496
JIRA,activemq-5.8.0,RandomForest,2825,67,0.07292035398230089,1,1,0.8571428571428571,0.2926829268292683,0.43636363636363634,0.5399683476107864,0.9451327433628318,0.9239899460063303,0.4820747471459595,0.2926829268292683,0.003816793893129771
JIRA,activemq-5.8.0,KNN,2825,67,0.07292035398230089,1,1,0.9166666666666666,0.2682926829268293,0.41509433962264153,0.5174752882891569,0.9451327433628318,0.8291752001489481,0.4793061322311369,0.2682926829268293,0.0019083969465648854
JIRA,activemq-5.8.0,Dummy,2825,67,0.07292035398230089,1,2,0.04,0.04878048780487805,0.04395604395604396,0.2105042664030752,0.8460176991150442,0.4785887171848818,-0.03911484726911404,0.04878048780487805,0.0916030534351145
JIRA,activemq-5.8.0,LogisticRegression,2825,67,0.07292035398230089,1,2,0.3181818181818182,0.6829268292682927,0.43410852713178294,0.7776432991585035,0.8707964601769912,0.8555669335319308,0.4066574173751027,0.6829268292682927,0.11450381679389313
JIRA,activemq-5.8.0,GaussianNB,2825,67,0.07292035398230089,1,2,0.07256637168141593,1.0,0.1353135313531353,0.0,0.07256637168141593,0.7661981009123069,0.0,1.0,1.0
JIRA,activemq-5.8.0,DecisionTree,2825,67,0.07292035398230089,1,2,0.44680851063829785,0.5121951219512195,0.4772727272727273,0.6976968254012726,0.9185840707964602,0.73631539750512,0.4345378504836201,0.5121951219512195,0.04961832061068702
JIRA,activemq-5.8.0,RandomForest,2825,67,0.07292035398230089,1,2,0.7727272727272727,0.4146341463414634,0.5396825396825397,0.6408414106839269,0.9486725663716814,0.8882424129584807,0.5432505272115119,0.4146341463414634,0.009541984732824428
JIRA,activemq-5.8.0,KNN,2825,67,0.07292035398230089,1,2,0.9166666666666666,0.2682926829268293,0.41509433962264153,0.5174752882891569,0.9451327433628318,0.8118367156954013,0.4793061322311369,0.2682926829268293,0.0019083969465648854
JIRA,activemq-5.8.0,Dummy,2825,67,0.07292035398230089,1,3,0.04,0.04878048780487805,0.04395604395604396,0.2105042664030752,0.8460176991150442,0.4785887171848818,-0.03911484726911404,0.04878048780487805,0.0916030534351145
JIRA,activemq-5.8.0,LogisticRegression,2825,67,0.07292035398230089,1,3,0.2980769230769231,0.7560975609756098,0.42758620689655175,0.8066990509345019,0.8530973451327434,0.8872183950847142,0.4128800986059192,0.7560975609756098,0.13931297709923665
JIRA,activemq-5.8.0,GaussianNB,2825,67,0.07292035398230089,1,3,0.07104795737122557,0.975609756097561,0.13245033112582782,0.04314916777384586,0.07256637168141593,0.8149320424501955,-0.09820200697434706,0.975609756097561,0.9980916030534351
JIRA,activemq-5.8.0,DecisionTree,2825,67,0.07292035398230089,1,3,0.38461538461538464,0.36585365853658536,0.375,0.5908443131827588,0.911504424778761,0.6614922733196797,0.32753153500736065,0.36585365853658536,0.04580152671755725
JIRA,activemq-5.8.0,RandomForest,2825,67,0.07292035398230089,1,3,0.7222222222222222,0.3170731707317073,0.4406779661016949,0.5603995569032841,0.9415929203539823,0.9310184323217279,0.4542728893547397,0.3170731707317073,0.009541984732824428
JIRA,activemq-5.8.0,KNN,2825,67,0.07292035398230089,1,3,0.7142857142857143,0.36585365853658536,0.4838709677419355,0.6013854791292691,0.9433628318584071,0.8054598771178552,0.48601111699890576,0.36585365853658536,0.011450381679389313
JIRA,activemq-5.8.0,Dummy,2825,67,0.07292035398230089,1,4,0.06,0.07317073170731707,0.06593406593406594,0.2580846916456175,0.8495575221238938,0.4917380376093838,-0.0150932291092777,0.07317073170731707,0.08969465648854962
JIRA,activemq-5.8.0,LogisticRegression,2825,67,0.07292035398230089,1,4,0.24074074074074073,0.6341463414634146,0.348993288590604,0.7313752116677462,0.8283185840707965,0.823775833178179,0.3151406748504246,0.6341463414634146,0.15648854961832062
JIRA,activemq-5.8.0,GaussianNB,2825,67,0.07292035398230089,1,4,0.30303030303030304,0.4878048780487805,0.37383177570093457,0.6670699456717744,0.8814159292035398,0.8195168497486501,0.3230840638360766,0.4878048780487805,0.08778625954198473
JIRA,activemq-5.8.0,DecisionTree,2825,67,0.07292035398230089,1,4,0.37777777777777777,0.4146341463414634,0.3953488372093023,0.6264807445201448,0.9079646017699115,0.6822053621299572,0.34609571369313147,0.4146341463414634,0.05343511450381679
JIRA,activemq-5.8.0,RandomForest,2825,67,0.07292035398230089,1,4,0.65,0.3170731707317073,0.4262295081967213,0.5593187467228977,0.9380530973451328,0.8519828709737479,0.426392635581321,0.3170731707317073,0.013358778625954198
JIRA,activemq-5.8.0,KNN,2825,67,0.07292035398230089,1,4,0.5,0.21951219512195122,0.3050847457627119,0.46448029828595616,0.9274336283185841,0.7339182647551666,0.2988836461366813,0.21951219512195122,0.01717557251908397
JIRA,activemq-5.8.0,Dummy,2825,67,0.07292035398230089,1,5,0.04,0.047619047619047616,0.043478260869565216,0.20796311455493116,0.8442477876106195,0.47792042247109173,-0.04078567253008518,0.047619047619047616,0.09177820267686425
JIRA,activemq-5.8.0,LogisticRegression,2825,67,0.07292035398230089,1,5,0.24,0.5714285714285714,0.3380281690140845,0.6988498765536326,0.8336283185840708,0.8179459164162797,0.29286932257473264,0.5714285714285714,0.14531548757170173
JIRA,activemq-5.8.0,GaussianNB,2825,67,0.07292035398230089,1,5,0.07446808510638298,1.0,0.13861386138613863,0.04372694694466261,0.07610619469026549,0.8007830283164891,0.011932577089502008,1.0,0.9980879541108987
JIRA,activemq-5.8.0,DecisionTree,2825,67,0.07292035398230089,1,5,0.35294117647058826,0.2857142857142857,0.3157894736842105,0.5231593557934524,0.9079646017699115,0.6251024310297733,0.26875335596808286,0.2857142857142857,0.04206500956022945
JIRA,activemq-5.8.0,RandomForest,2825,67,0.07292035398230089,1,5,0.6923076923076923,0.21428571428571427,0.32727272727272727,0.46113644164101986,0.9345132743362832,0.8728034234726395,0.36152928152770925,0.21428571428571427,0.0076481835564053535
JIRA,activemq-5.8.0,KNN,2825,67,0.07292035398230089,1,5,0.6875,0.2619047619047619,0.3793103448275862,0.5093141391008909,0.9362831858407079,0.6890193936083038,0.39904624217626306,0.2619047619047619,0.009560229445506692
JIRA,activemq-5.8.0,Dummy,2825,67,0.07292035398230089,2,1,0.1,0.12195121951219512,0.10989010989010989,0.33388367650962353,0.856637168141593,0.5180366784583877,0.032950007210394976,0.12195121951219512,0.08587786259541985
JIRA,activemq-5.8.0,LogisticRegression,2825,67,0.07292035398230089,2,1,0.27522935779816515,0.7317073170731707,0.4,0.7882846340683818,0.8407079646017699,0.8868460249487992,0.3819408770532218,0.7317073170731707,0.15076335877862596
JIRA,activemq-5.8.0,GaussianNB,2825,67,0.07292035398230089,2,1,0.06964285714285715,0.9512195121951219,0.129783693843594,0.07379643106382809,0.0743362831858407,0.7704105380748464,-0.11926283951962488,0.9512195121951219,0.9942748091603053
JIRA,activemq-5.8.0,DecisionTree,2825,67,0.07292035398230089,2,1,0.3,0.36585365853658536,0.32967032967032966,0.5843088809586561,0.8920353982300885,0.6526019363247068,0.27316618880875837,0.36585365853658536,0.06679389312977099
JIRA,activemq-5.8.0,RandomForest,2825,67,0.07292035398230089,2,1,0.75,0.2926829268292683,0.42105263157894735,0.5389329327604481,0.9415929203539823,0.921057531185999,0.44579115426587024,0.2926829268292683,0.007633587786259542
JIRA,activemq-5.8.0,KNN,2825,67,0.07292035398230089,2,1,0.5625,0.21951219512195122,0.3157894736842105,0.46538132783946096,0.9309734513274336,0.7902392478123256,0.32240513099992474,0.21951219512195122,0.013358778625954198
JIRA,activemq-5.8.0,Dummy,2825,67,0.07292035398230089,2,2,0.04,0.04878048780487805,0.04395604395604396,0.2105042664030752,0.8460176991150442,0.4785887171848818,-0.03911484726911404,0.04878048780487805,0.0916030534351145
JIRA,activemq-5.8.0,LogisticRegression,2825,67,0.07292035398230089,2,2,0.2543859649122807,0.7073170731707317,0.3741935483870968,0.7697925207754954,0.8283185840707965,0.8624092347793706,0.35236739235123765,0.7073170731707317,0.16221374045801526
JIRA,activemq-5.8.0,GaussianNB,2825,67,0.07292035398230089,2,2,0.0726950354609929,1.0,0.13553719008264462,0.0436852028330519,0.0743362831858407,0.8146993111152486,0.011778411764927603,1.0,0.9980916030534351
JIRA,activemq-5.8.0,DecisionTree,2825,67,0.07292035398230089,2,2,0.3333333333333333,0.36585365853658536,0.3488372093023256,0.5872885478121985,0.9008849557522124,0.6546732452057344,0.2956977553847244,0.36585365853658536,0.05725190839694656
JIRA,activemq-5.8.0,RandomForest,2825,67,0.07292035398230089,2,2,0.7142857142857143,0.36585365853658536,0.4838709677419355,0.6013854791292691,0.9433628318584071,0.8783978774902252,0.48601111699890576,0.36585365853658536,0.011450381679389313
JIRA,activemq-5.8.0,KNN,2825,67,0.07292035398230089,2,2,0.7,0.34146341463414637,0.45901639344262296,0.5809935698499923,0.9415929203539823,0.8092533978774902,0.4633139902331902,0.34146341463414637,0.011450381679389313
JIRA,activemq-5.8.0,Dummy,2825,67,0.07292035398230089,2,3,0.06,0.07317073170731707,0.06593406593406594,0.2580846916456175,0.8495575221238938,0.4917380376093838,-0.0150932291092777,0.07317073170731707,0.08969465648854962
JIRA,activemq-5.8.0,LogisticRegression,2825,67,0.07292035398230089,2,3,0.3103448275862069,0.6585365853658537,0.421875,0.7636305604433639,0.8690265486725663,0.8580804319493576,0.3910290802759264,0.6585365853658537,0.11450381679389313
JIRA,activemq-5.8.0,GaussianNB,2825,67,0.07292035398230089,2,3,0.32786885245901637,0.4878048780487805,0.39215686274509803,0.6705497290413909,0.8902654867256637,0.8601750139638801,0.3423698874924788,0.4878048780487805,0.07824427480916031
JIRA,activemq-5.8.0,DecisionTree,2825,67,0.07292035398230089,2,3,0.3333333333333333,0.34146341463414637,0.3373493975903614,0.5685220118643661,0.9026548672566371,0.6455036306088252,0.2848506688462085,0.34146341463414637,0.05343511450381679
JIRA,activemq-5.8.0,RandomForest,2825,67,0.07292035398230089,2,3,0.7222222222222222,0.3170731707317073,0.4406779661016949,0.5603995569032841,0.9415929203539823,0.8688326196239062,0.4542728893547397,0.3170731707317073,0.009541984732824428
JIRA,activemq-5.8.0,KNN,2825,67,0.07292035398230089,2,3,0.7333333333333333,0.2682926829268293,0.39285714285714285,0.5159889990874769,0.9398230088495575,0.7554459132377583,0.42063313502057254,0.2682926829268293,0.007633587786259542
JIRA,activemq-5.8.0,Dummy,2825,67,0.07292035398230089,2,4,0.04,0.04878048780487805,0.04395604395604396,0.2105042664030752,0.8460176991150442,0.4785887171848818,-0.03911484726911404,0.04878048780487805,0.0916030534351145
JIRA,activemq-5.8.0,LogisticRegression,2825,67,0.07292035398230089,2,4,0.2962962962962963,0.7804878048780488,0.42953020134228187,0.8168765411981534,0.8495575221238938,0.8746974492645689,0.4192458091071912,0.7804878048780488,0.1450381679389313
JIRA,activemq-5.8.0,GaussianNB,2825,67,0.07292035398230089,2,4,0.07256637168141593,1.0,0.1353135313531353,0.0,0.07256637168141593,0.7717836529510333,0.0,1.0,1.0
JIRA,activemq-5.8.0,DecisionTree,2825,67,0.07292035398230089,2,4,0.375,0.43902439024390244,0.4044943820224719,0.6433423708023848,0.9061946902654867,0.6933531930739154,0.3552190945006611,0.43902439024390244,0.05725190839694656
JIRA,activemq-5.8.0,RandomForest,2825,67,0.07292035398230089,2,4,0.8,0.2926829268292683,0.42857142857142855,0.5394508886058584,0.9433628318584071,0.8905231800409608,0.4630720138217553,0.2926829268292683,0.0057251908396946565
JIRA,activemq-5.8.0,KNN,2825,67,0.07292035398230089,2,4,0.7272727272727273,0.1951219512195122,0.3076923076923077,0.44045980612510705,0.9362831858407079,0.7516756656116179,0.355614035118597,0.1951219512195122,0.0057251908396946565
JIRA,activemq-5.8.0,Dummy,2825,67,0.07292035398230089,2,5,0.06,0.07142857142857142,0.06521739130434782,0.25496972414278035,0.8477876106194691,0.49078120732040426,-0.017029069458437626,0.07142857142857142,0.08986615678776291
JIRA,activemq-5.8.0,LogisticRegression,2825,67,0.07292035398230089,2,5,0.3010752688172043,0.6666666666666666,0.4148148148148148,0.7640754837093051,0.8601769911504424,0.8765364654465992,0.3836804162117121,0.6666666666666666,0.124282982791587
JIRA,activemq-5.8.0,GaussianNB,2825,67,0.07292035398230089,2,5,0.0743362831858407,1.0,0.13838550247116968,0.0,0.0743362831858407,0.7253937904033507,0.0,1.0,1.0
JIRA,activemq-5.8.0,DecisionTree,2825,67,0.07292035398230089,2,5,0.4444444444444444,0.47619047619047616,0.45977011494252873,0.6733706446896434,0.9168141592920354,0.7148320131111718,0.4150555305006795,0.47619047619047616,0.04780114722753346
JIRA,activemq-5.8.0,RandomForest,2825,67,0.07292035398230089,2,5,0.7058823529411765,0.2857142857142857,0.4067796610169492,0.5319612688786638,0.9380530973451328,0.9116134025311846,0.424045224268378,0.2857142857142857,0.009560229445506692
JIRA,activemq-5.8.0,KNN,2825,67,0.07292035398230089,2,5,0.7333333333333333,0.2619047619047619,0.38596491228070173,0.5098055180276275,0.9380530973451328,0.7595829918965674,0.4148782939574436,0.2619047619047619,0.0076481835564053535
JIRA,activemq-5.8.0,Dummy,2825,67,0.07292035398230089,3,1,0.04,0.04878048780487805,0.04395604395604396,0.2105042664030752,0.8460176991150442,0.4785887171848818,-0.03911484726911404,0.04878048780487805,0.0916030534351145
JIRA,activemq-5.8.0,LogisticRegression,2825,67,0.07292035398230089,3,1,0.26851851851851855,0.7073170731707317,0.38926174496644295,0.7750352091989402,0.8389380530973451,0.8844721653323404,0.36719324197880787,0.7073170731707317,0.15076335877862596
JIRA,activemq-5.8.0,GaussianNB,2825,67,0.07292035398230089,3,1,0.07092198581560284,0.975609756097561,0.1322314049586777,0.0,0.07079646017699115,0.7572612176503444,-0.15053384792248936,0.975609756097561,1.0
JIRA,activemq-5.8.0,DecisionTree,2825,67,0.07292035398230089,3,1,0.2978723404255319,0.34146341463414637,0.3181818181818182,0.5656492192914698,0.8938053097345132,0.6393827964997207,0.26160595285203253,0.34146341463414637,0.06297709923664122
JIRA,activemq-5.8.0,RandomForest,2825,67,0.07292035398230089,3,1,0.6842105263157895,0.3170731707317073,0.43333333333333335,0.5598594126265407,0.9398230088495575,0.8889871532303109,0.4398151495917819,0.3170731707317073,0.011450381679389313
JIRA,activemq-5.8.0,KNN,2825,67,0.07292035398230089,3,1,0.7647058823529411,0.3170731707317073,0.4482758620689655,0.5609391810599962,0.9433628318584071,0.8422547011729659,0.46991434081210315,0.3170731707317073,0.007633587786259542
JIRA,activemq-5.8.0,Dummy,2825,67,0.07292035398230089,3,2,0.06,0.07317073170731707,0.06593406593406594,0.2580846916456175,0.8495575221238938,0.4917380376093838,-0.0150932291092777,0.07317073170731707,0.08969465648854962
JIRA,activemq-5.8.0,LogisticRegression,2825,67,0.07292035398230089,3,2,0.28703703703703703,0.7560975609756098,0.4161073825503356,0.8031137040742997,0.8460176991150442,0.8862874697449263,0.4018949533977301,0.7560975609756098,0.14694656488549618
JIRA,activemq-5.8.0,GaussianNB,2825,67,0.07292035398230089,3,2,0.0726950354609929,1.0,0.13553719008264462,0.0436852028330519,0.0743362831858407,0.7960808043194936,0.011778411764927603,1.0,0.9980916030534351
JIRA,activemq-5.8.0,DecisionTree,2825,67,0.07292035398230089,3,2,0.3191489361702128,0.36585365853658536,0.3409090909090909,0.5860984988734227,0.8973451327433628,0.655464531744554,0.28631050965654503,0.36585365853658536,0.061068702290076333
JIRA,activemq-5.8.0,RandomForest,2825,67,0.07292035398230089,3,2,0.8,0.3902439024390244,0.5245901639344263,0.6223061476087984,0.9486725663716814,0.9121904673245205,0.5371566995369286,0.3902439024390244,0.007633587786259542
JIRA,activemq-5.8.0,KNN,2825,67,0.07292035398230089,3,2,0.8333333333333334,0.24390243902439024,0.37735849056603776,0.4929214072086974,0.9415929203539823,0.8044358592440887,0.43198690023557645,0.24390243902439024,0.003816793893129771
JIRA,activemq-5.8.0,Dummy,2825,67,0.07292035398230089,3,3,0.08,0.0975609756097561,0.08791208791208792,0.2983227488538358,0.8530973451327434,0.5048873580338857,0.008928389050558639,0.0975609756097561,0.08778625954198473
JIRA,activemq-5.8.0,LogisticRegression,2825,67,0.07292035398230089,3,3,0.32608695652173914,0.7317073170731707,0.45112781954887216,0.8032006352542993,0.8707964601769912,0.8592440886240924,0.4309902517819786,0.7317073170731707,0.1183206106870229
JIRA,activemq-5.8.0,GaussianNB,2825,67,0.07292035398230089,3,3,0.3125,0.4878048780487805,0.38095238095238093,0.668464032763259,0.8849557522123894,0.8629910631167379,0.3305621477421304,0.4878048780487805,0.08396946564885496
JIRA,activemq-5.8.0,DecisionTree,2825,67,0.07292035398230089,3,3,0.3902439024390244,0.3902439024390244,0.3902439024390244,0.6096108559099562,0.911504424778761,0.6739666728728355,0.34253397877490227,0.3902439024390244,0.04770992366412214
JIRA,activemq-5.8.0,RandomForest,2825,67,0.07292035398230089,3,3,0.7777777777777778,0.34146341463414637,0.4745762711864407,0.5821140985088239,0.9451327433628318,0.8871253025507354,0.4931202001592543,0.34146341463414637,0.007633587786259542
JIRA,activemq-5.8.0,KNN,2825,67,0.07292035398230089,3,3,0.7692307692307693,0.24390243902439024,0.37037037037037035,0.49244903392605877,0.9398230088495575,0.7647318935021411,0.41211329953071857,0.24390243902439024,0.0057251908396946565
JIRA,activemq-5.8.0,Dummy,2825,67,0.07292035398230089,3,4,0.04,0.04878048780487805,0.04395604395604396,0.2105042664030752,0.8460176991150442,0.4785887171848818,-0.03911484726911404,0.04878048780487805,0.0916030534351145
JIRA,activemq-5.8.0,LogisticRegression,2825,67,0.07292035398230089,3,4,0.2627118644067797,0.7560975609756098,0.389937106918239,0.7940795167394962,0.8283185840707965,0.8870787562837461,0.3765859849582918,0.7560975609756098,0.16603053435114504
JIRA,activemq-5.8.0,GaussianNB,2825,67,0.07292035398230089,3,4,0.0726950354609929,1.0,0.13553719008264462,0.0436852028330519,0.0743362831858407,0.7685254142617761,0.011778411764927603,1.0,0.9980916030534351
JIRA,activemq-5.8.0,DecisionTree,2825,67,0.07292035398230089,3,4,0.32727272727272727,0.43902439024390244,0.375,0.638768014563167,0.8938053097345132,0.6869530813628747,0.3224236681484866,0.43902439024390244,0.07061068702290077
JIRA,activemq-5.8.0,RandomForest,2825,67,0.07292035398230089,3,4,0.6842105263157895,0.3170731707317073,0.43333333333333335,0.5598594126265407,0.9398230088495575,0.8879864084900392,0.4398151495917819,0.3170731707317073,0.011450381679389313
JIRA,activemq-5.8.0,KNN,2825,67,0.07292035398230089,3,4,0.6190476190476191,0.3170731707317073,0.41935483870967744,0.5587775576781971,0.9362831858407079,0.7932182088996462,0.41388180754149,0.3170731707317073,0.015267175572519083
JIRA,activemq-5.8.0,Dummy,2825,67,0.07292035398230089,3,5,0.08,0.09523809523809523,0.08695652173913043,0.2947227735478657,0.8513274336283185,0.5036419921697168,0.0067275336132099255,0.09523809523809523,0.08795411089866156
JIRA,activemq-5.8.0,LogisticRegression,2825,67,0.07292035398230089,3,5,0.28735632183908044,0.5952380952380952,0.3875968992248062,0.7243441840381074,0.8601769911504424,0.8375216243285077,0.34644882707785657,0.5952380952380952,0.11854684512428298
JIRA,activemq-5.8.0,GaussianNB,2825,67,0.07292035398230089,3,5,0.0743362831858407,1.0,0.13838550247116968,0.0,0.0743362831858407,0.797505235363744,0.0,1.0,1.0
JIRA,activemq-5.8.0,DecisionTree,2825,67,0.07292035398230089,3,5,0.3125,0.23809523809523808,0.2702702702702703,0.47757696722990817,0.904424778761062,0.5993353364290267,0.2224641026642002,0.23809523809523808,0.04206500956022945
JIRA,activemq-5.8.0,RandomForest,2825,67,0.07292035398230089,3,5,0.9090909090909091,0.23809523809523808,0.37735849056603776,0.4874833218419103,0.9415929203539823,0.8732131475917326,0.44840789741298015,0.23809523809523808,0.0019120458891013384
JIRA,activemq-5.8.0,KNN,2825,67,0.07292035398230089,3,5,0.5833333333333334,0.16666666666666666,0.25925925925925924,0.4062921302368722,0.9292035398230089,0.7106892470181189,0.2858355756699978,0.16666666666666666,0.009560229445506692
JIRA,derby-10.5.1.1,Dummy,2681,67,0.14285714285714285,1,1,0.20224719101123595,0.23376623376623376,0.21686746987951808,0.44461772768512087,0.7579143389199255,0.5397092038396387,0.07485338478337812,0.23376623376623376,0.15434782608695652
JIRA,derby-10.5.1.1,LogisticRegression,2681,67,0.14285714285714285,1,1,0.38095238095238093,0.6233766233766234,0.4729064039408867,0.7194954000666779,0.8007448789571695,0.7916713721061548,0.37531290874864875,0.6233766233766234,0.16956521739130434
JIRA,derby-10.5.1.1,GaussianNB,2681,67,0.14285714285714285,1,1,0.6,0.03896103896103896,0.07317073170731707,0.1969559421278506,0.8584729981378026,0.7903726708074534,0.12630640478052113,0.03896103896103896,0.004347826086956522
JIRA,derby-10.5.1.1,DecisionTree,2681,67,0.14285714285714285,1,1,0.31645569620253167,0.3246753246753247,0.32051282051282054,0.5353141739409992,0.8026070763500931,0.6023715415019762,0.20508968455013632,0.3246753246753247,0.11739130434782609
JIRA,derby-10.5.1.1,RandomForest,2681,67,0.14285714285714285,1,1,0.6428571428571429,0.35064935064935066,0.453781512605042,0.5824217824681641,0.8789571694599627,0.8391022021456803,0.415125749740143,0.35064935064935066,0.03260869565217391
JIRA,derby-10.5.1.1,KNN,2681,67,0.14285714285714285,1,1,0.5675675675675675,0.2727272727272727,0.3684210526315789,0.5130702746401974,0.8659217877094972,0.7615047995482779,0.329241357986155,0.2727272727272727,0.034782608695652174
JIRA,derby-10.5.1.1,Dummy,2681,67,0.14285714285714285,1,2,0.1348314606741573,0.15789473684210525,0.14545454545454545,0.3625803785265393,0.7369402985074627,0.4952517162471396,-0.008902328314016225,0.15789473684210525,0.1673913043478261
JIRA,derby-10.5.1.1,LogisticRegression,2681,67,0.14285714285714285,1,2,0.35664335664335667,0.6710526315789473,0.4657534246575342,0.7326950970650465,0.7817164179104478,0.8466819221967964,0.37152740350627567,0.6710526315789473,0.2
JIRA,derby-10.5.1.1,GaussianNB,2681,67,0.14285714285714285,1,2,0.25,0.013157894736842105,0.025,0.11433320768640536,0.8544776119402985,0.7790760869565218,0.026897781485075,0.013157894736842105,0.006521739130434782
JIRA,derby-10.5.1.1,DecisionTree,2681,67,0.14285714285714285,1,2,0.39080459770114945,0.4473684210526316,0.4171779141104294,0.6291452921440344,0.8227611940298507,0.668320938215103,0.31422339627278173,0.4473684210526316,0.11521739130434783
JIRA,derby-10.5.1.1,RandomForest,2681,67,0.14285714285714285,1,2,0.6341463414634146,0.34210526315789475,0.4444444444444444,0.5752822409483644,0.878731343283582,0.8751144164759724,0.4062066425271812,0.34210526315789475,0.03260869565217391
JIRA,derby-10.5.1.1,KNN,2681,67,0.14285714285714285,1,2,0.6538461538461539,0.4473684210526316,0.53125,0.6556391539778821,0.8880597014925373,0.7470680778032037,0.4811436654448958,0.4473684210526316,0.0391304347826087
JIRA,derby-10.5.1.1,Dummy,2681,67,0.14285714285714285,1,3,0.19101123595505617,0.2236842105263158,0.20606060606060606,0.43436478779790444,0.7555970149253731,0.5335812356979405,0.06295984000394608,0.2236842105263158,0.1565217391304348
JIRA,derby-10.5.1.1,LogisticRegression,2681,67,0.14285714285714285,1,3,0.3828125,0.6447368421052632,0.4803921568627451,0.7307600820261309,0.8022388059701493,0.8082093821510298,0.3869988596161385,0.6447368421052632,0.17173913043478262
JIRA,derby-10.5.1.1,GaussianNB,2681,67,0.14285714285714285,1,3,0.5,0.02631578947368421,0.05,0.16186838171091866,0.8582089552238806,0.7886155606407322,0.08904093181266208,0.02631578947368421,0.004347826086956522
JIRA,derby-10.5.1.1,DecisionTree,2681,67,0.14285714285714285,1,3,0.375,0.47368421052631576,0.4186046511627907,0.6417938247608371,0.8134328358208955,0.6809782608695651,0.31227238434106075,0.47368421052631576,0.13043478260869565
JIRA,derby-10.5.1.1,RandomForest,2681,67,0.14285714285714285,1,3,0.7567567567567568,0.3684210526315789,0.49557522123893805,0.6010098290754561,0.8936567164179104,0.8436498855835239,0.4800434727392596,0.3684210526315789,0.01956521739130435
JIRA,derby-10.5.1.1,KNN,2681,67,0.14285714285714285,1,3,0.6666666666666666,0.3157894736842105,0.42857142857142855,0.5545732480152533,0.8805970149253731,0.7721538901601832,0.40373995301028925,0.3157894736842105,0.02608695652173913
JIRA,derby-10.5.1.1,Dummy,2681,67,0.14285714285714285,1,4,0.20224719101123595,0.23376623376623376,0.21686746987951808,0.444529318778159,0.7574626865671642,0.5395410689528337,0.07453861896476333,0.23376623376623376,0.15468409586056645
JIRA,derby-10.5.1.1,LogisticRegression,2681,67,0.14285714285714285,1,4,0.4296875,0.7142857142857143,0.5365853658536586,0.7750385269983533,0.8227611940298507,0.8293862999745352,0.45677335629982335,0.7142857142857143,0.15904139433551198
JIRA,derby-10.5.1.1,GaussianNB,2681,67,0.14285714285714285,1,4,0.0,0.0,0.0,0.0,0.8544776119402985,0.8108536343830461,-0.017707698905658625,0.0,0.002178649237472767
JIRA,derby-10.5.1.1,DecisionTree,2681,67,0.14285714285714285,1,4,0.3333333333333333,0.38961038961038963,0.3592814371257485,0.581962994456023,0.8003731343283582,0.6303794244970715,0.24292975078344753,0.38961038961038963,0.13071895424836602
JIRA,derby-10.5.1.1,RandomForest,2681,67,0.14285714285714285,1,4,0.5454545454545454,0.3116883116883117,0.39669421487603307,0.5459918695699904,0.8638059701492538,0.8744871686048156,0.34258193422192956,0.3116883116883117,0.04357298474945534
JIRA,derby-10.5.1.1,KNN,2681,67,0.14285714285714285,1,4,0.5102040816326531,0.3246753246753247,0.3968253968253968,0.5547060817321203,0.8582089552238806,0.7578586990351697,0.3314948195509023,0.3246753246753247,0.05228758169934641
JIRA,derby-10.5.1.1,Dummy,2681,67,0.14285714285714285,1,5,0.15730337078651685,0.18181818181818182,0.1686746987951807,0.3900119595344697,0.7425373134328358,0.5092097445038622,0.017361231107714103,0.18181818181818182,0.16339869281045752
JIRA,derby-10.5.1.1,LogisticRegression,2681,67,0.14285714285714285,1,5,0.38405797101449274,0.6883116883116883,0.4930232558139535,0.7488968960054253,0.7966417910447762,0.8195116430410547,0.40359689955906247,0.6883116883116883,0.18518518518518517
JIRA,derby-10.5.1.1,GaussianNB,2681,67,0.14285714285714285,1,5,1.0,0.012987012987012988,0.02564102564102564,0.11396057645963795,0.8582089552238806,0.7313470842882608,0.10555628308697804,0.012987012987012988,0.0
JIRA,derby-10.5.1.1,DecisionTree,2681,67,0.14285714285714285,1,5,0.3592233009708738,0.4805194805194805,0.4111111111111111,0.6414243339093539,0.8022388059701493,0.677687236510766,0.2997569003795105,0.4805194805194805,0.1437908496732026
JIRA,derby-10.5.1.1,RandomForest,2681,67,0.14285714285714285,1,5,0.6136363636363636,0.35064935064935066,0.4462809917355372,0.5810872031479765,0.875,0.8338709221062164,0.40071529747951323,0.35064935064935066,0.037037037037037035
JIRA,derby-10.5.1.1,KNN,2681,67,0.14285714285714285,1,5,0.6136363636363636,0.35064935064935066,0.4462809917355372,0.5810872031479765,0.875,0.7602212602212601,0.40071529747951323,0.35064935064935066,0.037037037037037035
JIRA,derby-10.5.1.1,Dummy,2681,67,0.14285714285714285,2,1,0.0898876404494382,0.1038961038961039,0.0963855421686747,0.2925770926893843,0.7206703910614525,0.4639045736871824,-0.06804127440138566,0.1038961038961039,0.17608695652173914
JIRA,derby-10.5.1.1,LogisticRegression,2681,67,0.14285714285714285,2,1,0.34507042253521125,0.6363636363636364,0.4474885844748858,0.7125359709386067,0.7746741154562383,0.804573687182383,0.34503336879615865,0.6363636363636364,0.20217391304347826
JIRA,derby-10.5.1.1,GaussianNB,2681,67,0.14285714285714285,2,1,0.5,0.012987012987012988,0.02531645569620253,0.11383663887380327,0.8566108007448789,0.7885516657255788,0.06221320951158624,0.012987012987012988,0.002173913043478261
JIRA,derby-10.5.1.1,DecisionTree,2681,67,0.14285714285714285,2,1,0.38095238095238093,0.4155844155844156,0.39751552795031053,0.6071287406602841,0.819366852886406,0.6557876905702994,0.291890313154194,0.4155844155844156,0.11304347826086956
JIRA,derby-10.5.1.1,RandomForest,2681,67,0.14285714285714285,2,1,0.6410256410256411,0.3246753246753247,0.43103448275862066,0.5610649710598795,0.8770949720670391,0.8492094861660079,0.3973560369127056,0.3246753246753247,0.030434782608695653
JIRA,derby-10.5.1.1,KNN,2681,67,0.14285714285714285,2,1,0.6744186046511628,0.37662337662337664,0.48333333333333334,0.6042854673335205,0.8845437616387337,0.8011010728402033,0.447032739739099,0.37662337662337664,0.030434782608695653
JIRA,derby-10.5.1.1,Dummy,2681,67,0.14285714285714285,2,2,0.06741573033707865,0.07894736842105263,0.07272727272727272,0.25436689478481944,0.7145522388059702,0.4492562929061785,-0.09513693029557099,0.07894736842105263,0.18043478260869567
JIRA,derby-10.5.1.1,LogisticRegression,2681,67,0.14285714285714285,2,2,0.34615384615384615,0.7105263157894737,0.46551724137931033,0.7436227728998662,0.7686567164179104,0.8027173913043478,0.37536296926220103,0.7105263157894737,0.2217391304347826
JIRA,derby-10.5.1.1,GaussianNB,2681,67,0.14285714285714285,2,2,0.5,0.039473684210526314,0.07317073170731707,0.19803092470517855,0.8582089552238806,0.7470394736842106,0.10925799012599847,0.039473684210526314,0.006521739130434782
JIRA,derby-10.5.1.1,DecisionTree,2681,67,0.14285714285714285,2,2,0.3119266055045872,0.4473684210526316,0.3675675675675676,0.6119051541048967,0.7817164179104478,0.6506864988558352,0.2464186000482454,0.4473684210526316,0.16304347826086957
JIRA,derby-10.5.1.1,RandomForest,2681,67,0.14285714285714285,2,2,0.5510204081632653,0.35526315789473684,0.432,0.581611821761572,0.8675373134328358,0.8288329519450801,0.37211692642645755,0.35526315789473684,0.04782608695652174
JIRA,derby-10.5.1.1,KNN,2681,67,0.14285714285714285,2,2,0.5576923076923077,0.3815789473684211,0.453125,0.6020797289396148,0.8694029850746269,0.7488987414187642,0.39079437849195847,0.3815789473684211,0.05
JIRA,derby-10.5.1.1,Dummy,2681,67,0.14285714285714285,2,3,0.07865168539325842,0.09210526315789473,0.08484848484848485,0.27511179337831965,0.7182835820895522,0.45692219679633866,-0.08076449663197853,0.09210526315789473,0.1782608695652174
JIRA,derby-10.5.1.1,LogisticRegression,2681,67,0.14285714285714285,2,3,0.4661016949152542,0.7236842105263158,0.5670103092783505,0.7902980059541483,0.8432835820895522,0.8451659038901601,0.49396155749437753,0.7236842105263158,0.13695652173913042
JIRA,derby-10.5.1.1,GaussianNB,2681,67,0.14285714285714285,2,3,0.6666666666666666,0.02631578947368421,0.05063291139240506,0.16204499756455903,0.8600746268656716,0.8387299771167047,0.11288402929323998,0.02631578947368421,0.002173913043478261
JIRA,derby-10.5.1.1,DecisionTree,2681,67,0.14285714285714285,2,3,0.4,0.39473684210526316,0.3973509933774834,0.5967589810505837,0.8302238805970149,0.6498569794050344,0.298559261032617,0.39473684210526316,0.09782608695652174
JIRA,derby-10.5.1.1,RandomForest,2681,67,0.14285714285714285,2,3,0.7428571428571429,0.34210526315789475,0.46846846846846846,0.5791475626414231,0.8899253731343284,0.8784897025171625,0.4554245837997488,0.34210526315789475,0.01956521739130435
JIRA,derby-10.5.1.1,KNN,2681,67,0.14285714285714285,2,3,0.6666666666666666,0.3157894736842105,0.42857142857142855,0.5545732480152533,0.8805970149253731,0.8188930205949657,0.40373995301028925,0.3157894736842105,0.02608695652173913
JIRA,derby-10.5.1.1,Dummy,2681,67,0.14285714285714285,2,4,0.0898876404494382,0.1038961038961039,0.0963855421686747,0.29250896965085227,0.7201492537313433,0.4637127578304049,-0.06840485067785972,0.1038961038961039,0.17647058823529413
JIRA,derby-10.5.1.1,LogisticRegression,2681,67,0.14285714285714285,2,4,0.381294964028777,0.6883116883116883,0.49074074074074076,0.7478950267996686,0.7947761194029851,0.8245480010185892,0.4009050918686979,0.6883116883116883,0.18736383442265794
JIRA,derby-10.5.1.1,GaussianNB,2681,67,0.14285714285714285,2,4,0.5,0.025974025974025976,0.04938271604938271,0.16081308836739985,0.8563432835820896,0.798333474804063,0.0880959293470873,0.025974025974025976,0.004357298474945534
JIRA,derby-10.5.1.1,DecisionTree,2681,67,0.14285714285714285,2,4,0.34831460674157305,0.4025974025974026,0.37349397590361444,0.593063679713331,0.8059701492537313,0.6378066378066377,0.26036512950017326,0.4025974025974026,0.12636165577342048
JIRA,derby-10.5.1.1,RandomForest,2681,67,0.14285714285714285,2,4,0.6666666666666666,0.38961038961038963,0.4918032786885246,0.6139039207700563,0.8843283582089553,0.8651218062982768,0.4514280558035925,0.38961038961038963,0.032679738562091505
JIRA,derby-10.5.1.1,KNN,2681,67,0.14285714285714285,2,4,0.6086956521739131,0.36363636363636365,0.45528455284552843,0.5910804632890487,0.875,0.7639419404125286,0.406240554412396,0.36363636363636365,0.0392156862745098
JIRA,derby-10.5.1.1,Dummy,2681,67,0.14285714285714285,2,5,0.1797752808988764,0.2077922077922078,0.1927710843373494,0.41802469464480285,0.75,0.5243754067283479,0.045949925036238716,0.2077922077922078,0.15904139433551198
JIRA,derby-10.5.1.1,LogisticRegression,2681,67,0.14285714285714285,2,5,0.3813559322033898,0.5844155844155844,0.46153846153846156,0.7010487251245285,0.8041044776119403,0.8023936847466259,0.3600756024715531,0.5844155844155844,0.15904139433551198
JIRA,derby-10.5.1.1,GaussianNB,2681,67,0.14285714285714285,2,5,0.0,0.0,0.0,0.0,0.8544776119402985,0.7448716860481567,-0.017707698905658625,0.0,0.002178649237472767
JIRA,derby-10.5.1.1,DecisionTree,2681,67,0.14285714285714285,2,5,0.37349397590361444,0.4025974025974026,0.3875,0.5974840912862707,0.8171641791044776,0.6477237359590301,0.2804939278952587,0.4025974025974026,0.11328976034858387
JIRA,derby-10.5.1.1,RandomForest,2681,67,0.14285714285714285,2,5,0.6285714285714286,0.2857142857142857,0.39285714285714285,0.5268986240019052,0.8731343283582089,0.816908581614464,0.365421086240492,0.2857142857142857,0.02832244008714597
JIRA,derby-10.5.1.1,KNN,2681,67,0.14285714285714285,2,5,0.5526315789473685,0.2727272727272727,0.3652173913043478,0.5124707431905382,0.8638059701492538,0.6893019834196304,0.3220971086737071,0.2727272727272727,0.037037037037037035
JIRA,derby-10.5.1.1,Dummy,2681,67,0.14285714285714285,3,1,0.1348314606741573,0.15584415584415584,0.14457831325301204,0.36021826622537717,0.7355679702048417,0.4942264257481649,-0.010883410727480145,0.15584415584415584,0.1673913043478261
JIRA,derby-10.5.1.1,LogisticRegression,2681,67,0.14285714285714285,3,1,0.4051724137931034,0.6103896103896104,0.48704663212435234,0.7202993605655699,0.8156424581005587,0.803218520609825,0.39208456884834225,0.6103896103896104,0.15
JIRA,derby-10.5.1.1,GaussianNB,2681,67,0.14285714285714285,3,1,1.0,0.025974025974025976,0.05063291139240506,0.16116459280507606,0.8603351955307262,0.7723884810841333,0.14944165209049434,0.025974025974025976,0.0
JIRA,derby-10.5.1.1,DecisionTree,2681,67,0.14285714285714285,3,1,0.39361702127659576,0.4805194805194805,0.4327485380116959,0.6488272876796404,0.819366852886406,0.6853331451157538,0.32888772658058724,0.4805194805194805,0.12391304347826088
JIRA,derby-10.5.1.1,RandomForest,2681,67,0.14285714285714285,3,1,0.7,0.36363636363636365,0.47863247863247865,0.5951051987913217,0.8864059590316573,0.8073969508752118,0.4505608349256914,0.36363636363636365,0.02608695652173913
JIRA,derby-10.5.1.1,KNN,2681,67,0.14285714285714285,3,1,0.6923076923076923,0.35064935064935066,0.46551724137931033,0.5843817042692088,0.8845437616387337,0.7253387916431395,0.43830406835045704,0.35064935064935066,0.02608695652173913
JIRA,derby-10.5.1.1,Dummy,2681,67,0.14285714285714285,3,2,0.15730337078651685,0.18421052631578946,0.1696969696969697,0.3926527745642423,0.7444029850746269,0.5105835240274599,0.019842539013168695,0.18421052631578946,0.16304347826086957
JIRA,derby-10.5.1.1,LogisticRegression,2681,67,0.14285714285714285,3,2,0.37777777777777777,0.6710526315789473,0.4834123222748815,0.7406163553502967,0.7966417910447762,0.8324370709382151,0.3925196144530958,0.6710526315789473,0.1826086956521739
JIRA,derby-10.5.1.1,GaussianNB,2681,67,0.14285714285714285,3,2,0.75,0.039473684210526314,0.075,0.19846377970185622,0.8619402985074627,0.7723255148741418,0.15118408214024914,0.039473684210526314,0.002173913043478261
JIRA,derby-10.5.1.1,DecisionTree,2681,67,0.14285714285714285,3,2,0.35714285714285715,0.4605263157894737,0.40229885057471265,0.6304397143340599,0.8059701492537313,0.6683352402745996,0.29201394492202387,0.4605263157894737,0.13695652173913042
JIRA,derby-10.5.1.1,RandomForest,2681,67,0.14285714285714285,3,2,0.6774193548387096,0.27631578947368424,0.3925233644859813,0.5199124200143,0.878731343283582,0.8521453089244853,0.3804326291693601,0.27631578947368424,0.021739130434782608
JIRA,derby-10.5.1.1,KNN,2681,67,0.14285714285714285,3,2,0.574468085106383,0.35526315789473684,0.43902439024390244,0.5829381902384196,0.871268656716418,0.7923483981693364,0.384536374565503,0.35526315789473684,0.043478260869565216
JIRA,derby-10.5.1.1,Dummy,2681,67,0.14285714285714285,3,3,0.1348314606741573,0.15789473684210525,0.14545454545454545,0.3625803785265393,0.7369402985074627,0.4952517162471396,-0.008902328314016225,0.15789473684210525,0.1673913043478261
JIRA,derby-10.5.1.1,LogisticRegression,2681,67,0.14285714285714285,3,3,0.35947712418300654,0.7236842105263158,0.48034934497816595,0.7546575442896719,0.7779850746268657,0.8272883295194507,0.3944173980900876,0.7236842105263158,0.21304347826086956
JIRA,derby-10.5.1.1,GaussianNB,2681,67,0.14285714285714285,3,3,0.8,0.05263157894736842,0.09876543209876543,0.22916623327051452,0.8638059701492538,0.7930205949656751,0.18309673757993383,0.05263157894736842,0.002173913043478261
JIRA,derby-10.5.1.1,DecisionTree,2681,67,0.14285714285714285,3,3,0.3614457831325301,0.39473684210526316,0.37735849056603776,0.5909790968436858,0.8152985074626866,0.6403890160183067,0.2695315439874314,0.39473684210526316,0.11521739130434783
JIRA,derby-10.5.1.1,RandomForest,2681,67,0.14285714285714285,3,3,0.6595744680851063,0.40789473684210525,0.5040650406504065,0.6274608305077778,0.8861940298507462,0.8620995423340961,0.4601736210855432,0.40789473684210525,0.034782608695652174
JIRA,derby-10.5.1.1,KNN,2681,67,0.14285714285714285,3,3,0.627906976744186,0.35526315789473684,0.453781512605042,0.5855819144148003,0.878731343283582,0.7527173913043478,0.4115567232141658,0.35526315789473684,0.034782608695652174
JIRA,derby-10.5.1.1,Dummy,2681,67,0.14285714285714285,3,4,0.12359550561797752,0.14285714285714285,0.13253012048192772,0.34435558023587937,0.7313432835820896,0.48646125116713346,-0.02552180978507281,0.14285714285714285,0.16993464052287582
JIRA,derby-10.5.1.1,LogisticRegression,2681,67,0.14285714285714285,3,4,0.37777777777777777,0.6623376623376623,0.4811320754716981,0.7356123579206246,0.7947761194029851,0.8227937639702345,0.38730068628565917,0.6623376623376623,0.1830065359477124
JIRA,derby-10.5.1.1,GaussianNB,2681,67,0.14285714285714285,3,4,0.0,0.0,0.0,0.0,0.8507462686567164,0.792434145375322,-0.03072812371382688,0.0,0.006535947712418301
JIRA,derby-10.5.1.1,DecisionTree,2681,67,0.14285714285714285,3,4,0.36046511627906974,0.4025974025974026,0.3803680981595092,0.5952779886470257,0.8115671641791045,0.6466768525592056,0.2702291263991336,0.4025974025974026,0.11982570806100218
JIRA,derby-10.5.1.1,RandomForest,2681,67,0.14285714285714285,3,4,0.6,0.35064935064935066,0.4426229508196721,0.5804294924639212,0.8731343283582089,0.8552188552188553,0.3938857400103165,0.35064935064935066,0.0392156862745098
JIRA,derby-10.5.1.1,KNN,2681,67,0.14285714285714285,3,4,0.6136363636363636,0.35064935064935066,0.4462809917355372,0.5810872031479765,0.875,0.7585660526836997,0.40071529747951323,0.35064935064935066,0.037037037037037035
JIRA,derby-10.5.1.1,Dummy,2681,67,0.14285714285714285,3,5,0.16853932584269662,0.19480519480519481,0.18072289156626506,0.40422604172722165,0.746268656716418,0.516792575616105,0.03165557807197641,0.19480519480519481,0.16122004357298475
JIRA,derby-10.5.1.1,LogisticRegression,2681,67,0.14285714285714285,3,5,0.40476190476190477,0.6623376623376623,0.5024630541871922,0.7443873683187767,0.8115671641791045,0.8371671901083665,0.4126880849404948,0.6623376623376623,0.16339869281045752
JIRA,derby-10.5.1.1,GaussianNB,2681,67,0.14285714285714285,3,5,0.0,0.0,0.0,0.0,0.8526119402985075,0.7901140254081431,-0.025065904987237642,0.0,0.004357298474945534
JIRA,derby-10.5.1.1,DecisionTree,2681,67,0.14285714285714285,3,5,0.38461538461538464,0.45454545454545453,0.4166666666666667,0.6317348561704453,0.8171641791044776,0.6690150807797867,0.31066786236247707,0.45454545454545453,0.12200435729847495
JIRA,derby-10.5.1.1,RandomForest,2681,67,0.14285714285714285,3,5,0.7105263157894737,0.35064935064935066,0.46956521739130436,0.5850179393017045,0.8861940298507462,0.842670401493931,0.44645056623608914,0.35064935064935066,0.023965141612200435
JIRA,derby-10.5.1.1,KNN,2681,67,0.14285714285714285,3,5,0.65,0.33766233766233766,0.4444444444444444,0.572156681809921,0.878731343283582,0.8021814786520669,0.4099654853658339,0.33766233766233766,0.030501089324618737
JIRA,groovy-1_6_BETA_2,Dummy,868,67,0.08410138248847926,1,1,0.0,0.0,0.0,0.0,0.8390804597701149,0.4591194968553459,-0.08727820494264349,0.0,0.08176100628930817
JIRA,groovy-1_6_BETA_2,LogisticRegression,868,67,0.08410138248847926,1,1,0.3023255813953488,0.8666666666666667,0.4482758620689655,0.8385372109143698,0.8160919540229885,0.8519916142557652,0.4411598217770075,0.8666666666666667,0.18867924528301888
JIRA,groovy-1_6_BETA_2,GaussianNB,868,67,0.08410138248847926,1,1,0.3076923076923077,0.26666666666666666,0.2857142857142857,0.5015698625755192,0.8850574712643678,0.6758909853249476,0.22423784962186866,0.26666666666666666,0.05660377358490566
JIRA,groovy-1_6_BETA_2,DecisionTree,868,67,0.08410138248847926,1,1,0.5384615384615384,0.4666666666666667,0.5,0.6701168582968084,0.9195402298850575,0.7207547169811321,0.45787489054525277,0.4666666666666667,0.03773584905660377
JIRA,groovy-1_6_BETA_2,RandomForest,868,67,0.08410138248847926,1,1,0.8,0.5333333333333333,0.64,0.7256891469117426,0.9482758620689655,0.9132075471698113,0.6279939793533086,0.5333333333333333,0.012578616352201259
JIRA,groovy-1_6_BETA_2,KNN,868,67,0.08410138248847926,1,1,0.5555555555555556,0.3333333333333333,0.4166666666666667,0.570041743294763,0.9195402298850575,0.879245283018868,0.39055294821802844,0.3333333333333333,0.025157232704402517
JIRA,groovy-1_6_BETA_2,Dummy,868,67,0.08410138248847926,1,2,0.07692307692307693,0.06666666666666667,0.07142857142857142,0.24826441574616803,0.8505747126436781,0.49559748427672956,-0.009399191301515453,0.06666666666666667,0.07547169811320754
JIRA,groovy-1_6_BETA_2,LogisticRegression,868,67,0.08410138248847926,1,2,0.1891891891891892,0.4666666666666667,0.2692307692307692,0.615318090260036,0.7816091954022989,0.6633123689727464,0.1906813381843468,0.4666666666666667,0.18867924528301888
JIRA,groovy-1_6_BETA_2,GaussianNB,868,67,0.08410138248847926,1,2,0.08620689655172414,1.0,0.15873015873015872,0.0,0.08620689655172414,0.7672955974842768,0.0,1.0,1.0
JIRA,groovy-1_6_BETA_2,DecisionTree,868,67,0.08410138248847926,1,2,0.4,0.5333333333333333,0.45714285714285713,0.7021978076057268,0.8908045977011494,0.7322851153039832,0.4029054002840426,0.5333333333333333,0.07547169811320754
JIRA,groovy-1_6_BETA_2,RandomForest,868,67,0.08410138248847926,1,2,0.5384615384615384,0.4666666666666667,0.5,0.6701168582968084,0.9195402298850575,0.89979035639413,0.45787489054525277,0.4666666666666667,0.03773584905660377
JIRA,groovy-1_6_BETA_2,KNN,868,67,0.08410138248847926,1,2,0.6,0.4,0.48,0.624449443044222,0.9252873563218391,0.7280922431865829,0.45203431364078733,0.4,0.025157232704402517
JIRA,groovy-1_6_BETA_2,Dummy,868,67,0.08410138248847926,1,3,0.0,0.0,0.0,0.0,0.8390804597701149,0.4591194968553459,-0.08727820494264349,0.0,0.08176100628930817
JIRA,groovy-1_6_BETA_2,LogisticRegression,868,67,0.08410138248847926,1,3,0.26666666666666666,0.8,0.4,0.7962174728997998,0.7931034482758621,0.8364779874213837,0.3797491916891493,0.8,0.20754716981132076
JIRA,groovy-1_6_BETA_2,GaussianNB,868,67,0.08410138248847926,1,3,0.08092485549132948,0.9333333333333333,0.14893617021276595,0.0,0.08045977011494253,0.6121593291404612,-0.24753116228179844,0.9333333333333333,1.0
JIRA,groovy-1_6_BETA_2,DecisionTree,868,67,0.08410138248847926,1,3,0.5333333333333333,0.5333333333333333,0.5333333333333333,0.7140400895439212,0.9195402298850575,0.7463312368972747,0.48930817610062893,0.5333333333333333,0.0440251572327044
JIRA,groovy-1_6_BETA_2,RandomForest,868,67,0.08410138248847926,1,3,0.75,0.4,0.5217391304347826,0.6284652364762267,0.9367816091954023,0.930817610062893,0.5191928966421046,0.4,0.012578616352201259
JIRA,groovy-1_6_BETA_2,KNN,868,67,0.08410138248847926,1,3,0.5833333333333334,0.4666666666666667,0.5185185185185185,0.6723032160087926,0.9252873563218391,0.8404612159329141,0.48206436791980456,0.4666666666666667,0.031446540880503145
JIRA,groovy-1_6_BETA_2,Dummy,868,67,0.08410138248847926,1,4,0.0,0.0,0.0,0.0,0.8439306358381503,0.4591194968553459,-0.0845818423204086,0.0,0.08176100628930817
JIRA,groovy-1_6_BETA_2,LogisticRegression,868,67,0.08410138248847926,1,4,0.3793103448275862,0.7857142857142857,0.5116279069767442,0.8347248041434321,0.8786127167630058,0.9150943396226416,0.4909971546182015,0.7857142857142857,0.11320754716981132
JIRA,groovy-1_6_BETA_2,GaussianNB,868,67,0.08410138248847926,1,4,0.08092485549132948,1.0,0.1497326203208556,0.0,0.08092485549132948,0.7120395327942498,0.0,1.0,1.0
JIRA,groovy-1_6_BETA_2,DecisionTree,868,67,0.08410138248847926,1,4,0.6111111111111112,0.7857142857142857,0.6875,0.8666735779667754,0.9421965317919075,0.8708445642407907,0.6624946746585428,0.7857142857142857,0.0440251572327044
JIRA,groovy-1_6_BETA_2,RandomForest,868,67,0.08410138248847926,1,4,0.5,0.42857142857142855,0.46153846153846156,0.6421829348658247,0.9190751445086706,0.9393530997304582,0.4195204265477871,0.42857142857142855,0.03773584905660377
JIRA,groovy-1_6_BETA_2,KNN,868,67,0.08410138248847926,1,4,0.5555555555555556,0.35714285714285715,0.43478260869565216,0.590049261652787,0.9248554913294798,0.912848158131177,0.4076980926237079,0.35714285714285715,0.025157232704402517
JIRA,groovy-1_6_BETA_2,Dummy,868,67,0.08410138248847926,1,5,0.0,0.0,0.0,0.0,0.8439306358381503,0.4591194968553459,-0.0845818423204086,0.0,0.08176100628930817
JIRA,groovy-1_6_BETA_2,LogisticRegression,868,67,0.08410138248847926,1,5,0.44,0.7857142857142857,0.5641025641025641,0.8464820705586025,0.9017341040462428,0.9218328840970351,0.5411379769471563,0.7857142857142857,0.0880503144654088
JIRA,groovy-1_6_BETA_2,GaussianNB,868,67,0.08410138248847926,1,5,0.08092485549132948,1.0,0.1497326203208556,0.0,0.08092485549132948,0.7560646900269542,0.0,1.0,1.0
JIRA,groovy-1_6_BETA_2,DecisionTree,868,67,0.08410138248847926,1,5,0.4,0.42857142857142855,0.41379310344827586,0.635855855098946,0.9017341040462428,0.6850853548966757,0.36049030039494245,0.42857142857142855,0.05660377358490566
JIRA,groovy-1_6_BETA_2,RandomForest,868,67,0.08410138248847926,1,5,0.8,0.2857142857142857,0.42105263157894735,0.5328389442609409,0.9364161849710982,0.9384546271338725,0.4548709079413305,0.2857142857142857,0.006289308176100629
JIRA,groovy-1_6_BETA_2,KNN,868,67,0.08410138248847926,1,5,0.7777777777777778,0.5,0.6086956521739131,0.7026454951281617,0.9479768786127167,0.9618149146451034,0.5985824499279067,0.5,0.012578616352201259
JIRA,groovy-1_6_BETA_2,Dummy,868,67,0.08410138248847926,2,1,0.07692307692307693,0.06666666666666667,0.07142857142857142,0.24826441574616803,0.8505747126436781,0.49559748427672956,-0.009399191301515453,0.06666666666666667,0.07547169811320754
JIRA,groovy-1_6_BETA_2,LogisticRegression,868,67,0.08410138248847926,2,1,0.23076923076923078,0.6,0.3333333333333333,0.6977051331545359,0.7931034482758621,0.7618448637316562,0.27683795211927026,0.6,0.18867924528301888
JIRA,groovy-1_6_BETA_2,GaussianNB,868,67,0.08410138248847926,2,1,0.16666666666666666,0.13333333333333333,0.14814814814814814,0.3534792626145592,0.867816091954023,0.6838574423480084,0.07802197862285855,0.13333333333333333,0.06289308176100629
JIRA,groovy-1_6_BETA_2,DecisionTree,868,67,0.08410138248847926,2,1,0.375,0.4,0.3870967741935484,0.6122440422703985,0.8908045977011494,0.6689727463312368,0.3274336597366568,0.4,0.06289308176100629
JIRA,groovy-1_6_BETA_2,RandomForest,868,67,0.08410138248847926,2,1,0.7142857142857143,0.3333333333333333,0.45454545454545453,0.5737076443764131,0.9310344827586207,0.9144654088050315,0.4581524231618477,0.3333333333333333,0.012578616352201259
JIRA,groovy-1_6_BETA_2,KNN,868,67,0.08410138248847926,2,1,0.5555555555555556,0.3333333333333333,0.4166666666666667,0.570041743294763,0.9195402298850575,0.8389937106918239,0.39055294821802844,0.3333333333333333,0.025157232704402517
JIRA,groovy-1_6_BETA_2,Dummy,868,67,0.08410138248847926,2,2,0.0,0.0,0.0,0.0,0.8390804597701149,0.4591194968553459,-0.08727820494264349,0.0,0.08176100628930817
JIRA,groovy-1_6_BETA_2,LogisticRegression,868,67,0.08410138248847926,2,2,0.3611111111111111,0.8666666666666667,0.5098039215686274,0.860987683045695,0.8563218390804598,0.948846960167715,0.500262745050658,0.8666666666666667,0.14465408805031446
JIRA,groovy-1_6_BETA_2,GaussianNB,868,67,0.08410138248847926,2,2,0.08620689655172414,1.0,0.15873015873015872,0.0,0.08620689655172414,0.6771488469601677,0.0,1.0,1.0
JIRA,groovy-1_6_BETA_2,DecisionTree,868,67,0.08410138248847926,2,2,0.5238095238095238,0.7333333333333333,0.6111111111111112,0.8289823520690466,0.9195402298850575,0.8444444444444446,0.5776288940180614,0.7333333333333333,0.06289308176100629
JIRA,groovy-1_6_BETA_2,RandomForest,868,67,0.08410138248847926,2,2,0.7857142857142857,0.7333333333333333,0.7586206896551724,0.8482316047789731,0.9597701149425287,0.9735849056603774,0.7372272669446542,0.7333333333333333,0.018867924528301886
JIRA,groovy-1_6_BETA_2,KNN,868,67,0.08410138248847926,2,2,0.6111111111111112,0.7333333333333333,0.6666666666666666,0.8372862222856351,0.9367816091954023,0.9373165618448638,0.6352710577201388,0.7333333333333333,0.0440251572327044
JIRA,groovy-1_6_BETA_2,Dummy,868,67,0.08410138248847926,2,3,0.0,0.0,0.0,0.0,0.8390804597701149,0.4591194968553459,-0.08727820494264349,0.0,0.08176100628930817
JIRA,groovy-1_6_BETA_2,LogisticRegression,868,67,0.08410138248847926,2,3,0.3870967741935484,0.8,0.5217391304347826,0.839286909062253,0.8735632183908046,0.8813417190775682,0.4991435488676332,0.8,0.11949685534591195
JIRA,groovy-1_6_BETA_2,GaussianNB,868,67,0.08410138248847926,2,3,0.08620689655172414,1.0,0.15873015873015872,0.0,0.08620689655172414,0.7048218029350105,0.0,1.0,1.0
JIRA,groovy-1_6_BETA_2,DecisionTree,868,67,0.08410138248847926,2,3,0.5,0.5333333333333333,0.5161290322580645,0.7116873975152087,0.9137931034482759,0.7452830188679245,0.46915867663759775,0.5333333333333333,0.050314465408805034
JIRA,groovy-1_6_BETA_2,RandomForest,868,67,0.08410138248847926,2,3,0.6666666666666666,0.5333333333333333,0.5925925925925926,0.7210521080737868,0.9367816091954023,0.928301886792453,0.5628728457791937,0.5333333333333333,0.025157232704402517
JIRA,groovy-1_6_BETA_2,KNN,868,67,0.08410138248847926,2,3,0.7777777777777778,0.4666666666666667,0.5833333333333334,0.6788200392610004,0.9425287356321839,0.8580712788259959,0.5754678134967685,0.4666666666666667,0.012578616352201259
JIRA,groovy-1_6_BETA_2,Dummy,868,67,0.08410138248847926,2,4,0.0,0.0,0.0,0.0,0.8439306358381503,0.4591194968553459,-0.0845818423204086,0.0,0.08176100628930817
JIRA,groovy-1_6_BETA_2,LogisticRegression,868,67,0.08410138248847926,2,4,0.3076923076923077,0.8571428571428571,0.4528301886792453,0.8435581168455182,0.8323699421965318,0.8733153638814016,0.4485843810626737,0.8571428571428571,0.16981132075471697
JIRA,groovy-1_6_BETA_2,GaussianNB,868,67,0.08410138248847926,2,4,0.0755813953488372,0.9285714285714286,0.13978494623655913,0.0,0.07514450867052024,0.7295597484276729,-0.2569628384265435,0.9285714285714286,1.0
JIRA,groovy-1_6_BETA_2,DecisionTree,868,67,0.08410138248847926,2,4,0.4,0.42857142857142855,0.41379310344827586,0.635855855098946,0.9017341040462428,0.6862084456424079,0.36049030039494245,0.42857142857142855,0.05660377358490566
JIRA,groovy-1_6_BETA_2,RandomForest,868,67,0.08410138248847926,2,4,0.5,0.35714285714285715,0.4166666666666667,0.5881427970191717,0.9190751445086706,0.9389038634321654,0.380611253045561,0.35714285714285715,0.031446540880503145
JIRA,groovy-1_6_BETA_2,KNN,868,67,0.08410138248847926,2,4,0.7142857142857143,0.35714285714285715,0.47619047619047616,0.5938438297733909,0.9364161849710982,0.9523809523809524,0.47690263269629984,0.35714285714285715,0.012578616352201259
JIRA,groovy-1_6_BETA_2,Dummy,868,67,0.08410138248847926,2,5,0.0,0.0,0.0,0.0,0.8439306358381503,0.4591194968553459,-0.0845818423204086,0.0,0.08176100628930817
JIRA,groovy-1_6_BETA_2,LogisticRegression,868,67,0.08410138248847926,2,5,0.47619047619047616,0.7142857142857143,0.5714285714285714,0.8153954387127114,0.9132947976878613,0.8823000898472597,0.5387166750169247,0.7142857142857143,0.06918238993710692
JIRA,groovy-1_6_BETA_2,GaussianNB,868,67,0.08410138248847926,2,5,0.08092485549132948,1.0,0.1497326203208556,0.0,0.08092485549132948,0.6572327044025157,0.0,1.0,1.0
JIRA,groovy-1_6_BETA_2,DecisionTree,868,67,0.08410138248847926,2,5,0.5333333333333333,0.5714285714285714,0.5517241379310345,0.739101710675986,0.9248554913294798,0.7672955974842767,0.5111299669850995,0.5714285714285714,0.0440251572327044
JIRA,groovy-1_6_BETA_2,RandomForest,868,67,0.08410138248847926,2,5,0.7777777777777778,0.5,0.6086956521739131,0.7026454951281617,0.9479768786127167,0.894878706199461,0.5985824499279067,0.5,0.012578616352201259
JIRA,groovy-1_6_BETA_2,KNN,868,67,0.08410138248847926,2,5,0.8,0.2857142857142857,0.42105263157894735,0.5328389442609409,0.9364161849710982,0.8063791554357593,0.4548709079413305,0.2857142857142857,0.006289308176100629
JIRA,groovy-1_6_BETA_2,Dummy,868,67,0.08410138248847926,3,1,0.0,0.0,0.0,0.0,0.8390804597701149,0.4591194968553459,-0.08727820494264349,0.0,0.08176100628930817
JIRA,groovy-1_6_BETA_2,LogisticRegression,868,67,0.08410138248847926,3,1,0.2571428571428571,0.6,0.36,0.7084396886488151,0.8160919540229885,0.8402515723270441,0.30560827922365463,0.6,0.16352201257861634
JIRA,groovy-1_6_BETA_2,GaussianNB,868,67,0.08410138248847926,3,1,0.08620689655172414,1.0,0.15873015873015872,0.0,0.08620689655172414,0.680503144654088,0.0,1.0,1.0
JIRA,groovy-1_6_BETA_2,DecisionTree,868,67,0.08410138248847926,3,1,0.4375,0.4666666666666667,0.45161290322580644,0.6635145607498332,0.9022988505747126,0.7060796645702306,0.39829616818712726,0.4666666666666667,0.05660377358490566
JIRA,groovy-1_6_BETA_2,RandomForest,868,67,0.08410138248847926,3,1,0.7,0.4666666666666667,0.56,0.6766547385632689,0.9367816091954023,0.8532494758909854,0.5400141464970479,0.4666666666666667,0.018867924528301886
JIRA,groovy-1_6_BETA_2,KNN,868,67,0.08410138248847926,3,1,0.5384615384615384,0.4666666666666667,0.5,0.6701168582968084,0.9195402298850575,0.7832285115303983,0.45787489054525277,0.4666666666666667,0.03773584905660377
JIRA,groovy-1_6_BETA_2,Dummy,868,67,0.08410138248847926,3,2,0.0,0.0,0.0,0.0,0.8390804597701149,0.4591194968553459,-0.08727820494264349,0.0,0.08176100628930817
JIRA,groovy-1_6_BETA_2,LogisticRegression,868,67,0.08410138248847926,3,2,0.2972972972972973,0.7333333333333333,0.4230769230769231,0.7832095446147738,0.8275862068965517,0.8670859538784067,0.39085360270366104,0.7333333333333333,0.16352201257861634
JIRA,groovy-1_6_BETA_2,GaussianNB,868,67,0.08410138248847926,3,2,0.3333333333333333,0.13333333333333333,0.19047619047619047,0.3605260540368934,0.9022988505747126,0.6763102725366875,0.16639690657617165,0.13333333333333333,0.025157232704402517
JIRA,groovy-1_6_BETA_2,DecisionTree,868,67,0.08410138248847926,3,2,0.5,0.5333333333333333,0.5161290322580645,0.7116873975152087,0.9137931034482759,0.7448637316561844,0.46915867663759775,0.5333333333333333,0.050314465408805034
JIRA,groovy-1_6_BETA_2,RandomForest,868,67,0.08410138248847926,3,2,0.4,0.26666666666666666,0.32,0.5065607304015044,0.9022988505747126,0.9006289308176101,0.2760746479282661,0.26666666666666666,0.03773584905660377
JIRA,groovy-1_6_BETA_2,KNN,868,67,0.08410138248847926,3,2,0.3333333333333333,0.2,0.25,0.43869446108730303,0.896551724137931,0.9121593291404613,0.20563808293928845,0.2,0.03773584905660377
JIRA,groovy-1_6_BETA_2,Dummy,868,67,0.08410138248847926,3,3,0.07692307692307693,0.06666666666666667,0.07142857142857142,0.24826441574616803,0.8505747126436781,0.49559748427672956,-0.009399191301515453,0.06666666666666667,0.07547169811320754
JIRA,groovy-1_6_BETA_2,LogisticRegression,868,67,0.08410138248847926,3,3,0.358974358974359,0.9333333333333333,0.5185185185185185,0.8868950384483604,0.8505747126436781,0.878825995807128,0.5223517322862071,0.9333333333333333,0.15723270440251572
JIRA,groovy-1_6_BETA_2,GaussianNB,868,67,0.08410138248847926,3,3,0.08092485549132948,0.9333333333333333,0.14893617021276595,0.0,0.08045977011494253,0.7467505241090147,-0.24753116228179844,0.9333333333333333,1.0
JIRA,groovy-1_6_BETA_2,DecisionTree,868,67,0.08410138248847926,3,3,0.5,0.5333333333333333,0.5161290322580645,0.7116873975152087,0.9137931034482759,0.7419287211740041,0.46915867663759775,0.5333333333333333,0.050314465408805034
JIRA,groovy-1_6_BETA_2,RandomForest,868,67,0.08410138248847926,3,3,0.7272727272727273,0.5333333333333333,0.6153846153846154,0.7233743430973844,0.9425287356321839,0.9433962264150944,0.5933490157032488,0.5333333333333333,0.018867924528301886
JIRA,groovy-1_6_BETA_2,KNN,868,67,0.08410138248847926,3,3,0.36363636363636365,0.26666666666666666,0.3076923076923077,0.5049025893555562,0.896551724137931,0.8587002096436058,0.2567794028838021,0.26666666666666666,0.0440251572327044
JIRA,groovy-1_6_BETA_2,Dummy,868,67,0.08410138248847926,3,4,0.0,0.0,0.0,0.0,0.8439306358381503,0.4591194968553459,-0.0845818423204086,0.0,0.08176100628930817
JIRA,groovy-1_6_BETA_2,LogisticRegression,868,67,0.08410138248847926,3,4,0.3333333333333333,0.7142857142857143,0.45454545454545453,0.7902141827549882,0.861271676300578,0.8571428571428572,0.42391625473169314,0.7142857142857143,0.12578616352201258
JIRA,groovy-1_6_BETA_2,GaussianNB,868,67,0.08410138248847926,3,4,0.08092485549132948,1.0,0.1497326203208556,0.0,0.08092485549132948,0.6864330637915543,0.0,1.0,1.0
JIRA,groovy-1_6_BETA_2,DecisionTree,868,67,0.08410138248847926,3,4,0.4666666666666667,0.5,0.4827586206896552,0.6890883595705253,0.9132947976878613,0.722596585804133,0.435810133690021,0.5,0.050314465408805034
JIRA,groovy-1_6_BETA_2,RandomForest,868,67,0.08410138248847926,3,4,0.7272727272727273,0.5714285714285714,0.64,0.7487635810251069,0.9479768786127167,0.9523809523809523,0.6175735417829095,0.5714285714285714,0.018867924528301886
JIRA,groovy-1_6_BETA_2,KNN,868,67,0.08410138248847926,3,4,0.5555555555555556,0.35714285714285715,0.43478260869565216,0.590049261652787,0.9248554913294798,0.8423180592991913,0.4076980926237079,0.35714285714285715,0.025157232704402517
JIRA,groovy-1_6_BETA_2,Dummy,868,67,0.08410138248847926,3,5,0.0,0.0,0.0,0.0,0.8439306358381503,0.4591194968553459,-0.0845818423204086,0.0,0.08176100628930817
JIRA,groovy-1_6_BETA_2,LogisticRegression,868,67,0.08410138248847926,3,5,0.4074074074074074,0.7857142857142857,0.5365853658536586,0.8406239927665252,0.8901734104046243,0.9218328840970351,0.5148123463532561,0.7857142857142857,0.10062893081761007
JIRA,groovy-1_6_BETA_2,GaussianNB,868,67,0.08410138248847926,3,5,0.08092485549132948,1.0,0.1497326203208556,0.0,0.08092485549132948,0.6217430368373765,0.0,1.0,1.0
JIRA,groovy-1_6_BETA_2,DecisionTree,868,67,0.08410138248847926,3,5,0.6666666666666666,0.7142857142857143,0.6896551724137931,0.831759520156559,0.9479768786127167,0.8447888589398024,0.6617696335752566,0.7142857142857143,0.031446540880503145
JIRA,groovy-1_6_BETA_2,RandomForest,868,67,0.08410138248847926,3,5,1.0,0.5,0.6666666666666666,0.7071067811865476,0.9595375722543352,0.9811320754716981,0.6920373274980205,0.5,0.0
JIRA,groovy-1_6_BETA_2,KNN,868,67,0.08410138248847926,3,5,0.8333333333333334,0.7142857142857143,0.7692307692307693,0.839821997997109,0.9653179190751445,0.9025157232704403,0.7532079382386706,0.7142857142857143,0.012578616352201259
JIRA,hbase-0.95.2,Dummy,1821,67,0.2652388797364086,1,1,0.2247191011235955,0.20618556701030927,0.21505376344086022,0.39128056046328313,0.6,0.4743614402215725,-0.05275059236329673,0.20618556701030927,0.2574626865671642
JIRA,hbase-0.95.2,LogisticRegression,1821,67,0.2652388797364086,1,1,0.5245901639344263,0.6597938144329897,0.5844748858447488,0.7190289394642223,0.7506849315068493,0.7800815510078474,0.4151856158872474,0.6597938144329897,0.21641791044776118
JIRA,hbase-0.95.2,GaussianNB,1821,67,0.2652388797364086,1,1,0.5,0.020618556701030927,0.039603960396039604,0.14305483869797564,0.7342465753424657,0.7327281120172334,0.05581992457065581,0.020618556701030927,0.007462686567164179
JIRA,hbase-0.95.2,DecisionTree,1821,67,0.2652388797364086,1,1,0.38016528925619836,0.4742268041237113,0.42201834862385323,0.5843920593994161,0.6547945205479452,0.6007847361132483,0.1823931130127677,0.4742268041237113,0.2798507462686567
JIRA,hbase-0.95.2,RandomForest,1821,67,0.2652388797364086,1,1,0.6111111111111112,0.3402061855670103,0.4370860927152318,0.5599537821914331,0.7671232876712328,0.7693491306354824,0.3257807449364872,0.3402061855670103,0.07835820895522388
JIRA,hbase-0.95.2,KNN,1821,67,0.2652388797364086,1,1,0.6274509803921569,0.32989690721649484,0.43243243243243246,0.5536322729440329,0.7698630136986301,0.7631558701338668,0.3299935400635786,0.32989690721649484,0.0708955223880597
JIRA,hbase-0.95.2,Dummy,1821,67,0.2652388797364086,1,2,0.2840909090909091,0.2604166666666667,0.2717391304347826,0.4463175057292712,0.6318681318681318,0.5126710199004976,0.026082469312959877,0.2604166666666667,0.23507462686567165
JIRA,hbase-0.95.2,LogisticRegression,1821,67,0.2652388797364086,1,2,0.5137614678899083,0.5833333333333334,0.5463414634146342,0.6840852555171179,0.7445054945054945,0.7690842661691543,0.37095849371801903,0.5833333333333334,0.19776119402985073
JIRA,hbase-0.95.2,GaussianNB,1821,67,0.2652388797364086,1,2,0.6666666666666666,0.020833333333333332,0.04040404040404041,0.14406802912140282,0.739010989010989,0.7231421019900498,0.0833557252753944,0.020833333333333332,0.0037313432835820895
JIRA,hbase-0.95.2,DecisionTree,1821,67,0.2652388797364086,1,2,0.4369747899159664,0.5416666666666666,0.48372093023255813,0.6373774391990981,0.695054945054945,0.6474269278606966,0.2739891019934999,0.5416666666666666,0.25
JIRA,hbase-0.95.2,RandomForest,1821,67,0.2652388797364086,1,2,0.6612903225806451,0.4270833333333333,0.5189873417721519,0.6273897100357213,0.7912087912087912,0.7973802860696517,0.40877745470216853,0.4270833333333333,0.07835820895522388
JIRA,hbase-0.95.2,KNN,1821,67,0.2652388797364086,1,2,0.6538461538461539,0.3541666666666667,0.4594594594594595,0.5747863544255647,0.7802197802197802,0.7071867226368159,0.36141793955406964,0.3541666666666667,0.06716417910447761
JIRA,hbase-0.95.2,Dummy,1821,67,0.2652388797364086,1,3,0.3068181818181818,0.28125,0.29347826086956524,0.4660838355822317,0.6428571428571429,0.5268190298507462,0.05520522645994575,0.28125,0.22761194029850745
JIRA,hbase-0.95.2,LogisticRegression,1821,67,0.2652388797364086,1,3,0.48695652173913045,0.5833333333333334,0.5308056872037915,0.6744723384419729,0.728021978021978,0.7466573383084578,0.3442557655603815,0.5833333333333334,0.22014925373134328
JIRA,hbase-0.95.2,GaussianNB,1821,67,0.2652388797364086,1,3,0.42857142857142855,0.03125,0.05825242718446602,0.17545250664938428,0.7335164835164835,0.7437033582089553,0.05237971713688202,0.03125,0.014925373134328358
JIRA,hbase-0.95.2,DecisionTree,1821,67,0.2652388797364086,1,3,0.39285714285714285,0.4583333333333333,0.4230769230769231,0.584841688831281,0.6703296703296703,0.6079757462686566,0.19534557832107813,0.4583333333333333,0.2537313432835821
JIRA,hbase-0.95.2,RandomForest,1821,67,0.2652388797364086,1,3,0.6557377049180327,0.4166666666666667,0.5095541401273885,0.619691385235686,0.7884615384615384,0.7840096393034827,0.3991440292218226,0.4166666666666667,0.07835820895522388
JIRA,hbase-0.95.2,KNN,1821,67,0.2652388797364086,1,3,0.5967741935483871,0.3854166666666667,0.46835443037974683,0.5911544801513265,0.7692307692307693,0.7328980099502487,0.3424399631677997,0.3854166666666667,0.09328358208955224
JIRA,hbase-0.95.2,Dummy,1821,67,0.2652388797364086,1,4,0.32954545454545453,0.29896907216494845,0.31351351351351353,0.4826020569340371,0.6510989010989011,0.5389976446967064,0.08054043937948377,0.29896907216494845,0.2209737827715356
JIRA,hbase-0.95.2,LogisticRegression,1821,67,0.2652388797364086,1,4,0.4621212121212121,0.6288659793814433,0.5327510917030568,0.6794405386333949,0.7060439560439561,0.7665933047608015,0.3337762244177553,0.6288659793814433,0.26591760299625467
JIRA,hbase-0.95.2,GaussianNB,1821,67,0.2652388797364086,1,4,1.0,0.010309278350515464,0.02040816326530612,0.1015346165133619,0.7362637362637363,0.6561643306691378,0.08707960513069628,0.010309278350515464,0.0
JIRA,hbase-0.95.2,DecisionTree,1821,67,0.2652388797364086,1,4,0.4049586776859504,0.5051546391752577,0.44954128440366975,0.6073986857432307,0.6703296703296703,0.6267616510289972,0.22101477806579967,0.5051546391752577,0.2696629213483146
JIRA,hbase-0.95.2,RandomForest,1821,67,0.2652388797364086,1,4,0.6363636363636364,0.5051546391752577,0.5632183908045977,0.6724430242293998,0.7912087912087912,0.7766323024054983,0.433336518459986,0.5051546391752577,0.10486891385767791
JIRA,hbase-0.95.2,KNN,1821,67,0.2652388797364086,1,4,0.578125,0.38144329896907214,0.45962732919254656,0.5855513479583111,0.760989010989011,0.7148731611259123,0.32557009671055265,0.38144329896907214,0.10112359550561797
JIRA,hbase-0.95.2,Dummy,1821,67,0.2652388797364086,1,5,0.23863636363636365,0.21649484536082475,0.22702702702702704,0.40270140736189947,0.6071428571428571,0.48277925788640497,-0.03556538214183144,0.21649484536082475,0.250936329588015
JIRA,hbase-0.95.2,LogisticRegression,1821,67,0.2652388797364086,1,5,0.4846153846153846,0.6494845360824743,0.5550660792951542,0.6974992978303014,0.7225274725274725,0.7736012973473879,0.36774159217299845,0.6494845360824743,0.250936329588015
JIRA,hbase-0.95.2,GaussianNB,1821,67,0.2652388797364086,1,5,0.3333333333333333,0.010309278350515464,0.02,0.10115362223721948,0.7307692307692307,0.6944283563071934,0.013783741951497954,0.010309278350515464,0.00749063670411985
JIRA,hbase-0.95.2,DecisionTree,1821,67,0.2652388797364086,1,5,0.4358974358974359,0.5257731958762887,0.4766355140186916,0.629131773086425,0.6923076923076923,0.6544075060813159,0.26372629290378735,0.5257731958762887,0.24719101123595505
JIRA,hbase-0.95.2,RandomForest,1821,67,0.2652388797364086,1,5,0.625,0.41237113402061853,0.4968944099378882,0.6126206540707276,0.7774725274725275,0.7841036333449167,0.3745401443149498,0.41237113402061853,0.0898876404494382
JIRA,hbase-0.95.2,KNN,1821,67,0.2652388797364086,1,5,0.4864864864864865,0.3711340206185567,0.42105263157894735,0.5641927404670243,0.728021978021978,0.7239275647708405,0.2513652801397485,0.3711340206185567,0.14232209737827714
JIRA,hbase-0.95.2,Dummy,1821,67,0.2652388797364086,2,1,0.3595505617977528,0.32989690721649484,0.34408602150537637,0.5096393494448195,0.6657534246575343,0.5586051700261578,0.12057843580717566,0.32989690721649484,0.2126865671641791
JIRA,hbase-0.95.2,LogisticRegression,1821,67,0.2652388797364086,2,1,0.57,0.5876288659793815,0.5786802030456852,0.7023853144962551,0.7726027397260274,0.7819856901061701,0.42309935354192796,0.5876288659793815,0.16044776119402984
JIRA,hbase-0.95.2,GaussianNB,1821,67,0.2652388797364086,2,1,0.6,0.030927835051546393,0.058823529411764705,0.17520568002309672,0.736986301369863,0.7075896291737189,0.08917442513122854,0.030927835051546393,0.007462686567164179
JIRA,hbase-0.95.2,DecisionTree,1821,67,0.2652388797364086,2,1,0.45348837209302323,0.4020618556701031,0.4262295081967213,0.5758046611893317,0.7123287671232876,0.6188452069549162,0.2359564479180769,0.4020618556701031,0.17537313432835822
JIRA,hbase-0.95.2,RandomForest,1821,67,0.2652388797364086,2,1,0.7457627118644068,0.4536082474226804,0.5641025641025641,0.6543849983852851,0.8136986301369863,0.7854862286505616,0.47714956591355234,0.4536082474226804,0.055970149253731345
JIRA,hbase-0.95.2,KNN,1821,67,0.2652388797364086,2,1,0.6229508196721312,0.3917525773195876,0.4810126582278481,0.598441325704381,0.7753424657534247,0.7375942452685029,0.36222298818460963,0.3917525773195876,0.08582089552238806
JIRA,hbase-0.95.2,Dummy,1821,67,0.2652388797364086,2,2,0.23863636363636365,0.21875,0.22826086956521738,0.4050462936504913,0.6098901098901099,0.484375,-0.03216304498101187,0.21875,0.25
JIRA,hbase-0.95.2,LogisticRegression,1821,67,0.2652388797364086,2,2,0.504,0.65625,0.5701357466063348,0.7102330393253005,0.739010989010989,0.7784514925373136,0.39431441371866705,0.65625,0.23134328358208955
JIRA,hbase-0.95.2,GaussianNB,1821,67,0.2652388797364086,2,2,1.0,0.03125,0.06060606060606061,0.1767766952966369,0.7445054945054945,0.6852845149253731,0.15231364345776613,0.03125,0.0
JIRA,hbase-0.95.2,DecisionTree,1821,67,0.2652388797364086,2,2,0.44642857142857145,0.5208333333333334,0.4807692307692308,0.6327258804577185,0.7032967032967034,0.6594371890547264,0.2763932118798233,0.5208333333333334,0.23134328358208955
JIRA,hbase-0.95.2,RandomForest,1821,67,0.2652388797364086,2,2,0.6029411764705882,0.4270833333333333,0.5,0.6197227453422436,0.7747252747252747,0.7482509328358209,0.36895135060993567,0.4270833333333333,0.10074626865671642
JIRA,hbase-0.95.2,KNN,1821,67,0.2652388797364086,2,2,0.49122807017543857,0.2916666666666667,0.3660130718954248,0.5100056091780117,0.7335164835164835,0.7061955845771144,0.22244997922527696,0.2916666666666667,0.10820895522388059
JIRA,hbase-0.95.2,Dummy,1821,67,0.2652388797364086,2,3,0.25,0.22916666666666666,0.2391304347826087,0.4156081080807827,0.6153846153846154,0.49144900497512445,-0.017601666407518934,0.22916666666666666,0.2462686567164179
JIRA,hbase-0.95.2,LogisticRegression,1821,67,0.2652388797364086,2,3,0.44274809160305345,0.6041666666666666,0.5110132158590308,0.6630225340039468,0.695054945054945,0.750038868159204,0.304605530711976,0.6041666666666666,0.27238805970149255
JIRA,hbase-0.95.2,GaussianNB,1821,67,0.2652388797364086,2,3,0.0,0.0,0.0,0.0,0.7307692307692307,0.6923585199004975,-0.04448657102134204,0.0,0.007462686567164179
JIRA,hbase-0.95.2,DecisionTree,1821,67,0.2652388797364086,2,3,0.46,0.4791666666666667,0.46938775510204084,0.6185613625211165,0.7142857142857143,0.6516246890547264,0.27411731480608137,0.4791666666666667,0.20149253731343283
JIRA,hbase-0.95.2,RandomForest,1821,67,0.2652388797364086,2,3,0.6290322580645161,0.40625,0.4936708860759494,0.6094138669197066,0.7802197802197802,0.7760805348258707,0.3756087089349841,0.40625,0.08582089552238806
JIRA,hbase-0.95.2,KNN,1821,67,0.2652388797364086,2,3,0.6333333333333333,0.3958333333333333,0.48717948717948717,0.602776535905974,0.7802197802197802,0.7263292910447761,0.37261962351234484,0.3958333333333333,0.08208955223880597
JIRA,hbase-0.95.2,Dummy,1821,67,0.2652388797364086,2,4,0.26136363636363635,0.23711340206185566,0.24864864864864866,0.42354358170659323,0.6181318681318682,0.4968338545889803,-0.006538926761502643,0.23711340206185566,0.24344569288389514
JIRA,hbase-0.95.2,LogisticRegression,1821,67,0.2652388797364086,2,4,0.4915254237288136,0.5979381443298969,0.5395348837209303,0.680859766771816,0.728021978021978,0.7436966678250124,0.3525305315177703,0.5979381443298969,0.2247191011235955
JIRA,hbase-0.95.2,GaussianNB,1821,67,0.2652388797364086,2,4,0.2,0.010309278350515464,0.0196078431372549,0.10077118751361792,0.7252747252747253,0.7420942893548014,-0.017746456384235332,0.010309278350515464,0.0149812734082397
JIRA,hbase-0.95.2,DecisionTree,1821,67,0.2652388797364086,2,4,0.37719298245614036,0.44329896907216493,0.4075829383886256,0.5704541785330212,0.6565934065934066,0.594366577860149,0.16909355821532768,0.44329896907216493,0.26591760299625467
JIRA,hbase-0.95.2,RandomForest,1821,67,0.2652388797364086,2,4,0.6938775510204082,0.35051546391752575,0.4657534246575342,0.5751726557496967,0.7857142857142857,0.7901077261670335,0.3812686573556272,0.35051546391752575,0.056179775280898875
JIRA,hbase-0.95.2,KNN,1821,67,0.2652388797364086,2,4,0.5614035087719298,0.32989690721649484,0.4155844155844156,0.546815950475433,0.7527472527472527,0.7118421560678019,0.2874301620965093,0.32989690721649484,0.09363295880149813
JIRA,hbase-0.95.2,Dummy,1821,67,0.2652388797364086,2,5,0.26136363636363635,0.23711340206185566,0.24864864864864866,0.42354358170659323,0.6181318681318682,0.4968338545889803,-0.006538926761502643,0.23711340206185566,0.24344569288389514
JIRA,hbase-0.95.2,LogisticRegression,1821,67,0.2652388797364086,2,5,0.4744525547445255,0.6701030927835051,0.5555555555555556,0.6995721086342453,0.7142857142857143,0.7808409591103904,0.36543145261831345,0.6701030927835051,0.2696629213483146
JIRA,hbase-0.95.2,GaussianNB,1821,67,0.2652388797364086,2,5,0.5,0.010309278350515464,0.020202020202020204,0.10134429841442874,0.7335164835164835,0.7019769103054172,0.03925890122767321,0.010309278350515464,0.003745318352059925
JIRA,hbase-0.95.2,DecisionTree,1821,67,0.2652388797364086,2,5,0.39316239316239315,0.4742268041237113,0.42990654205607476,0.5900182616619248,0.6648351648351648,0.6195992123248002,0.19720074154066983,0.4742268041237113,0.26591760299625467
JIRA,hbase-0.95.2,RandomForest,1821,67,0.2652388797364086,2,5,0.6176470588235294,0.4329896907216495,0.509090909090909,0.62516069983159,0.7774725274725275,0.7615351944090505,0.380695644347935,0.4329896907216495,0.09737827715355805
JIRA,hbase-0.95.2,KNN,1821,67,0.2652388797364086,2,5,0.5507246376811594,0.3917525773195876,0.4578313253012048,0.5884455758039404,0.7527472527472527,0.7282906675933434,0.3109283561501613,0.3917525773195876,0.11610486891385768
JIRA,hbase-0.95.2,Dummy,1821,67,0.2652388797364086,3,1,0.29213483146067415,0.26804123711340205,0.27956989247311825,0.4528040893304256,0.6328767123287671,0.5164833051238652,0.03391392172193946,0.26804123711340205,0.23507462686567165
JIRA,hbase-0.95.2,LogisticRegression,1821,67,0.2652388797364086,3,1,0.5217391304347826,0.6185567010309279,0.5660377358490566,0.7011519767326291,0.7479452054794521,0.7955454685336207,0.39303771942286503,0.6185567010309279,0.20522388059701493
JIRA,hbase-0.95.2,GaussianNB,1821,67,0.2652388797364086,3,1,0.6,0.030927835051546393,0.058823529411764705,0.17520568002309672,0.736986301369863,0.722226496384059,0.08917442513122854,0.030927835051546393,0.007462686567164179
JIRA,hbase-0.95.2,DecisionTree,1821,67,0.2652388797364086,3,1,0.4205607476635514,0.4639175257731959,0.4411764705882353,0.5971543536218639,0.6876712328767123,0.6348476688721343,0.22569042630227576,0.4639175257731959,0.23134328358208955
JIRA,hbase-0.95.2,RandomForest,1821,67,0.2652388797364086,3,1,0.6727272727272727,0.38144329896907214,0.4868421052631579,0.5965098263389386,0.7863013698630137,0.7845437759655332,0.38806689943056244,0.38144329896907214,0.06716417910447761
JIRA,hbase-0.95.2,KNN,1821,67,0.2652388797364086,3,1,0.6666666666666666,0.41237113402061853,0.5095541401273885,0.6177355168639724,0.7890410958904109,0.7499615325434683,0.4025461773805792,0.41237113402061853,0.07462686567164178
JIRA,hbase-0.95.2,Dummy,1821,67,0.2652388797364086,3,2,0.17045454545454544,0.15625,0.16304347826086957,0.3371785367896981,0.5769230769230769,0.44193097014925375,-0.11953131642196949,0.15625,0.27238805970149255
JIRA,hbase-0.95.2,LogisticRegression,1821,67,0.2652388797364086,3,2,0.5271317829457365,0.7083333333333334,0.6044444444444445,0.739667634113609,0.7554945054945055,0.8179415422885572,0.44286124512791103,0.7083333333333334,0.22761194029850745
JIRA,hbase-0.95.2,GaussianNB,1821,67,0.2652388797364086,3,2,0.6363636363636364,0.07291666666666667,0.1308411214953271,0.26800813086351544,0.7445054945054945,0.7490671641791046,0.1492732932677163,0.07291666666666667,0.014925373134328358
JIRA,hbase-0.95.2,DecisionTree,1821,67,0.2652388797364086,3,2,0.3893805309734513,0.4583333333333333,0.42105263157894735,0.5833777523955209,0.6675824175824175,0.6030589241293531,0.19131252732469473,0.4583333333333333,0.2574626865671642
JIRA,hbase-0.95.2,RandomForest,1821,67,0.2652388797364086,3,2,0.6461538461538462,0.4375,0.5217391304347826,0.6324186573852445,0.7884615384615384,0.8295048196517414,0.40462927970046236,0.4375,0.08582089552238806
JIRA,hbase-0.95.2,KNN,1821,67,0.2652388797364086,3,2,0.6212121212121212,0.4270833333333333,0.5061728395061729,0.6222888960517082,0.7802197802197802,0.7202464241293531,0.38177626287038163,0.4270833333333333,0.09328358208955224
JIRA,hbase-0.95.2,Dummy,1821,67,0.2652388797364086,3,3,0.22727272727272727,0.20833333333333334,0.21739130434782608,0.39430018617281987,0.6043956043956044,0.4773009950248756,-0.04672442355450481,0.20833333333333334,0.2537313432835821
JIRA,hbase-0.95.2,LogisticRegression,1821,67,0.2652388797364086,3,3,0.5185185185185185,0.5833333333333334,0.5490196078431373,0.6856743058707562,0.7472527472527473,0.7627098880597015,0.37554280167634124,0.5833333333333334,0.19402985074626866
JIRA,hbase-0.95.2,GaussianNB,1821,67,0.2652388797364086,3,3,0.0,0.0,0.0,0.0,0.728021978021978,0.6949626865671642,-0.054560111089349064,0.0,0.011194029850746268
JIRA,hbase-0.95.2,DecisionTree,1821,67,0.2652388797364086,3,3,0.42,0.4375,0.42857142857142855,0.5855059044784301,0.6923076923076923,0.6118431281094527,0.21825018009756308,0.4375,0.21641791044776118
JIRA,hbase-0.95.2,RandomForest,1821,67,0.2652388797364086,3,3,0.5942028985507246,0.4270833333333333,0.49696969696969695,0.6184356769844089,0.771978021978022,0.7709110696517412,0.36269329374628373,0.4270833333333333,0.1044776119402985
JIRA,hbase-0.95.2,KNN,1821,67,0.2652388797364086,3,3,0.6491228070175439,0.3854166666666667,0.48366013071895425,0.5972053489845193,0.782967032967033,0.7411380597014925,0.37684534616214294,0.3854166666666667,0.07462686567164178
JIRA,hbase-0.95.2,Dummy,1821,67,0.2652388797364086,3,4,0.2840909090909091,0.25773195876288657,0.2702702702702703,0.44375533794385635,0.6291208791208791,0.5108884512915556,0.02248752861882616,0.25773195876288657,0.23595505617977527
JIRA,hbase-0.95.2,LogisticRegression,1821,67,0.2652388797364086,3,4,0.4188034188034188,0.5051546391752577,0.45794392523364486,0.613596792043056,0.6813186813186813,0.7219583767713039,0.23711607235854035,0.5051546391752577,0.2546816479400749
JIRA,hbase-0.95.2,GaussianNB,1821,67,0.2652388797364086,3,4,0.4,0.020618556701030927,0.0392156862745098,0.14278265834692547,0.7307692307692307,0.6435769720838643,0.035639577697265994,0.020618556701030927,0.011235955056179775
JIRA,hbase-0.95.2,DecisionTree,1821,67,0.2652388797364086,3,4,0.4158415841584158,0.4329896907216495,0.42424242424242425,0.580784229177936,0.6868131868131868,0.6112784277385228,0.20934923814209494,0.4329896907216495,0.2209737827715356
JIRA,hbase-0.95.2,RandomForest,1821,67,0.2652388797364086,3,4,0.5652173913043478,0.4020618556701031,0.46987951807228917,0.5973996704627212,0.7582417582417582,0.7484072744121395,0.3267818260533212,0.4020618556701031,0.11235955056179775
JIRA,hbase-0.95.2,KNN,1821,67,0.2652388797364086,3,4,0.5,0.31958762886597936,0.389937106918239,0.5314903095165557,0.7335164835164835,0.698501872659176,0.23931493420776875,0.31958762886597936,0.11610486891385768
JIRA,hbase-0.95.2,Dummy,1821,67,0.2652388797364086,3,5,0.38636363636363635,0.35051546391752575,0.3675675675675676,0.528795514290927,0.6785714285714286,0.5741341364531448,0.15310657783030576,0.35051546391752575,0.20224719101123595
JIRA,hbase-0.95.2,LogisticRegression,1821,67,0.2652388797364086,3,5,0.49624060150375937,0.6804123711340206,0.5739130434782609,0.7139132917346275,0.7307692307692307,0.7644503648789529,0.39431984004548654,0.6804123711340206,0.250936329588015
JIRA,hbase-0.95.2,GaussianNB,1821,67,0.2652388797364086,3,5,0.5,0.020618556701030927,0.039603960396039604,0.1430528244510405,0.7335164835164835,0.7384261940615467,0.05567448048296857,0.020618556701030927,0.00749063670411985
JIRA,hbase-0.95.2,DecisionTree,1821,67,0.2652388797364086,3,5,0.42342342342342343,0.4845360824742268,0.4519230769230769,0.6069535419049521,0.6868131868131868,0.6272829066759334,0.23512267029645975,0.4845360824742268,0.2397003745318352
JIRA,hbase-0.95.2,RandomForest,1821,67,0.2652388797364086,3,5,0.6,0.4329896907216495,0.5029940119760479,0.6225612677834192,0.771978021978022,0.7661492721726707,0.3680887496099394,0.4329896907216495,0.10486891385767791
JIRA,hbase-0.95.2,KNN,1821,67,0.2652388797364086,3,5,0.49333333333333335,0.38144329896907214,0.43023255813953487,0.5719750769298472,0.7307692307692307,0.7005868952469207,0.26138461953374853,0.38144329896907214,0.14232209737827714
JIRA,hive-0.12.0,Dummy,2537,67,0.08277493102089081,1,1,0.06818181818181818,0.07142857142857142,0.06976744186046512,0.25523339002651424,0.84251968503937,0.4917228694052728,-0.016208472113360003,0.07142857142857142,0.08798283261802575
JIRA,hive-0.12.0,LogisticRegression,2537,67,0.08277493102089081,1,1,0.21568627450980393,0.7857142857142857,0.3384615384615385,0.7637960635746077,0.7460629921259843,0.8214796648273044,0.31707283252906326,0.7857142857142857,0.2575107296137339
JIRA,hive-0.12.0,GaussianNB,2537,67,0.08277493102089081,1,1,0.08316831683168317,1.0,0.15356489945155394,0.08023570427399106,0.08858267716535433,0.7456570611077048,0.023139108641039373,1.0,0.9935622317596566
JIRA,hive-0.12.0,DecisionTree,2537,67,0.08277493102089081,1,1,0.3617021276595745,0.40476190476190477,0.38202247191011235,0.6153895281918064,0.8917322834645669,0.6720825669323522,0.32350994300195157,0.40476190476190477,0.06437768240343347
JIRA,hive-0.12.0,RandomForest,2537,67,0.08277493102089081,1,1,0.6153846153846154,0.19047619047619047,0.2909090909090909,0.43408807231583213,0.9232283464566929,0.863325158389536,0.31347575421655943,0.19047619047619047,0.01072961373390558
JIRA,hive-0.12.0,KNN,2537,67,0.08277493102089081,1,1,0.47619047619047616,0.23809523809523808,0.31746031746031744,0.48215657647139987,0.9153543307086615,0.7697475986102595,0.29672265256221403,0.23809523809523808,0.023605150214592276
JIRA,hive-0.12.0,Dummy,2537,67,0.08277493102089081,1,2,0.09090909090909091,0.09523809523809523,0.09302325581395349,0.2950646563735376,0.8464566929133859,0.5047005926834254,0.009204811323636547,0.09523809523809523,0.08583690987124463
JIRA,hive-0.12.0,LogisticRegression,2537,67,0.08277493102089081,1,2,0.19375,0.7380952380952381,0.3069306930693069,0.7305975202274069,0.7244094488188977,0.8232168403842224,0.2734792206283202,0.7380952380952381,0.27682403433476394
JIRA,hive-0.12.0,GaussianNB,2537,67,0.08277493102089081,1,2,0.3333333333333333,0.07142857142857142,0.11764705882352941,0.26553510173116385,0.9114173228346457,0.712241978336399,0.12223497458345332,0.07142857142857142,0.012875536480686695
JIRA,hive-0.12.0,DecisionTree,2537,67,0.08277493102089081,1,2,0.34782608695652173,0.38095238095238093,0.36363636363636365,0.5970155354432553,0.889763779527559,0.6606376456161864,0.3038042897978724,0.38095238095238093,0.06437768240343347
JIRA,hive-0.12.0,RandomForest,2537,67,0.08277493102089081,1,2,0.7272727272727273,0.19047619047619047,0.3018867924528302,0.4350286759589547,0.9271653543307087,0.868689965256489,0.34821828158296575,0.19047619047619047,0.006437768240343348
JIRA,hive-0.12.0,KNN,2537,67,0.08277493102089081,1,2,0.3684210526315789,0.16666666666666666,0.22950819672131148,0.4029575922762896,0.90748031496063,0.8067392192928673,0.2045245417439375,0.16666666666666666,0.02575107296137339
JIRA,hive-0.12.0,Dummy,2537,67,0.08277493102089081,1,3,0.06818181818181818,0.07142857142857142,0.06976744186046512,0.25520691283030483,0.8422090729783037,0.49162826420890937,-0.016393806219326453,0.07142857142857142,0.08817204301075268
JIRA,hive-0.12.0,LogisticRegression,2537,67,0.08277493102089081,1,3,0.19863013698630136,0.6904761904761905,0.30851063829787234,0.7188487125829616,0.7435897435897436,0.7993343573988736,0.26714702650915506,0.6904761904761905,0.25161290322580643
JIRA,hive-0.12.0,GaussianNB,2537,67,0.08277493102089081,1,3,0.08016032064128256,0.9523809523809523,0.1478743068391867,0.11085479909473865,0.09072978303747535,0.6929339477726575,-0.07678622301771115,0.9523809523809523,0.9870967741935484
JIRA,hive-0.12.0,DecisionTree,2537,67,0.08277493102089081,1,3,0.2926829268292683,0.2857142857142857,0.2891566265060241,0.5175862684759905,0.883629191321499,0.6150025601638504,0.22581337039268742,0.2857142857142857,0.06236559139784946
JIRA,hive-0.12.0,RandomForest,2537,67,0.08277493102089081,1,3,0.8333333333333334,0.23809523809523808,0.37037037037037035,0.4868995507854197,0.9329388560157791,0.8934971838197645,0.42392747367953093,0.23809523809523808,0.004301075268817204
JIRA,hive-0.12.0,KNN,2537,67,0.08277493102089081,1,3,0.5,0.16666666666666666,0.25,0.4051638015583203,0.9171597633136095,0.765284178187404,0.2550350134346313,0.16666666666666666,0.015053763440860216
JIRA,hive-0.12.0,Dummy,2537,67,0.08277493102089081,1,4,0.13636363636363635,0.14285714285714285,0.13953488372093023,0.3621916560316164,0.854043392504931,0.5305683563748079,0.05985995298432961,0.14285714285714285,0.08172043010752689
JIRA,hive-0.12.0,LogisticRegression,2537,67,0.08277493102089081,1,4,0.2706766917293233,0.8571428571428571,0.4114285714285714,0.8236146027268365,0.796844181459566,0.8873015873015873,0.40637477351952933,0.8571428571428571,0.2086021505376344
JIRA,hive-0.12.0,GaussianNB,2537,67,0.08277493102089081,1,4,0.08383233532934131,1.0,0.15469613259668508,0.11359236684941296,0.09467455621301775,0.6288274449564771,0.03288932277558573,1.0,0.9870967741935484
JIRA,hive-0.12.0,DecisionTree,2537,67,0.08277493102089081,1,4,0.3409090909090909,0.35714285714285715,0.3488372093023256,0.5786790402663856,0.8895463510848126,0.648873527905786,0.2886212305952978,0.35714285714285715,0.06236559139784946
JIRA,hive-0.12.0,RandomForest,2537,67,0.08277493102089081,1,4,0.8888888888888888,0.19047619047619047,0.3137254901960784,0.43596624211068524,0.9309664694280079,0.9170506912442397,0.3931195818218636,0.19047619047619047,0.002150537634408602
JIRA,hive-0.12.0,KNN,2537,67,0.08277493102089081,1,4,0.6363636363636364,0.16666666666666666,0.2641509433962264,0.40648859136560556,0.9230769230769231,0.7540962621607783,0.2990531126173323,0.16666666666666666,0.008602150537634409
JIRA,hive-0.12.0,Dummy,2537,67,0.08277493102089081,1,5,0.045454545454545456,0.047619047619047616,0.046511627906976744,0.2081297007883075,0.8382642998027613,0.4786482334869432,-0.04181172595387847,0.047619047619047616,0.09032258064516129
JIRA,hive-0.12.0,LogisticRegression,2537,67,0.08277493102089081,1,5,0.19736842105263158,0.7142857142857143,0.30927835051546393,0.7258661863112977,0.7357001972386588,0.8075268817204302,0.2718797306314846,0.7142857142857143,0.2623655913978495
JIRA,hive-0.12.0,GaussianNB,2537,67,0.08277493102089081,1,5,0.082,0.9761904761904762,0.15129151291512916,0.11223193014643043,0.09270216962524655,0.6154121863799283,-0.02576288290575293,0.9761904761904762,0.9870967741935484
JIRA,hive-0.12.0,DecisionTree,2537,67,0.08277493102089081,1,5,0.34615384615384615,0.42857142857142855,0.3829787234042553,0.6302658352167557,0.8856015779092702,0.6803123399897594,0.3229431800861987,0.42857142857142855,0.07311827956989247
JIRA,hive-0.12.0,RandomForest,2537,67,0.08277493102089081,1,5,0.6,0.21428571428571427,0.3157894736842105,0.4599138368511964,0.9230769230769231,0.8671018945212493,0.3276005663233993,0.21428571428571427,0.012903225806451613
JIRA,hive-0.12.0,KNN,2537,67,0.08277493102089081,1,5,0.4666666666666667,0.16666666666666666,0.24561403508771928,0.40472124129346343,0.9151873767258383,0.8005632360471069,0.24313909308365178,0.16666666666666666,0.017204301075268817
JIRA,hive-0.12.0,Dummy,2537,67,0.08277493102089081,2,1,0.06818181818181818,0.07142857142857142,0.06976744186046512,0.25523339002651424,0.84251968503937,0.4917228694052728,-0.016208472113360003,0.07142857142857142,0.08798283261802575
JIRA,hive-0.12.0,LogisticRegression,2537,67,0.08277493102089081,2,1,0.2191780821917808,0.7619047619047619,0.3404255319148936,0.7586277369877812,0.7559055118110236,0.8413549969343961,0.31477759998545074,0.7619047619047619,0.2446351931330472
JIRA,hive-0.12.0,GaussianNB,2537,67,0.08277493102089081,2,1,0.0,0.0,0.0,0.0,0.9173228346456693,0.6591048436541999,0.0,0.0,0.0
JIRA,hive-0.12.0,DecisionTree,2537,67,0.08277493102089081,2,1,0.3695652173913043,0.40476190476190477,0.38636363636363635,0.6160948459341249,0.8937007874015748,0.6706774984671979,0.3287127112338503,0.40476190476190477,0.06223175965665236
JIRA,hive-0.12.0,RandomForest,2537,67,0.08277493102089081,2,1,0.75,0.2857142857142857,0.41379310344827586,0.532223451733487,0.9330708661417323,0.8571173104434906,0.43697796174385306,0.2857142857142857,0.008583690987124463
JIRA,hive-0.12.0,KNN,2537,67,0.08277493102089081,2,1,0.6842105263157895,0.30952380952380953,0.4262295081967213,0.5527553929385444,0.9311023622047244,0.7945534436950746,0.43055456467197284,0.30952380952380953,0.012875536480686695
JIRA,hive-0.12.0,Dummy,2537,67,0.08277493102089081,2,2,0.06818181818181818,0.07142857142857142,0.06976744186046512,0.25523339002651424,0.84251968503937,0.4917228694052728,-0.016208472113360003,0.07142857142857142,0.08798283261802575
JIRA,hive-0.12.0,LogisticRegression,2537,67,0.08277493102089081,2,2,0.21379310344827587,0.7380952380952381,0.3315508021390374,0.7466800968106938,0.7539370078740157,0.8188228080931942,0.3009069951735396,0.7380952380952381,0.2446351931330472
JIRA,hive-0.12.0,GaussianNB,2537,67,0.08277493102089081,2,2,0.08151093439363817,0.9761904761904762,0.15045871559633028,0.09153861148276682,0.08858267716535433,0.674024116084202,-0.04247463601026822,0.9761904761904762,0.9914163090128756
JIRA,hive-0.12.0,DecisionTree,2537,67,0.08277493102089081,2,2,0.38095238095238093,0.38095238095238093,0.38095238095238093,0.5997478862651383,0.8976377952755905,0.6633966891477621,0.32515838953607196,0.38095238095238093,0.055793991416309016
JIRA,hive-0.12.0,RandomForest,2537,67,0.08277493102089081,2,2,1.0,0.23809523809523808,0.38461538461538464,0.4879500364742666,0.937007874015748,0.8938279174330678,0.4720126541603646,0.23809523809523808,0.0
JIRA,hive-0.12.0,KNN,2537,67,0.08277493102089081,2,2,0.625,0.23809523809523808,0.3448275862068966,0.4847985500919583,0.9251968503937008,0.7844369507459636,0.355125157700388,0.23809523809523808,0.012875536480686695
JIRA,hive-0.12.0,Dummy,2537,67,0.08277493102089081,2,3,0.09090909090909091,0.09523809523809523,0.09302325581395349,0.2950348639000799,0.8461538461538461,0.5046082949308757,0.009024113515225569,0.09523809523809523,0.08602150537634409
JIRA,hive-0.12.0,LogisticRegression,2537,67,0.08277493102089081,2,3,0.2037037037037037,0.7857142857142857,0.3235294117647059,0.7534865197758159,0.727810650887574,0.8484383000512032,0.30046912026230144,0.7857142857142857,0.27741935483870966
JIRA,hive-0.12.0,GaussianNB,2537,67,0.08277493102089081,2,3,0.08383233532934131,1.0,0.15469613259668508,0.11359236684941296,0.09467455621301775,0.6875576036866359,0.03288932277558573,1.0,0.9870967741935484
JIRA,hive-0.12.0,DecisionTree,2537,67,0.08277493102089081,2,3,0.32653061224489793,0.38095238095238093,0.3516483516483517,0.5949092793790026,0.883629191321499,0.6548387096774194,0.28917484799073856,0.38095238095238093,0.07096774193548387
JIRA,hive-0.12.0,RandomForest,2537,67,0.08277493102089081,2,3,0.7777777777777778,0.16666666666666666,0.27450980392156865,0.4073693910795587,0.9270216962524654,0.8892217101894522,0.33892936214168823,0.16666666666666666,0.004301075268817204
JIRA,hive-0.12.0,KNN,2537,67,0.08277493102089081,2,3,0.5833333333333334,0.16666666666666666,0.25925925925925924,0.4060474750214883,0.9211045364891519,0.7724014336917563,0.2827111601739316,0.16666666666666666,0.010752688172043012
JIRA,hive-0.12.0,Dummy,2537,67,0.08277493102089081,2,4,0.0,0.0,0.0,0.0,0.8303747534516766,0.45268817204301076,-0.09264756542298251,0.0,0.09462365591397849
JIRA,hive-0.12.0,LogisticRegression,2537,67,0.08277493102089081,2,4,0.24444444444444444,0.7857142857142857,0.3728813559322034,0.783175622258213,0.7810650887573964,0.8173067076292881,0.3531871680756662,0.7857142857142857,0.21935483870967742
JIRA,hive-0.12.0,GaussianNB,2537,67,0.08277493102089081,2,4,0.07984031936127745,0.9523809523809523,0.14732965009208104,0.09051256444028409,0.08678500986193294,0.6751920122887866,-0.09945104744046161,0.9523809523809523,0.9913978494623656
JIRA,hive-0.12.0,DecisionTree,2537,67,0.08277493102089081,2,4,0.3230769230769231,0.5,0.3925233644859813,0.6728210549938303,0.8717948717948718,0.7030977982590886,0.3342271381652723,0.5,0.09462365591397849
JIRA,hive-0.12.0,RandomForest,2537,67,0.08277493102089081,2,4,0.9,0.21428571428571427,0.34615384615384615,0.46241202924732255,0.9329388560157791,0.9124167946748591,0.42051899448372304,0.21428571428571427,0.002150537634408602
JIRA,hive-0.12.0,KNN,2537,67,0.08277493102089081,2,4,0.5625,0.21428571428571427,0.3103448275862069,0.459412568215217,0.9211045364891519,0.7902457757296467,0.3141299692299305,0.21428571428571427,0.015053763440860216
JIRA,hive-0.12.0,Dummy,2537,67,0.08277493102089081,2,5,0.022727272727272728,0.023809523809523808,0.023255813953488372,0.14699586013934365,0.834319526627219,0.4656682027649769,-0.0672296456884305,0.023809523809523808,0.09247311827956989
JIRA,hive-0.12.0,LogisticRegression,2537,67,0.08277493102089081,2,5,0.2206896551724138,0.7619047619047619,0.3422459893048128,0.7594430276443278,0.757396449704142,0.8493599590373784,0.31651295599493007,0.7619047619047619,0.24301075268817204
JIRA,hive-0.12.0,GaussianNB,2537,67,0.08277493102089081,2,5,0.0841683366733467,1.0,0.15526802218114602,0.13116516715679058,0.09861932938856016,0.6815668202764978,0.03805334946010464,1.0,0.9827956989247312
JIRA,hive-0.12.0,DecisionTree,2537,67,0.08277493102089081,2,5,0.391304347826087,0.42857142857142855,0.4090909090909091,0.6346376737623802,0.8974358974358975,0.685663082437276,0.3535004193300243,0.42857142857142855,0.060215053763440864
JIRA,hive-0.12.0,RandomForest,2537,67,0.08277493102089081,2,5,0.5454545454545454,0.14285714285714285,0.22641509433962265,0.3759269138367869,0.9191321499013807,0.8868407578084998,0.24993748965102602,0.14285714285714285,0.010752688172043012
JIRA,hive-0.12.0,KNN,2537,67,0.08277493102089081,2,5,0.42857142857142855,0.14285714285714285,0.21428571428571427,0.3746990599943852,0.9132149901380671,0.7142345110087046,0.21136640424470962,0.14285714285714285,0.017204301075268817
JIRA,hive-0.12.0,Dummy,2537,67,0.08277493102089081,3,1,0.11363636363636363,0.11904761904761904,0.11627906976744186,0.33027928529459233,0.8503937007874016,0.5176783159615778,0.0346180947606331,0.11904761904761904,0.08369098712446352
JIRA,hive-0.12.0,LogisticRegression,2537,67,0.08277493102089081,3,1,0.2222222222222222,0.8095238095238095,0.3487179487179487,0.7764019051049282,0.75,0.8796750459840589,0.33265350566939644,0.8095238095238095,0.2553648068669528
JIRA,hive-0.12.0,GaussianNB,2537,67,0.08277493102089081,3,1,0.08183632734530938,0.9761904761904762,0.15101289134438306,0.11211144494782588,0.09251968503937008,0.6757101982423871,-0.02583023080813825,0.9761904761904762,0.9871244635193133
JIRA,hive-0.12.0,DecisionTree,2537,67,0.08277493102089081,3,1,0.42857142857142855,0.42857142857142855,0.42857142857142855,0.6375728039360076,0.905511811023622,0.6900674432863274,0.3770692826486818,0.42857142857142855,0.05150214592274678
JIRA,hive-0.12.0,RandomForest,2537,67,0.08277493102089081,3,1,0.8461538461538461,0.2619047619047619,0.4,0.5106669238678362,0.9350393700787402,0.9019517678315961,0.44927366479815023,0.2619047619047619,0.004291845493562232
JIRA,hive-0.12.0,KNN,2537,67,0.08277493102089081,3,1,0.5,0.23809523809523808,0.3225806451612903,0.48268612806040917,0.9173228346456693,0.7887798896382587,0.3067773871597623,0.23809523809523808,0.02145922746781116
JIRA,hive-0.12.0,Dummy,2537,67,0.08277493102089081,3,2,0.045454545454545456,0.047619047619047616,0.046511627906976744,0.2081518727407596,0.8385826771653543,0.4787451461271204,-0.041621755550356555,0.047619047619047616,0.09012875536480687
JIRA,hive-0.12.0,LogisticRegression,2537,67,0.08277493102089081,3,2,0.23529411764705882,0.7619047619047619,0.3595505617977528,0.7693282335399663,0.7755905511811023,0.8262824443081953,0.3350787368277523,0.7619047619047619,0.22317596566523606
JIRA,hive-0.12.0,GaussianNB,2537,67,0.08277493102089081,3,2,0.082,0.9761904761904762,0.15129151291512916,0.12109420067178124,0.09448818897637795,0.7040925812385039,-0.019439310096513403,0.9761904761904762,0.9849785407725322
JIRA,hive-0.12.0,DecisionTree,2537,67,0.08277493102089081,3,2,0.34375,0.2619047619047619,0.2972972972972973,0.5001021763574578,0.8976377952755905,0.6095442468833026,0.24579854409748197,0.2619047619047619,0.045064377682403435
JIRA,hive-0.12.0,RandomForest,2537,67,0.08277493102089081,3,2,0.8888888888888888,0.19047619047619047,0.3137254901960784,0.43596725024516164,0.9311023622047244,0.8837369711833232,0.3931571695589956,0.19047619047619047,0.002145922746781116
JIRA,hive-0.12.0,KNN,2537,67,0.08277493102089081,3,2,0.6153846153846154,0.19047619047619047,0.2909090909090909,0.43408807231583213,0.9232283464566929,0.7287195994277541,0.31347575421655943,0.19047619047619047,0.01072961373390558
JIRA,hive-0.12.0,Dummy,2537,67,0.08277493102089081,3,3,0.06818181818181818,0.07142857142857142,0.06976744186046512,0.25520691283030483,0.8422090729783037,0.49162826420890937,-0.016393806219326453,0.07142857142857142,0.08817204301075268
JIRA,hive-0.12.0,LogisticRegression,2537,67,0.08277493102089081,3,3,0.20125786163522014,0.7619047619047619,0.31840796019900497,0.7441872372845592,0.7297830374753451,0.8081925243215565,0.29039031261058973,0.7619047619047619,0.2731182795698925
JIRA,hive-0.12.0,GaussianNB,2537,67,0.08277493102089081,3,3,0.084,1.0,0.15498154981549817,0.12269377914491107,0.09664694280078895,0.6202764976958526,0.03556003556005334,1.0,0.9849462365591398
JIRA,hive-0.12.0,DecisionTree,2537,67,0.08277493102089081,3,3,0.32727272727272727,0.42857142857142855,0.3711340206185567,0.6280685042914899,0.8796844181459567,0.6770865335381464,0.3093341712892315,0.42857142857142855,0.07956989247311828
JIRA,hive-0.12.0,RandomForest,2537,67,0.08277493102089081,3,3,0.6,0.14285714285714285,0.23076923076923078,0.37633530821450883,0.9211045364891519,0.8669226830517154,0.26613584444516575,0.14285714285714285,0.008602150537634409
JIRA,hive-0.12.0,KNN,2537,67,0.08277493102089081,3,3,0.4117647058823529,0.16666666666666666,0.23728813559322035,0.40383466576804133,0.9112426035502958,0.7539426523297491,0.22226927907542737,0.16666666666666666,0.021505376344086023
JIRA,hive-0.12.0,Dummy,2537,67,0.08277493102089081,3,4,0.11363636363636363,0.11904761904761904,0.11627906976744186,0.3302468471170042,0.8500986193293886,0.5175883256528419,0.03444203324977759,0.11904761904761904,0.08387096774193549
JIRA,hive-0.12.0,LogisticRegression,2537,67,0.08277493102089081,3,4,0.19444444444444445,0.6666666666666666,0.3010752688172043,0.707360179073623,0.7435897435897436,0.8036354326676908,0.25501477316814575,0.6666666666666666,0.24946236559139784
JIRA,hive-0.12.0,GaussianNB,2537,67,0.08277493102089081,3,4,0.08333333333333333,1.0,0.15384615384615385,0.08032193289024989,0.08875739644970414,0.7469534050179212,0.023186944788008413,1.0,0.9935483870967742
JIRA,hive-0.12.0,DecisionTree,2537,67,0.08277493102089081,3,4,0.40476190476190477,0.40476190476190477,0.40476190476190477,0.6188703515541605,0.9013806706114399,0.6765745007680491,0.3509984639016897,0.40476190476190477,0.053763440860215055
JIRA,hive-0.12.0,RandomForest,2537,67,0.08277493102089081,3,4,0.6666666666666666,0.2857142857142857,0.4,0.5310627550201438,0.9289940828402367,0.9027393753200205,0.4063707237210681,0.2857142857142857,0.012903225806451613
JIRA,hive-0.12.0,KNN,2537,67,0.08277493102089081,3,4,0.5882352941176471,0.23809523809523808,0.3389830508474576,0.48426336708918744,0.9230769230769231,0.7232462877624168,0.3415185113412916,0.23809523809523808,0.015053763440860216
JIRA,hive-0.12.0,Dummy,2537,67,0.08277493102089081,3,5,0.045454545454545456,0.047619047619047616,0.046511627906976744,0.2081297007883075,0.8382642998027613,0.4786482334869432,-0.04181172595387847,0.047619047619047616,0.09032258064516129
JIRA,hive-0.12.0,LogisticRegression,2537,67,0.08277493102089081,3,5,0.1968503937007874,0.5952380952380952,0.2958579881656805,0.6816668826217739,0.7652859960552268,0.7896057347670251,0.23911699466125189,0.5952380952380952,0.21935483870967742
JIRA,hive-0.12.0,GaussianNB,2537,67,0.08277493102089081,3,5,0.082,0.9761904761904762,0.15129151291512916,0.11223193014643043,0.09270216962524655,0.7141321044546851,-0.02576288290575293,0.9761904761904762,0.9870967741935484
JIRA,hive-0.12.0,DecisionTree,2537,67,0.08277493102089081,3,5,0.2833333333333333,0.40476190476190477,0.3333333333333333,0.6060794578830346,0.8658777120315582,0.6555299539170506,0.26648828686805964,0.40476190476190477,0.09247311827956989
JIRA,hive-0.12.0,RandomForest,2537,67,0.08277493102089081,3,5,0.7692307692307693,0.23809523809523808,0.36363636363636365,0.48637345711392005,0.9309664694280079,0.8715565796210958,0.4039581029273813,0.23809523809523808,0.0064516129032258064
JIRA,hive-0.12.0,KNN,2537,67,0.08277493102089081,3,5,0.5,0.14285714285714285,0.2222222222222222,0.37551807531035386,0.9171597633136095,0.7597798259088582,0.23563905567206514,0.14285714285714285,0.012903225806451613
JIRA,jruby-1.7.0.preview1,Dummy,1576,67,0.05520304568527919,1,1,0.0625,0.05555555555555555,0.058823529411764705,0.2296935675501168,0.8987341772151899,0.5026099925428785,0.005518143981471358,0.05555555555555555,0.050335570469798654
JIRA,jruby-1.7.0.preview1,LogisticRegression,1576,67,0.05520304568527919,1,1,0.20512820512820512,0.4444444444444444,0.2807017543859649,0.6310390564994693,0.870253164556962,0.7582028337061895,0.23987456521494113,0.4444444444444444,0.1040268456375839
JIRA,jruby-1.7.0.preview1,GaussianNB,1576,67,0.05520304568527919,1,1,0.5,0.16666666666666666,0.25,0.40618815137528735,0.9430379746835443,0.8648396718866518,0.2659367943350872,0.16666666666666666,0.010067114093959731
JIRA,jruby-1.7.0.preview1,DecisionTree,1576,67,0.05520304568527919,1,1,0.25,0.2777777777777778,0.2631578947368421,0.5136104310365011,0.9113924050632911,0.6146532438478747,0.2164983509532941,0.2777777777777778,0.050335570469798654
JIRA,jruby-1.7.0.preview1,RandomForest,1576,67,0.05520304568527919,1,1,0.3333333333333333,0.16666666666666666,0.2222222222222222,0.4041175100990801,0.9335443037974683,0.8797539149888144,0.20416802090826566,0.16666666666666666,0.020134228187919462
JIRA,jruby-1.7.0.preview1,KNN,1576,67,0.05520304568527919,1,1,0.375,0.16666666666666666,0.23076923076923078,0.4048089006988497,0.9367088607594937,0.6488627889634601,0.2211522246296474,0.16666666666666666,0.016778523489932886
JIRA,jruby-1.7.0.preview1,Dummy,1576,67,0.05520304568527919,1,2,0.125,0.11764705882352941,0.12121212121212122,0.3348432704886743,0.9079365079365079,0.5353335965258587,0.07272016379599015,0.11764705882352941,0.04697986577181208
JIRA,jruby-1.7.0.preview1,LogisticRegression,1576,67,0.05520304568527919,1,2,0.23404255319148937,0.6470588235294118,0.34375,0.7542483964223752,0.8666666666666667,0.7836557441768653,0.3337422783208538,0.6470588235294118,0.12080536912751678
JIRA,jruby-1.7.0.preview1,GaussianNB,1576,67,0.05520304568527919,1,2,0.4,0.11764705882352941,0.18181818181818182,0.34126630724338164,0.9428571428571428,0.8444532175286222,0.19449035116230262,0.11764705882352941,0.010067114093959731
JIRA,jruby-1.7.0.preview1,DecisionTree,1576,67,0.05520304568527919,1,2,0.24,0.35294117647058826,0.2857142857142857,0.574837555797008,0.9047619047619048,0.646269245953415,0.2417330483336598,0.35294117647058826,0.06375838926174497
JIRA,jruby-1.7.0.preview1,RandomForest,1576,67,0.05520304568527919,1,2,0.42857142857142855,0.17647058823529413,0.25,0.417255144374882,0.9428571428571428,0.8490919857876036,0.24993269739731053,0.17647058823529413,0.013422818791946308
JIRA,jruby-1.7.0.preview1,KNN,1576,67,0.05520304568527919,1,2,0.375,0.17647058823529413,0.24,0.41654492233768253,0.9396825396825397,0.6603829451243585,0.22935158597979738,0.17647058823529413,0.016778523489932886
JIRA,jruby-1.7.0.preview1,Dummy,1576,67,0.05520304568527919,1,3,0.125,0.11764705882352941,0.12121212121212122,0.3348432704886743,0.9079365079365079,0.5353335965258587,0.07272016379599015,0.11764705882352941,0.04697986577181208
JIRA,jruby-1.7.0.preview1,LogisticRegression,1576,67,0.05520304568527919,1,3,0.23076923076923078,0.7058823529411765,0.34782608695652173,0.7817499880534412,0.8571428571428571,0.8363600473746546,0.3479256271428306,0.7058823529411765,0.1342281879194631
JIRA,jruby-1.7.0.preview1,GaussianNB,1576,67,0.05520304568527919,1,3,0.05144694533762058,0.9411764705882353,0.0975609756097561,0.0973392567875988,0.06031746031746032,0.8011251480457955,-0.09839072718370265,0.9411764705882353,0.9899328859060402
JIRA,jruby-1.7.0.preview1,DecisionTree,1576,67,0.05520304568527919,1,3,0.2,0.17647058823529413,0.1875,0.4115390504573321,0.9174603174603174,0.5689893407027241,0.144514106180388,0.17647058823529413,0.040268456375838924
JIRA,jruby-1.7.0.preview1,RandomForest,1576,67,0.05520304568527919,1,3,0.6,0.17647058823529413,0.2727272727272727,0.41867197406955586,0.9492063492063492,0.9036715357283853,0.30690220550381697,0.17647058823529413,0.006711409395973154
JIRA,jruby-1.7.0.preview1,KNN,1576,67,0.05520304568527919,1,3,0.5,0.11764705882352941,0.19047619047619047,0.3418442353580539,0.946031746031746,0.7286814054480854,0.22386878006980118,0.11764705882352941,0.006711409395973154
JIRA,jruby-1.7.0.preview1,Dummy,1576,67,0.05520304568527919,1,4,0.0625,0.058823529411764705,0.06060606060606061,0.23635273110708188,0.9015873015873016,0.504243979470983,0.008734544813484851,0.058823529411764705,0.050335570469798654
JIRA,jruby-1.7.0.preview1,LogisticRegression,1576,67,0.05520304568527919,1,4,0.23404255319148937,0.6470588235294118,0.34375,0.7542483964223752,0.8666666666666667,0.7305566521910778,0.3337422783208538,0.6470588235294118,0.12080536912751678
JIRA,jruby-1.7.0.preview1,GaussianNB,1576,67,0.05520304568527919,1,4,0.2,0.058823529411764705,0.09090909090909091,0.24090236992559427,0.9365079365079365,0.9194630872483222,0.08207849682078826,0.058823529411764705,0.013422818791946308
JIRA,jruby-1.7.0.preview1,DecisionTree,1576,67,0.05520304568527919,1,4,0.2916666666666667,0.4117647058823529,0.34146341463414637,0.6231169817910975,0.9142857142857143,0.6767666798262929,0.3021087952657896,0.4117647058823529,0.05704697986577181
JIRA,jruby-1.7.0.preview1,RandomForest,1576,67,0.05520304568527919,1,4,0.375,0.17647058823529413,0.24,0.41654492233768253,0.9396825396825397,0.9386103434662455,0.22935158597979738,0.17647058823529413,0.016778523489932886
JIRA,jruby-1.7.0.preview1,KNN,1576,67,0.05520304568527919,1,4,0.5714285714285714,0.23529411764705882,0.3333333333333333,0.48262344008457386,0.9492063492063492,0.7366758784050533,0.34524601420136963,0.23529411764705882,0.010067114093959731
JIRA,jruby-1.7.0.preview1,Dummy,1576,67,0.05520304568527919,1,5,0.0,0.0,0.0,0.0,0.8920634920634921,0.4730639730639731,-0.05694851778506871,0.0,0.05387205387205387
JIRA,jruby-1.7.0.preview1,LogisticRegression,1576,67,0.05520304568527919,1,5,0.30434782608695654,0.7777777777777778,0.4375,0.8330527024672066,0.8857142857142857,0.892068836513281,0.4404088610954105,0.7777777777777778,0.10774410774410774
JIRA,jruby-1.7.0.preview1,GaussianNB,1576,67,0.05520304568527919,1,5,0.5714285714285714,0.2222222222222222,0.32,0.4690176471209656,0.946031746031746,0.8385708941264497,0.3340213285613425,0.2222222222222222,0.010101010101010102
JIRA,jruby-1.7.0.preview1,DecisionTree,1576,67,0.05520304568527919,1,5,0.22727272727272727,0.2777777777777778,0.25,0.5117402071909315,0.9047619047619048,0.6089599700710812,0.2008418334397498,0.2777777777777778,0.05723905723905724
JIRA,jruby-1.7.0.preview1,RandomForest,1576,67,0.05520304568527919,1,5,0.5714285714285714,0.2222222222222222,0.32,0.4690176471209656,0.946031746031746,0.9090909090909091,0.3340213285613425,0.2222222222222222,0.010101010101010102
JIRA,jruby-1.7.0.preview1,KNN,1576,67,0.05520304568527919,1,5,0.6,0.16666666666666666,0.2608695652173913,0.40687139517419857,0.946031746031746,0.877665544332211,0.29702006475334314,0.16666666666666666,0.006734006734006734
JIRA,jruby-1.7.0.preview1,Dummy,1576,67,0.05520304568527919,2,1,0.0,0.0,0.0,0.0,0.8924050632911392,0.47315436241610737,-0.05675805238084825,0.0,0.053691275167785234
JIRA,jruby-1.7.0.preview1,LogisticRegression,1576,67,0.05520304568527919,2,1,0.20930232558139536,0.5,0.29508196721311475,0.665547158460036,0.8639240506329114,0.7744220730797912,0.2608617536788177,0.5,0.11409395973154363
JIRA,jruby-1.7.0.preview1,GaussianNB,1576,67,0.05520304568527919,2,1,0.375,0.16666666666666666,0.23076923076923078,0.4048089006988497,0.9367088607594937,0.7955816554809844,0.2211522246296474,0.16666666666666666,0.016778523489932886
JIRA,jruby-1.7.0.preview1,DecisionTree,1576,67,0.05520304568527919,2,1,0.14285714285714285,0.1111111111111111,0.125,0.3265529638212802,0.9113924050632911,0.535048471290082,0.07979427308327476,0.1111111111111111,0.040268456375838924
JIRA,jruby-1.7.0.preview1,RandomForest,1576,67,0.05520304568527919,2,1,0.16666666666666666,0.05555555555555555,0.08333333333333333,0.23371652778883736,0.930379746835443,0.9153616703952274,0.06585101574011684,0.05555555555555555,0.016778523489932886
JIRA,jruby-1.7.0.preview1,KNN,1576,67,0.05520304568527919,2,1,0.5,0.05555555555555555,0.1,0.23530645447326454,0.9430379746835443,0.6781319910514542,0.15255759192414245,0.05555555555555555,0.003355704697986577
JIRA,jruby-1.7.0.preview1,Dummy,1576,67,0.05520304568527919,2,2,0.0625,0.058823529411764705,0.06060606060606061,0.23635273110708188,0.9015873015873016,0.504243979470983,0.008734544813484851,0.058823529411764705,0.050335570469798654
JIRA,jruby-1.7.0.preview1,LogisticRegression,1576,67,0.05520304568527919,2,2,0.2222222222222222,0.5882352941176471,0.3225806451612903,0.7205187410594699,0.8666666666666667,0.8505724437425977,0.30399584776324995,0.5882352941176471,0.1174496644295302
JIRA,jruby-1.7.0.preview1,GaussianNB,1576,67,0.05520304568527919,2,2,0.4444444444444444,0.23529411764705882,0.3076923076923077,0.4809846460824655,0.9428571428571428,0.8229372285827082,0.2963691947760058,0.23529411764705882,0.016778523489932886
JIRA,jruby-1.7.0.preview1,DecisionTree,1576,67,0.05520304568527919,2,2,0.26666666666666666,0.23529411764705882,0.25,0.4760344150490525,0.9238095238095239,0.5987958941966048,0.21048793726273907,0.23529411764705882,0.03691275167785235
JIRA,jruby-1.7.0.preview1,RandomForest,1576,67,0.05520304568527919,2,2,0.25,0.058823529411764705,0.09523809523809523,0.24131172004228693,0.9396825396825397,0.9048559020923805,0.09839072718370265,0.058823529411764705,0.010067114093959731
JIRA,jruby-1.7.0.preview1,KNN,1576,67,0.05520304568527919,2,2,0.6,0.17647058823529413,0.2727272727272727,0.41867197406955586,0.9492063492063492,0.6840702724042638,0.30690220550381697,0.17647058823529413,0.006711409395973154
JIRA,jruby-1.7.0.preview1,Dummy,1576,67,0.05520304568527919,2,3,0.0625,0.058823529411764705,0.06060606060606061,0.23635273110708188,0.9015873015873016,0.504243979470983,0.008734544813484851,0.058823529411764705,0.050335570469798654
JIRA,jruby-1.7.0.preview1,LogisticRegression,1576,67,0.05520304568527919,2,3,0.2,0.5294117647058824,0.2903225806451613,0.6822433444527972,0.8603174603174604,0.7056849585471773,0.26384545277565086,0.5294117647058824,0.12080536912751678
JIRA,jruby-1.7.0.preview1,GaussianNB,1576,67,0.05520304568527919,2,3,0.375,0.17647058823529413,0.24,0.41654492233768253,0.9396825396825397,0.895775759968417,0.22935158597979738,0.17647058823529413,0.016778523489932886
JIRA,jruby-1.7.0.preview1,DecisionTree,1576,67,0.05520304568527919,2,3,0.30434782608695654,0.4117647058823529,0.35,0.6242247461887755,0.9174603174603174,0.6795302013422818,0.31099209233415487,0.4117647058823529,0.053691275167785234
JIRA,jruby-1.7.0.preview1,RandomForest,1576,67,0.05520304568527919,2,3,0.6666666666666666,0.35294117647058826,0.46153846153846156,0.5910905830569477,0.9555555555555556,0.9015001973943939,0.46503459017698473,0.35294117647058826,0.010067114093959731
JIRA,jruby-1.7.0.preview1,KNN,1576,67,0.05520304568527919,2,3,0.75,0.17647058823529413,0.2857142857142857,0.41937859393786003,0.9523809523809523,0.8078365574417687,0.3493468329558997,0.17647058823529413,0.003355704697986577
JIRA,jruby-1.7.0.preview1,Dummy,1576,67,0.05520304568527919,2,4,0.0625,0.058823529411764705,0.06060606060606061,0.23635273110708188,0.9015873015873016,0.504243979470983,0.008734544813484851,0.058823529411764705,0.050335570469798654
JIRA,jruby-1.7.0.preview1,LogisticRegression,1576,67,0.05520304568527919,2,4,0.2571428571428571,0.5294117647058824,0.34615384615384615,0.6951413356361907,0.8920634920634921,0.6942360836952229,0.3179086814284815,0.5294117647058824,0.087248322147651
JIRA,jruby-1.7.0.preview1,GaussianNB,1576,67,0.05520304568527919,2,4,0.25,0.058823529411764705,0.09523809523809523,0.24131172004228693,0.9396825396825397,0.8888669561784446,0.09839072718370265,0.058823529411764705,0.010067114093959731
JIRA,jruby-1.7.0.preview1,DecisionTree,1576,67,0.05520304568527919,2,4,0.13333333333333333,0.11764705882352941,0.125,0.33543226526312275,0.9111111111111111,0.5376036320568496,0.07854027509803696,0.11764705882352941,0.0436241610738255
JIRA,jruby-1.7.0.preview1,RandomForest,1576,67,0.05520304568527919,2,4,0.6,0.17647058823529413,0.2727272727272727,0.41867197406955586,0.9492063492063492,0.9180813264903276,0.30690220550381697,0.17647058823529413,0.006711409395973154
JIRA,jruby-1.7.0.preview1,KNN,1576,67,0.05520304568527919,2,4,0.4,0.11764705882352941,0.18181818181818182,0.34126630724338164,0.9428571428571428,0.738748519542045,0.19449035116230262,0.11764705882352941,0.010067114093959731
JIRA,jruby-1.7.0.preview1,Dummy,1576,67,0.05520304568527919,2,5,0.125,0.1111111111111111,0.11764705882352941,0.32538216041755386,0.9047619047619048,0.531986531986532,0.06762636486976908,0.1111111111111111,0.04713804713804714
JIRA,jruby-1.7.0.preview1,LogisticRegression,1576,67,0.05520304568527919,2,5,0.25,0.7777777777777778,0.3783783783783784,0.8171835785931668,0.8539682539682539,0.8497942386831275,0.38634556974669615,0.7777777777777778,0.1414141414141414
JIRA,jruby-1.7.0.preview1,GaussianNB,1576,67,0.05520304568527919,2,5,0.6,0.16666666666666666,0.2608695652173913,0.40687139517419857,0.946031746031746,0.8539094650205761,0.29702006475334314,0.16666666666666666,0.006734006734006734
JIRA,jruby-1.7.0.preview1,DecisionTree,1576,67,0.05520304568527919,2,5,0.1111111111111111,0.1111111111111111,0.1111111111111111,0.32423036154492,0.8984126984126984,0.5271230826786383,0.05723905723905724,0.1111111111111111,0.05387205387205387
JIRA,jruby-1.7.0.preview1,RandomForest,1576,67,0.05520304568527919,2,5,0.2222222222222222,0.1111111111111111,0.14814814814814814,0.32938174010493193,0.926984126984127,0.8724279835390947,0.1219689844882164,0.1111111111111111,0.02356902356902357
JIRA,jruby-1.7.0.preview1,KNN,1576,67,0.05520304568527919,2,5,0.2857142857142857,0.1111111111111111,0.16,0.33051558765812866,0.9333333333333333,0.7268986157875046,0.1484539238050411,0.1111111111111111,0.016835016835016835
JIRA,jruby-1.7.0.preview1,Dummy,1576,67,0.05520304568527919,3,1,0.0625,0.05555555555555555,0.058823529411764705,0.2296935675501168,0.8987341772151899,0.5026099925428785,0.005518143981471358,0.05555555555555555,0.050335570469798654
JIRA,jruby-1.7.0.preview1,LogisticRegression,1576,67,0.05520304568527919,3,1,0.1951219512195122,0.4444444444444444,0.2711864406779661,0.6286711717641489,0.8639240506329114,0.7933445190156599,0.23017087628074973,0.4444444444444444,0.11073825503355705
JIRA,jruby-1.7.0.preview1,GaussianNB,1576,67,0.05520304568527919,3,1,0.5,0.2777777777777778,0.35714285714285715,0.522606043601059,0.9430379746835443,0.8247576435495898,0.34555958029026856,0.2777777777777778,0.016778523489932886
JIRA,jruby-1.7.0.preview1,DecisionTree,1576,67,0.05520304568527919,3,1,0.08695652173913043,0.1111111111111111,0.0975609756097561,0.32137382202425224,0.8829113924050633,0.5173378076062641,0.03625887964751152,0.1111111111111111,0.07046979865771812
JIRA,jruby-1.7.0.preview1,RandomForest,1576,67,0.05520304568527919,3,1,0.5,0.1111111111111111,0.18181818181818182,0.33221288198383125,0.9430379746835443,0.8138516032811335,0.21643941415643878,0.1111111111111111,0.006711409395973154
JIRA,jruby-1.7.0.preview1,KNN,1576,67,0.05520304568527919,3,1,0.3333333333333333,0.1111111111111111,0.16666666666666666,0.33108863888828144,0.9367088607594937,0.6934190902311708,0.16589390503760204,0.1111111111111111,0.013422818791946308
JIRA,jruby-1.7.0.preview1,Dummy,1576,67,0.05520304568527919,3,2,0.1875,0.17647058823529413,0.18181818181818182,0.4108189465802727,0.9142857142857143,0.5664232135807343,0.13670578277849546,0.17647058823529413,0.0436241610738255
JIRA,jruby-1.7.0.preview1,LogisticRegression,1576,67,0.05520304568527919,3,2,0.15517241379310345,0.5294117647058824,0.24,0.6651021252050173,0.819047619047619,0.6991709435452033,0.2127765485830656,0.5294117647058824,0.1644295302013423
JIRA,jruby-1.7.0.preview1,GaussianNB,1576,67,0.05520304568527919,3,2,0.051118210862619806,0.9411764705882353,0.09696969696969697,0.056198846109038275,0.05396825396825397,0.6636399526253454,-0.15779257396049828,0.9411764705882353,0.9966442953020134
JIRA,jruby-1.7.0.preview1,DecisionTree,1576,67,0.05520304568527919,3,2,0.21428571428571427,0.17647058823529413,0.1935483870967742,0.41225789650814476,0.9206349206349206,0.568495854717726,0.15301695502596427,0.17647058823529413,0.03691275167785235
JIRA,jruby-1.7.0.preview1,RandomForest,1576,67,0.05520304568527919,3,2,0.16666666666666666,0.058823529411764705,0.08695652173913043,0.24049232304123275,0.9333333333333333,0.8251085669166995,0.06950117482243826,0.058823529411764705,0.016778523489932886
JIRA,jruby-1.7.0.preview1,KNN,1576,67,0.05520304568527919,3,2,0.5,0.11764705882352941,0.19047619047619047,0.3418442353580539,0.946031746031746,0.6062968811685747,0.22386878006980118,0.11764705882352941,0.006711409395973154
JIRA,jruby-1.7.0.preview1,Dummy,1576,67,0.05520304568527919,3,3,0.0625,0.058823529411764705,0.06060606060606061,0.23635273110708188,0.9015873015873016,0.504243979470983,0.008734544813484851,0.058823529411764705,0.050335570469798654
JIRA,jruby-1.7.0.preview1,LogisticRegression,1576,67,0.05520304568527919,3,3,0.2894736842105263,0.6470588235294118,0.4,0.7670936634542397,0.8952380952380953,0.8144492696407422,0.3860386607599376,0.6470588235294118,0.09060402684563758
JIRA,jruby-1.7.0.preview1,GaussianNB,1576,67,0.05520304568527919,3,3,0.3333333333333333,0.058823529411764705,0.1,0.2417203769312101,0.9428571428571428,0.9064350572443743,0.12123650547943175,0.058823529411764705,0.006711409395973154
JIRA,jruby-1.7.0.preview1,DecisionTree,1576,67,0.05520304568527919,3,3,0.3181818181818182,0.4117647058823529,0.358974358974359,0.6253305482002585,0.9206349206349206,0.6820963284642715,0.3204133487809254,0.4117647058823529,0.050335570469798654
JIRA,jruby-1.7.0.preview1,RandomForest,1576,67,0.05520304568527919,3,3,0.5,0.11764705882352941,0.19047619047619047,0.3418442353580539,0.946031746031746,0.9279510461902882,0.22386878006980118,0.11764705882352941,0.006711409395973154
JIRA,jruby-1.7.0.preview1,KNN,1576,67,0.05520304568527919,3,3,0.4,0.11764705882352941,0.18181818181818182,0.34126630724338164,0.9428571428571428,0.7164429530201343,0.19449035116230262,0.11764705882352941,0.010067114093959731
JIRA,jruby-1.7.0.preview1,Dummy,1576,67,0.05520304568527919,3,4,0.0625,0.058823529411764705,0.06060606060606061,0.23635273110708188,0.9015873015873016,0.504243979470983,0.008734544813484851,0.058823529411764705,0.050335570469798654
JIRA,jruby-1.7.0.preview1,LogisticRegression,1576,67,0.05520304568527919,3,4,0.24528301886792453,0.7647058823529411,0.37142857142857144,0.8136711851069519,0.8603174603174604,0.890248716936439,0.3808147299725412,0.7647058823529411,0.1342281879194631
JIRA,jruby-1.7.0.preview1,GaussianNB,1576,67,0.05520304568527919,3,4,0.42857142857142855,0.17647058823529413,0.25,0.417255144374882,0.9428571428571428,0.9376233714962495,0.24993269739731053,0.17647058823529413,0.013422818791946308
JIRA,jruby-1.7.0.preview1,DecisionTree,1576,67,0.05520304568527919,3,4,0.375,0.35294117647058826,0.36363636363636365,0.5840355407255928,0.9333333333333333,0.6602842479273588,0.32866263972601134,0.35294117647058826,0.03355704697986577
JIRA,jruby-1.7.0.preview1,RandomForest,1576,67,0.05520304568527919,3,4,0.6666666666666666,0.23529411764705882,0.34782608695652173,0.4834407538624202,0.9523809523809523,0.944729569680221,0.3778514574853686,0.23529411764705882,0.006711409395973154
JIRA,jruby-1.7.0.preview1,KNN,1576,67,0.05520304568527919,3,4,0.8333333333333334,0.29411764705882354,0.43478260869565216,0.5414154366924049,0.9587301587301588,0.8177062771417293,0.48063488503967866,0.29411764705882354,0.003355704697986577
JIRA,jruby-1.7.0.preview1,Dummy,1576,67,0.05520304568527919,3,5,0.0,0.0,0.0,0.0,0.8920634920634921,0.4730639730639731,-0.05694851778506871,0.0,0.05387205387205387
JIRA,jruby-1.7.0.preview1,LogisticRegression,1576,67,0.05520304568527919,3,5,0.25925925925925924,0.7777777777777778,0.3888888888888889,0.8203819609885695,0.8603174603174604,0.9089038533482978,0.39607210960210437,0.7777777777777778,0.13468013468013468
JIRA,jruby-1.7.0.preview1,GaussianNB,1576,67,0.05520304568527919,3,5,0.5,0.05555555555555555,0.1,0.23530512066876966,0.9428571428571428,0.9068462401795734,0.15251148838833428,0.05555555555555555,0.003367003367003367
JIRA,jruby-1.7.0.preview1,DecisionTree,1576,67,0.05520304568527919,3,5,0.2608695652173913,0.3333333333333333,0.2926829268292683,0.5605833101216812,0.9079365079365079,0.6354283576505799,0.24632956308624587,0.3333333333333333,0.05723905723905724
JIRA,jruby-1.7.0.preview1,RandomForest,1576,67,0.05520304568527919,3,5,0.5714285714285714,0.2222222222222222,0.32,0.4690176471209656,0.946031746031746,0.9407033295922185,0.3340213285613425,0.2222222222222222,0.010101010101010102
JIRA,jruby-1.7.0.preview1,KNN,1576,67,0.05520304568527919,3,5,0.5,0.16666666666666666,0.25,0.4061811972299616,0.9428571428571428,0.7472876917321362,0.26586190718540786,0.16666666666666666,0.010101010101010102
JIRA,wicket-1.5.3,Dummy,2521,67,0.04165013883379611,1,1,0.08333333333333333,0.09523809523809523,0.08888888888888889,0.30151134457776363,0.9188118811881189,0.524891774891775,0.0467132441832847,0.09523809523809523,0.045454545454545456
JIRA,wicket-1.5.3,LogisticRegression,2521,67,0.04165013883379611,1,1,0.13978494623655913,0.6190476190476191,0.22807017543859648,0.7188363503217408,0.8257425742574257,0.87918142463597,0.23370439952684105,0.6190476190476191,0.1652892561983471
JIRA,wicket-1.5.3,GaussianNB,2521,67,0.04165013883379611,1,1,0.1509433962264151,0.38095238095238093,0.21621621621621623,0.5878207674318454,0.8851485148514852,0.7952577725304999,0.1875785792146277,0.38095238095238093,0.09297520661157024
JIRA,wicket-1.5.3,DecisionTree,2521,67,0.04165013883379611,1,1,0.12,0.14285714285714285,0.13043478260869565,0.3692744729379982,0.9207920792079208,0.5493900039354584,0.08964214570007953,0.14285714285714285,0.045454545454545456
JIRA,wicket-1.5.3,RandomForest,2521,67,0.04165013883379611,1,1,0.5,0.047619047619047616,0.08695652173913043,0.21799234196875997,0.9584158415841584,0.8039157811885085,0.14479370214304688,0.047619047619047616,0.002066115702479339
JIRA,wicket-1.5.3,KNN,2521,67,0.04165013883379611,1,1,0.25,0.047619047619047616,0.08,0.21754054388315558,0.9544554455445544,0.6723730814639907,0.09328265728094923,0.047619047619047616,0.006198347107438017
JIRA,wicket-1.5.3,Dummy,2521,67,0.04165013883379611,1,2,0.041666666666666664,0.047619047619047616,0.044444444444444446,0.21295885499997996,0.9146825396825397,0.5,0.0,0.047619047619047616,0.047619047619047616
JIRA,wicket-1.5.3,LogisticRegression,2521,67,0.04165013883379611,1,2,0.1262135922330097,0.6190476190476191,0.20967741935483872,0.7097162327482186,0.8055555555555556,0.7830030562949818,0.2144329742576034,0.6190476190476191,0.18633540372670807
JIRA,wicket-1.5.3,GaussianNB,2521,67,0.04165013883379611,1,2,0.25,0.5238095238095238,0.3384615384615385,0.6985852098883225,0.9146825396825397,0.8410726609484374,0.32244341248242014,0.5238095238095238,0.06832298136645963
JIRA,wicket-1.5.3,DecisionTree,2521,67,0.04165013883379611,1,2,0.16666666666666666,0.23809523809523808,0.19607843137254902,0.47515415183653065,0.9186507936507936,0.5930691117026521,0.15737248159597786,0.23809523809523808,0.051759834368530024
JIRA,wicket-1.5.3,RandomForest,2521,67,0.04165013883379611,1,2,0.0,0.0,0.0,0.0,0.9563492063492064,0.8253968253968254,-0.009297198200151112,0.0,0.002070393374741201
JIRA,wicket-1.5.3,KNN,2521,67,0.04165013883379611,1,2,0.0,0.0,0.0,0.0,0.9563492063492064,0.6862368135660062,-0.009297198200151112,0.0,0.002070393374741201
JIRA,wicket-1.5.3,Dummy,2521,67,0.04165013883379611,1,3,0.08333333333333333,0.09523809523809523,0.08888888888888889,0.30149648118545086,0.9186507936507936,0.5248447204968945,0.04662524041201569,0.09523809523809523,0.045548654244306416
JIRA,wicket-1.5.3,LogisticRegression,2521,67,0.04165013883379611,1,3,0.10227272727272728,0.42857142857142855,0.1651376146788991,0.5987268361384294,0.8194444444444444,0.733017844819087,0.13949481018123117,0.42857142857142855,0.16356107660455488
JIRA,wicket-1.5.3,GaussianNB,2521,67,0.04165013883379611,1,3,0.15789473684210525,0.2857142857142857,0.2033898305084746,0.5165123182069418,0.9067460317460317,0.7587005816819481,0.16609524156632405,0.2857142857142857,0.06625258799171843
JIRA,wicket-1.5.3,DecisionTree,2521,67,0.04165013883379611,1,3,0.03333333333333333,0.047619047619047616,0.0392156862745098,0.21156543422471147,0.9027777777777778,0.492408557625949,-0.01049149877306519,0.047619047619047616,0.060041407867494824
JIRA,wicket-1.5.3,RandomForest,2521,67,0.04165013883379611,1,3,0.0,0.0,0.0,0.0,0.9543650793650794,0.7507147786650892,-0.013161313111804348,0.0,0.004140786749482402
JIRA,wicket-1.5.3,KNN,2521,67,0.04165013883379611,1,3,0.0,0.0,0.0,0.0,0.9563492063492064,0.5315488514246278,-0.009297198200151112,0.0,0.002070393374741201
JIRA,wicket-1.5.3,Dummy,2521,67,0.04165013883379611,1,4,0.041666666666666664,0.047619047619047616,0.044444444444444446,0.21295885499997996,0.9146825396825397,0.5,0.0,0.047619047619047616,0.047619047619047616
JIRA,wicket-1.5.3,LogisticRegression,2521,67,0.04165013883379611,1,4,0.16216216216216217,0.8571428571428571,0.2727272727272727,0.831927237279663,0.8095238095238095,0.8220447599329587,0.32046702583470116,0.8571428571428571,0.19254658385093168
JIRA,wicket-1.5.3,GaussianNB,2521,67,0.04165013883379611,1,4,0.1956521739130435,0.42857142857142855,0.26865671641791045,0.6290794107723406,0.9027777777777778,0.798136645962733,0.24421556973340275,0.42857142857142855,0.07660455486542443
JIRA,wicket-1.5.3,DecisionTree,2521,67,0.04165013883379611,1,4,0.07692307692307693,0.09523809523809523,0.0851063829787234,0.30084176492701453,0.9146825396825397,0.5223306713989944,0.04114889151607923,0.09523809523809523,0.049689440993788817
JIRA,wicket-1.5.3,RandomForest,2521,67,0.04165013883379611,1,4,0.0,0.0,0.0,0.0,0.9583333333333334,0.87587498767623,0.0,0.0,0.0
JIRA,wicket-1.5.3,KNN,2521,67,0.04165013883379611,1,4,0.0,0.0,0.0,0.0,0.9583333333333334,0.7171448289460711,0.0,0.0,0.0
JIRA,wicket-1.5.3,Dummy,2521,67,0.04165013883379611,1,5,0.125,0.14285714285714285,0.13333333333333333,0.3696565469904723,0.9226190476190477,0.5496894409937888,0.09325048082403138,0.14285714285714285,0.043478260869565216
JIRA,wicket-1.5.3,LogisticRegression,2521,67,0.04165013883379611,1,5,0.13131313131313133,0.6190476190476191,0.21666666666666667,0.7133188763679436,0.8134920634920635,0.8093266292024055,0.22180461419557146,0.6190476190476191,0.17805383022774326
JIRA,wicket-1.5.3,GaussianNB,2521,67,0.04165013883379611,1,5,0.1590909090909091,0.3333333333333333,0.2153846153846154,0.5547958919382201,0.8988095238095238,0.8087350882381941,0.18174083249009135,0.3333333333333333,0.07660455486542443
JIRA,wicket-1.5.3,DecisionTree,2521,67,0.04165013883379611,1,5,0.3333333333333333,0.23809523809523808,0.2777777777777778,0.48287237450504455,0.9484126984126984,0.6082027013704032,0.25563794750138474,0.23809523809523808,0.020703933747412008
JIRA,wicket-1.5.3,RandomForest,2521,67,0.04165013883379611,1,5,0.0,0.0,0.0,0.0,0.9563492063492064,0.8127772848269743,-0.009297198200151112,0.0,0.002070393374741201
JIRA,wicket-1.5.3,KNN,2521,67,0.04165013883379611,1,5,0.0,0.0,0.0,0.0,0.9583333333333334,0.644878241151533,0.0,0.0,0.0
JIRA,wicket-1.5.3,Dummy,2521,67,0.04165013883379611,2,1,0.125,0.14285714285714285,0.13333333333333333,0.3696739046101372,0.9227722772277228,0.5497343565525383,0.09333416970217556,0.14285714285714285,0.04338842975206612
JIRA,wicket-1.5.3,LogisticRegression,2521,67,0.04165013883379611,2,1,0.13043478260869565,0.5714285714285714,0.21238938053097345,0.6906356259900431,0.8237623762376237,0.8033254624163715,0.21005761052308086,0.5714285714285714,0.1652892561983471
JIRA,wicket-1.5.3,GaussianNB,2521,67,0.04165013883379611,2,1,0.15,0.2857142857142857,0.19672131147540983,0.5154060995580371,0.902970297029703,0.7574281778827233,0.15927782424465597,0.2857142857142857,0.07024793388429752
JIRA,wicket-1.5.3,DecisionTree,2521,67,0.04165013883379611,2,1,0.1875,0.2857142857142857,0.22641509433962265,0.5199673043939637,0.9188118811881189,0.6183589138134592,0.19011041638129064,0.2857142857142857,0.05371900826446281
JIRA,wicket-1.5.3,RandomForest,2521,67,0.04165013883379611,2,1,0.0,0.0,0.0,0.0,0.9564356435643564,0.8451397087760725,-0.009278370237815069,0.0,0.002066115702479339
JIRA,wicket-1.5.3,KNN,2521,67,0.04165013883379611,2,1,0.5,0.047619047619047616,0.08695652173913043,0.21799234196875997,0.9584158415841584,0.6491046831955923,0.14479370214304688,0.047619047619047616,0.002066115702479339
JIRA,wicket-1.5.3,Dummy,2521,67,0.04165013883379611,2,2,0.0,0.0,0.0,0.0,0.9107142857142857,0.4751552795031056,-0.04662524041201569,0.0,0.049689440993788817
JIRA,wicket-1.5.3,LogisticRegression,2521,67,0.04165013883379611,2,2,0.11764705882352941,0.5714285714285714,0.1951219512195122,0.6818733004528426,0.8035714285714286,0.7843833185448091,0.1915296053460514,0.5714285714285714,0.18633540372670807
JIRA,wicket-1.5.3,GaussianNB,2521,67,0.04165013883379611,2,2,0.20833333333333334,0.47619047619047616,0.2898550724637681,0.6623641106851508,0.9027777777777778,0.7877353840086759,0.27060403659669535,0.47619047619047616,0.07867494824016563
JIRA,wicket-1.5.3,DecisionTree,2521,67,0.04165013883379611,2,2,0.20689655172413793,0.2857142857142857,0.24,0.521640530957301,0.9246031746031746,0.6199842255742876,0.20430929188698482,0.2857142857142857,0.047619047619047616
JIRA,wicket-1.5.3,RandomForest,2521,67,0.04165013883379611,2,2,0.6666666666666666,0.09523809523809523,0.16666666666666666,0.3082870657628881,0.9603174603174603,0.772010253376713,0.2420299468734106,0.09523809523809523,0.002070393374741201
JIRA,wicket-1.5.3,KNN,2521,67,0.04165013883379611,2,2,0.0,0.0,0.0,0.0,0.9523809523809523,0.6891452233067139,-0.016135329791560706,0.0,0.006211180124223602
JIRA,wicket-1.5.3,Dummy,2521,67,0.04165013883379611,2,3,0.041666666666666664,0.047619047619047616,0.044444444444444446,0.21295885499997996,0.9146825396825397,0.5,0.0,0.047619047619047616,0.047619047619047616
JIRA,wicket-1.5.3,LogisticRegression,2521,67,0.04165013883379611,2,3,0.16091954022988506,0.6666666666666666,0.25925925925925924,0.7522682516424986,0.8412698412698413,0.8401853495021196,0.272588654077053,0.6666666666666666,0.15113871635610765
JIRA,wicket-1.5.3,GaussianNB,2521,67,0.04165013883379611,2,3,0.20833333333333334,0.47619047619047616,0.2898550724637681,0.6623641106851508,0.9027777777777778,0.8326924972887706,0.27060403659669535,0.47619047619047616,0.07867494824016563
JIRA,wicket-1.5.3,DecisionTree,2521,67,0.04165013883379611,2,3,0.2222222222222222,0.19047619047619047,0.20512820512820512,0.4300641132167163,0.9384920634920635,0.5813861776594695,0.1738906766794444,0.19047619047619047,0.028985507246376812
JIRA,wicket-1.5.3,RandomForest,2521,67,0.04165013883379611,2,3,0.0,0.0,0.0,0.0,0.9563492063492064,0.7949324657399192,-0.009297198200151112,0.0,0.002070393374741201
JIRA,wicket-1.5.3,KNN,2521,67,0.04165013883379611,2,3,0.0,0.0,0.0,0.0,0.9543650793650794,0.6346741595188801,-0.013161313111804348,0.0,0.004140786749482402
JIRA,wicket-1.5.3,Dummy,2521,67,0.04165013883379611,2,4,0.125,0.14285714285714285,0.13333333333333333,0.3696565469904723,0.9226190476190477,0.5496894409937888,0.09325048082403138,0.14285714285714285,0.043478260869565216
JIRA,wicket-1.5.3,LogisticRegression,2521,67,0.04165013883379611,2,4,0.12264150943396226,0.6190476190476191,0.2047244094488189,0.7070022027963895,0.7996031746031746,0.7851720398304248,0.20912638667104527,0.6190476190476191,0.19254658385093168
JIRA,wicket-1.5.3,GaussianNB,2521,67,0.04165013883379611,2,4,0.17777777777777778,0.38095238095238093,0.24242424242424243,0.5931017563492796,0.9007936507936508,0.7726017943409247,0.21327542550241405,0.38095238095238093,0.07660455486542443
JIRA,wicket-1.5.3,DecisionTree,2521,67,0.04165013883379611,2,4,0.1,0.14285714285714285,0.11764705882352941,0.36724833538122936,0.9107142857142857,0.5451049985211476,0.07344049141145634,0.14285714285714285,0.055900621118012424
JIRA,wicket-1.5.3,RandomForest,2521,67,0.04165013883379611,2,4,1.0,0.047619047619047616,0.09090909090909091,0.21821789023599236,0.9603174603174603,0.8154392191659271,0.21383555860347556,0.047619047619047616,0.0
JIRA,wicket-1.5.3,KNN,2521,67,0.04165013883379611,2,4,0.0,0.0,0.0,0.0,0.9563492063492064,0.6510894212757566,-0.009297198200151112,0.0,0.002070393374741201
JIRA,wicket-1.5.3,Dummy,2521,67,0.04165013883379611,2,5,0.0,0.0,0.0,0.0,0.9107142857142857,0.4751552795031056,-0.04662524041201569,0.0,0.049689440993788817
JIRA,wicket-1.5.3,LogisticRegression,2521,67,0.04165013883379611,2,5,0.16091954022988506,0.6666666666666666,0.25925925925925924,0.7522682516424986,0.8412698412698413,0.7954254165434289,0.272588654077053,0.6666666666666666,0.15113871635610765
JIRA,wicket-1.5.3,GaussianNB,2521,67,0.04165013883379611,2,5,0.19148936170212766,0.42857142857142855,0.2647058823529412,0.6283737690350844,0.9007936507936508,0.8080449571132802,0.2404450039613257,0.42857142857142855,0.07867494824016563
JIRA,wicket-1.5.3,DecisionTree,2521,67,0.04165013883379611,2,5,0.12121212121212122,0.19047619047619047,0.14814814814814814,0.42313086844942294,0.9087301587301587,0.5667455387952283,0.10536811432127585,0.19047619047619047,0.060041407867494824
JIRA,wicket-1.5.3,RandomForest,2521,67,0.04165013883379611,2,5,0.0,0.0,0.0,0.0,0.9543650793650794,0.8076505964704722,-0.013161313111804348,0.0,0.004140786749482402
JIRA,wicket-1.5.3,KNN,2521,67,0.04165013883379611,2,5,1.0,0.047619047619047616,0.09090909090909091,0.21821789023599236,0.9603174603174603,0.6435472739820567,0.21383555860347556,0.047619047619047616,0.0
JIRA,wicket-1.5.3,Dummy,2521,67,0.04165013883379611,3,1,0.0,0.0,0.0,0.0,0.9108910891089109,0.4752066115702479,-0.046528606854497015,0.0,0.049586776859504134
JIRA,wicket-1.5.3,LogisticRegression,2521,67,0.04165013883379611,3,1,0.10784313725490197,0.5238095238095238,0.17886178861788618,0.6521692075870152,0.8,0.7884691066509248,0.16697496116857236,0.5238095238095238,0.18801652892561985
JIRA,wicket-1.5.3,GaussianNB,2521,67,0.04165013883379611,3,1,0.1111111111111111,0.19047619047619047,0.14035087719298245,0.42176145311925883,0.902970297029703,0.7921585989767809,0.09648883749407663,0.19047619047619047,0.06611570247933884
JIRA,wicket-1.5.3,DecisionTree,2521,67,0.04165013883379611,3,1,0.21212121212121213,0.3333333333333333,0.25925925925925924,0.5616288785712314,0.9207920792079208,0.6405450609996064,0.22587271708856257,0.3333333333333333,0.05371900826446281
JIRA,wicket-1.5.3,RandomForest,2521,67,0.04165013883379611,3,1,0.0,0.0,0.0,0.0,0.9584158415841584,0.8079004329004329,0.0,0.0,0.0
JIRA,wicket-1.5.3,KNN,2521,67,0.04165013883379611,3,1,1.0,0.047619047619047616,0.09090909090909091,0.21821789023599236,0.9603960396039604,0.6273612750885478,0.21384434262392824,0.047619047619047616,0.0
JIRA,wicket-1.5.3,Dummy,2521,67,0.04165013883379611,3,2,0.08333333333333333,0.09523809523809523,0.08888888888888889,0.30149648118545086,0.9186507936507936,0.5248447204968945,0.04662524041201569,0.09523809523809523,0.045548654244306416
JIRA,wicket-1.5.3,LogisticRegression,2521,67,0.04165013883379611,3,2,0.1232876712328767,0.42857142857142855,0.19148936170212766,0.6097405153072071,0.8492063492063492,0.7471162377994676,0.16810168020770816,0.42857142857142855,0.13250517598343686
JIRA,wicket-1.5.3,GaussianNB,2521,67,0.04165013883379611,3,2,0.2127659574468085,0.47619047619047616,0.29411764705882354,0.6631079223857533,0.9047619047619048,0.7791087449472542,0.27459104002683943,0.47619047619047616,0.07660455486542443
JIRA,wicket-1.5.3,DecisionTree,2521,67,0.04165013883379611,3,2,0.15384615384615385,0.19047619047619047,0.1702127659574468,0.42638041270022925,0.9226190476190477,0.5734496697229616,0.1309282911875248,0.19047619047619047,0.045548654244306416
JIRA,wicket-1.5.3,RandomForest,2521,67,0.04165013883379611,3,2,0.0,0.0,0.0,0.0,0.9563492063492064,0.7656018929310855,-0.009297198200151112,0.0,0.002070393374741201
JIRA,wicket-1.5.3,KNN,2521,67,0.04165013883379611,3,2,0.0,0.0,0.0,0.0,0.9563492063492064,0.6361037168490585,-0.009297198200151112,0.0,0.002070393374741201
JIRA,wicket-1.5.3,Dummy,2521,67,0.04165013883379611,3,3,0.041666666666666664,0.047619047619047616,0.044444444444444446,0.21295885499997996,0.9146825396825397,0.5,0.0,0.047619047619047616,0.047619047619047616
JIRA,wicket-1.5.3,LogisticRegression,2521,67,0.04165013883379611,3,3,0.13761467889908258,0.7142857142857143,0.23076923076923078,0.7584679213361287,0.8015873015873016,0.7843833185448092,0.2522307357348032,0.7142857142857143,0.19461697722567287
JIRA,wicket-1.5.3,GaussianNB,2521,67,0.04165013883379611,3,3,0.2033898305084746,0.5714285714285714,0.3,0.7182086888869174,0.8888888888888888,0.8129744651483781,0.29469010466828804,0.5714285714285714,0.09730848861283643
JIRA,wicket-1.5.3,DecisionTree,2521,67,0.04165013883379611,3,3,0.20689655172413793,0.2857142857142857,0.24,0.521640530957301,0.9246031746031746,0.6194419796904268,0.20430929188698482,0.2857142857142857,0.047619047619047616
JIRA,wicket-1.5.3,RandomForest,2521,67,0.04165013883379611,3,3,0.0,0.0,0.0,0.0,0.9583333333333334,0.8176082027013705,0.0,0.0,0.0
JIRA,wicket-1.5.3,KNN,2521,67,0.04165013883379611,3,3,0.5,0.047619047619047616,0.08695652173913043,0.21799187475304133,0.9583333333333334,0.6869269446909199,0.14477444422984784,0.047619047619047616,0.002070393374741201
JIRA,wicket-1.5.3,Dummy,2521,67,0.04165013883379611,3,4,0.041666666666666664,0.047619047619047616,0.044444444444444446,0.21295885499997996,0.9146825396825397,0.5,0.0,0.047619047619047616,0.047619047619047616
JIRA,wicket-1.5.3,LogisticRegression,2521,67,0.04165013883379611,3,4,0.12745098039215685,0.6190476190476191,0.21138211382113822,0.7106186059451646,0.8075396825396826,0.7877353840086759,0.21624310281005804,0.6190476190476191,0.18426501035196688
JIRA,wicket-1.5.3,GaussianNB,2521,67,0.04165013883379611,3,4,0.20512820512820512,0.38095238095238093,0.26666666666666666,0.5970779020348135,0.9126984126984127,0.7932071379276349,0.23690200308959106,0.38095238095238093,0.06418219461697723
JIRA,wicket-1.5.3,DecisionTree,2521,67,0.04165013883379611,3,4,0.0625,0.047619047619047616,0.05405405405405406,0.21480268901603208,0.9305555555555556,0.5083801636596669,0.018878008037275875,0.047619047619047616,0.031055900621118012
JIRA,wicket-1.5.3,RandomForest,2521,67,0.04165013883379611,3,4,0.0,0.0,0.0,0.0,0.9583333333333334,0.8228334812185742,0.0,0.0,0.0
JIRA,wicket-1.5.3,KNN,2521,67,0.04165013883379611,3,4,0.0,0.0,0.0,0.0,0.9543650793650794,0.6987577639751552,-0.013161313111804348,0.0,0.004140786749482402
JIRA,wicket-1.5.3,Dummy,2521,67,0.04165013883379611,3,5,0.041666666666666664,0.047619047619047616,0.044444444444444446,0.21295885499997996,0.9146825396825397,0.5,0.0,0.047619047619047616,0.047619047619047616
JIRA,wicket-1.5.3,LogisticRegression,2521,67,0.04165013883379611,3,5,0.13333333333333333,0.5714285714285714,0.21621621621621623,0.6922053026462128,0.8273809523809523,0.8218475796115547,0.21388476306519727,0.5714285714285714,0.16149068322981366
JIRA,wicket-1.5.3,GaussianNB,2521,67,0.04165013883379611,3,5,0.15384615384615385,0.2857142857142857,0.2,0.5159393703675822,0.9047619047619048,0.8033619244799368,0.16257980604187622,0.2857142857142857,0.06832298136645963
JIRA,wicket-1.5.3,DecisionTree,2521,67,0.04165013883379611,3,5,0.07142857142857142,0.09523809523809523,0.08163265306122448,0.30018562071090815,0.9107142857142857,0.5218870156758356,0.03612298124458383,0.09523809523809523,0.053830227743271224
JIRA,wicket-1.5.3,RandomForest,2521,67,0.04165013883379611,3,5,0.0,0.0,0.0,0.0,0.9563492063492064,0.839495218377206,-0.009297198200151112,0.0,0.002070393374741201
JIRA,wicket-1.5.3,KNN,2521,67,0.04165013883379611,3,5,0.2,0.047619047619047616,0.07692307692307693,0.21731241790620195,0.9523809523809523,0.671152518978606,0.07931483187068208,0.047619047619047616,0.008281573498964804
Kamei,bugzilla,Dummy,4620,15,0.3670995670995671,1,1,0.37116564417177916,0.3558823529411765,0.3633633633633634,0.480580791186428,0.5411255411255411,0.5024274778404513,0.004899725610614146,0.3558823529411765,0.351027397260274
Kamei,bugzilla,LogisticRegression,4620,15,0.3670995670995671,1,1,0.5448113207547169,0.6794117647058824,0.6047120418848168,0.6744480239323868,0.6731601731601732,0.7519691780821919,0.33769073121941007,0.6794117647058824,0.3304794520547945
Kamei,bugzilla,GaussianNB,4620,15,0.3670995670995671,1,1,0.380897583429229,0.9735294117647059,0.5475599669148056,0.27691535024379677,0.408008658008658,0.7092767929089444,0.10659272487566773,0.9735294117647059,0.9212328767123288
Kamei,bugzilla,DecisionTree,4620,15,0.3670995670995671,1,1,0.6264044943820225,0.6558823529411765,0.6408045977011494,0.7116964841673368,0.7294372294372294,0.727163074133763,0.4242630254558156,0.6558823529411765,0.22773972602739725
Kamei,bugzilla,RandomForest,4620,15,0.3670995670995671,1,1,0.7038327526132404,0.5941176470588235,0.6443381180223285,0.7124921363208843,0.7586580086580087,0.8251964141821112,0.4674822803526288,0.5941176470588235,0.14554794520547945
Kamei,bugzilla,KNN,4620,15,0.3670995670995671,1,1,0.5714285714285714,0.4588235294117647,0.5089722675367048,0.6057241056650485,0.6742424242424242,0.691561744560838,0.2732139036068031,0.4588235294117647,0.20034246575342465
Kamei,bugzilla,Dummy,4620,15,0.3670995670995671,1,2,0.3730886850152905,0.35988200589970504,0.3663663663663664,0.48349716452714725,0.5432900432900433,0.5047273277361772,0.009529331782395812,0.35988200589970504,0.3504273504273504
Kamei,bugzilla,LogisticRegression,4620,15,0.3670995670995671,1,2,0.5252100840336135,0.7374631268436578,0.6134969325153374,0.6727279107807056,0.6590909090909091,0.7692005143332578,0.338620737390315,0.7374631268436578,0.38632478632478634
Kamei,bugzilla,GaussianNB,4620,15,0.3670995670995671,1,2,0.37585421412300685,0.9734513274336283,0.5423171733771569,0.24813044238056134,0.3971861471861472,0.6994024657741471,0.08132200830561954,0.9734513274336283,0.9367521367521368
Kamei,bugzilla,DecisionTree,4620,15,0.3670995670995671,1,2,0.5643835616438356,0.6076696165191741,0.5852272727272727,0.6652128463910677,0.683982683982684,0.6815419912765045,0.3311332528135491,0.6076696165191741,0.2717948717948718
Kamei,bugzilla,RandomForest,4620,15,0.3670995670995671,1,2,0.74,0.6548672566371682,0.6948356807511737,0.7533602208896346,0.788961038961039,0.8430476766759953,0.5367937151507726,0.6548672566371682,0.13333333333333333
Kamei,bugzilla,KNN,4620,15,0.3670995670995671,1,2,0.6254416961130742,0.5221238938053098,0.5691318327974276,0.6538477110816714,0.70995670995671,0.7354738673322744,0.3564653695703409,0.5221238938053098,0.1811965811965812
Kamei,bugzilla,Dummy,4620,15,0.3670995670995671,1,3,0.39755351681957185,0.3834808259587021,0.39039039039039036,0.5043241402249499,0.5606060606060606,0.5233643446032826,0.047097769401313064,0.3834808259587021,0.3367521367521368
Kamei,bugzilla,LogisticRegression,4620,15,0.3670995670995671,1,3,0.5330296127562643,0.6902654867256637,0.6015424164524421,0.6696100216700344,0.6645021645021645,0.7339233038348083,0.32797955031569614,0.6902654867256637,0.3504273504273504
Kamei,bugzilla,GaussianNB,4620,15,0.3670995670995671,1,3,0.37191011235955057,0.976401179941003,0.5386493083807974,0.20831612514968184,0.38636363636363635,0.6684517056198472,0.05336521067906385,0.976401179941003,0.9555555555555556
Kamei,bugzilla,DecisionTree,4620,15,0.3670995670995671,1,3,0.5297157622739018,0.6047197640117994,0.5647382920110193,0.6454337505269148,0.658008658008658,0.6551849330610392,0.28681641771928323,0.6047197640117994,0.3111111111111111
Kamei,bugzilla,RandomForest,4620,15,0.3670995670995671,1,3,0.6702127659574468,0.5575221238938053,0.6086956521739131,0.6847557240606057,0.737012987012987,0.7962231802939767,0.41712487726027364,0.5575221238938053,0.15897435897435896
Kamei,bugzilla,KNN,4620,15,0.3670995670995671,1,3,0.5960912052117264,0.5398230088495575,0.56656346749226,0.6522261773809246,0.696969696969697,0.719378261856138,0.33546771752037546,0.5398230088495575,0.21196581196581196
Kamei,bugzilla,Dummy,4620,15,0.3670995670995671,1,4,0.38837920489296635,0.3746312684365782,0.3813813813813814,0.4965402323119595,0.5541125541125541,0.5163754632781182,0.03300960529421909,0.3746312684365782,0.3418803418803419
Kamei,bugzilla,LogisticRegression,4620,15,0.3670995670995671,1,4,0.5381062355658198,0.6873156342182891,0.6036269430051814,0.6725592391842048,0.6688311688311688,0.7427930312886065,0.33362592759222176,0.6873156342182891,0.3418803418803419
Kamei,bugzilla,GaussianNB,4620,15,0.3670995670995671,1,4,0.376844494892168,0.9793510324483776,0.5442622950819672,0.24549492019790775,0.39826839826839827,0.6942112296094597,0.09355507177163216,0.9793510324483776,0.9384615384615385
Kamei,bugzilla,DecisionTree,4620,15,0.3670995670995671,1,4,0.5462184873949579,0.5752212389380531,0.5603448275862069,0.6449257349027274,0.6688311688311688,0.6697829211103548,0.2952587127920759,0.5752212389380531,0.27692307692307694
Kamei,bugzilla,RandomForest,4620,15,0.3670995670995671,1,4,0.720754716981132,0.5634218289085545,0.6324503311258278,0.7015350136217122,0.7597402597402597,0.8227415979628369,0.4656076728768201,0.5634218289085545,0.1264957264957265
Kamei,bugzilla,KNN,4620,15,0.3670995670995671,1,4,0.5614617940199336,0.49852507374631266,0.528125,0.6213190523381902,0.6731601731601732,0.7042634193076671,0.2806264872566928,0.49852507374631266,0.22564102564102564
Kamei,bugzilla,Dummy,4620,15,0.3670995670995671,1,5,0.40672782874617736,0.39233038348082594,0.3993993993993994,0.5120783526135327,0.5670995670995671,0.5303532259284472,0.06118593350840703,0.39233038348082594,0.3316239316239316
Kamei,bugzilla,LogisticRegression,4620,15,0.3670995670995671,1,5,0.5504807692307693,0.6755162241887905,0.6066225165562914,0.6779247584843388,0.6785714285714286,0.7559690391548799,0.3447276524195888,0.6755162241887905,0.31965811965811963
Kamei,bugzilla,GaussianNB,4620,15,0.3670995670995671,1,5,0.41002570694087404,0.9410029498525073,0.5711727842435094,0.45019724391623145,0.4816017316017316,0.6912336434460328,0.2066397054078468,0.9410029498525073,0.7846153846153846
Kamei,bugzilla,DecisionTree,4620,15,0.3670995670995671,1,5,0.5904255319148937,0.6548672566371682,0.620979020979021,0.6946040963141835,0.7067099567099567,0.7147416988124953,0.3842003629534889,0.6548672566371682,0.26324786324786326
Kamei,bugzilla,RandomForest,4620,15,0.3670995670995671,1,5,0.7,0.5781710914454278,0.6332794830371568,0.7036701305823465,0.7543290043290043,0.811940599551219,0.4557502497758786,0.5781710914454278,0.14358974358974358
Kamei,bugzilla,KNN,4620,15,0.3670995670995671,1,5,0.5724137931034483,0.4896755162241888,0.5278219395866455,0.6211932451564091,0.6785714285714286,0.7071931018833674,0.28841989221179365,0.4896755162241888,0.21196581196581196
Kamei,bugzilla,Dummy,4620,15,0.3670995670995671,2,1,0.39263803680981596,0.3764705882352941,0.3843843843843844,0.49883021904200264,0.5562770562770563,0.5187147461724415,0.03777464806855221,0.3764705882352941,0.339041095890411
Kamei,bugzilla,LogisticRegression,4620,15,0.3670995670995671,2,1,0.5460385438972163,0.75,0.6319702602230484,0.6911871859542805,0.6785714285714286,0.7796081788879936,0.3732715875173082,0.75,0.363013698630137
Kamei,bugzilla,GaussianNB,4620,15,0.3670995670995671,2,1,0.3747178329571106,0.9764705882352941,0.5415986949429038,0.22396687334191362,0.3917748917748918,0.7214318090249798,0.06761039808493773,0.9764705882352941,0.9486301369863014
Kamei,bugzilla,DecisionTree,4620,15,0.3670995670995671,2,1,0.5552763819095478,0.65,0.5989159891598916,0.6730502026910516,0.6796536796536796,0.701072723609992,0.33786100367612965,0.65,0.3030821917808219
Kamei,bugzilla,RandomForest,4620,15,0.3670995670995671,2,1,0.6908517350157729,0.6441176470588236,0.6666666666666666,0.7321402951379645,0.762987012987013,0.8404814665592265,0.48385037645079887,0.6441176470588236,0.1678082191780822
Kamei,bugzilla,KNN,4620,15,0.3670995670995671,2,1,0.6310679611650486,0.5735294117647058,0.600924499229584,0.6793918809945564,0.7196969696969697,0.7409271756647864,0.3867166755130683,0.5735294117647058,0.1952054794520548
Kamei,bugzilla,Dummy,4620,15,0.3670995670995671,2,2,0.382262996941896,0.3687315634218289,0.37537537537537535,0.491333766117752,0.5497835497835498,0.5117162090613419,0.023617495889489783,0.3687315634218289,0.3452991452991453
Kamei,bugzilla,LogisticRegression,4620,15,0.3670995670995671,2,2,0.5456674473067916,0.6873156342182891,0.608355091383812,0.6777796997050177,0.6753246753246753,0.7500945465547235,0.34384236440837274,0.6873156342182891,0.3316239316239316
Kamei,bugzilla,GaussianNB,4620,15,0.3670995670995671,2,2,0.3838268792710706,0.9941002949852508,0.5538208709942481,0.2734409199751189,0.41233766233766234,0.713713032297103,0.15359333967697805,0.9941002949852508,0.9247863247863248
Kamei,bugzilla,DecisionTree,4620,15,0.3670995670995671,2,2,0.569060773480663,0.6076696165191741,0.5877318116975749,0.6675510358372566,0.6872294372294372,0.6864962307440183,0.33667702037599784,0.6076696165191741,0.26666666666666666
Kamei,bugzilla,RandomForest,4620,15,0.3670995670995671,2,2,0.7208480565371025,0.6017699115044248,0.6559485530546624,0.7214605025837816,0.7683982683982684,0.8275521266671709,0.4879986709568145,0.6017699115044248,0.13504273504273503
Kamei,bugzilla,KNN,4620,15,0.3670995670995671,2,2,0.5884353741496599,0.5103244837758112,0.5466034755134281,0.6362155207482644,0.6893939393939394,0.7194791115145098,0.3140318941340746,0.5103244837758112,0.20683760683760682
Kamei,bugzilla,Dummy,4620,15,0.3670995670995671,2,3,0.327217125382263,0.31563421828908556,0.3213213213213213,0.4437726561940222,0.5108225108225108,0.4697829211103548,-0.06091148875307403,0.31563421828908556,0.37606837606837606
Kamei,bugzilla,LogisticRegression,4620,15,0.3670995670995671,2,3,0.5296912114014252,0.6578171091445427,0.5868421052631579,0.6596751612401054,0.6601731601731602,0.7452588054357966,0.30904892542958173,0.6578171091445427,0.3384615384615385
Kamei,bugzilla,GaussianNB,4620,15,0.3670995670995671,2,3,0.3716216216216216,0.9734513274336283,0.5378973105134475,0.2119634940376031,0.38636363636363635,0.6772104984494366,0.04883045160432198,0.9734513274336283,0.9538461538461539
Kamei,bugzilla,DecisionTree,4620,15,0.3670995670995671,2,3,0.5855614973262032,0.6460176991150443,0.6143057503506312,0.6890940548601017,0.7023809523809523,0.6989083024481255,0.37415753371475097,0.6460176991150443,0.26495726495726496
Kamei,bugzilla,RandomForest,4620,15,0.3670995670995671,2,3,0.7131782945736435,0.5427728613569321,0.6164154103852596,0.6885596662144994,0.7521645021645021,0.8147492625368731,0.44721192061473103,0.5427728613569321,0.1264957264957265
Kamei,bugzilla,KNN,4620,15,0.3670995670995671,2,3,0.5895522388059702,0.46607669616519176,0.5205930807248764,0.6151734251738391,0.685064935064935,0.6976502029599374,0.2953042265931244,0.46607669616519176,0.18803418803418803
Kamei,bugzilla,Dummy,4620,15,0.3670995670995671,2,4,0.3547400611620795,0.3421828908554572,0.3483483483483483,0.4677211551128194,0.5303030303030303,0.4907495650858482,-0.018646996431792125,0.3421828908554572,0.3606837606837607
Kamei,bugzilla,LogisticRegression,4620,15,0.3670995670995671,2,4,0.5135135135135135,0.672566371681416,0.5823754789272031,0.6513326131146354,0.6461038961038961,0.7258906285454958,0.292609933053302,0.672566371681416,0.36923076923076925
Kamei,bugzilla,GaussianNB,4620,15,0.3670995670995671,2,4,0.3744343891402715,0.976401179941003,0.5412919051512673,0.2311059909948158,0.39285714285714285,0.6624183748077553,0.07365639424905351,0.976401179941003,0.9452991452991453
Kamei,bugzilla,DecisionTree,4620,15,0.3670995670995671,2,4,0.5445026178010471,0.6135693215339233,0.5769764216366158,0.6565605682222669,0.6699134199134199,0.6696543377959306,0.30939755165820415,0.6135693215339233,0.29743589743589743
Kamei,bugzilla,RandomForest,4620,15,0.3670995670995671,2,4,0.6577181208053692,0.5781710914454278,0.6153846153846154,0.6909137232223674,0.7348484848484849,0.7927085696997201,0.4163531263395923,0.5781710914454278,0.17435897435897435
Kamei,bugzilla,KNN,4620,15,0.3670995670995671,2,4,0.5445544554455446,0.48672566371681414,0.514018691588785,0.6098428712877932,0.6623376623376623,0.6728588356906942,0.25750583682386613,0.48672566371681414,0.2358974358974359
Kamei,bugzilla,Dummy,4620,15,0.3670995670995671,2,5,0.3730886850152905,0.35988200589970504,0.3663663663663664,0.48349716452714725,0.5432900432900433,0.5047273277361772,0.009529331782395812,0.35988200589970504,0.3504273504273504
Kamei,bugzilla,LogisticRegression,4620,15,0.3670995670995671,2,5,0.5379146919431279,0.6696165191740413,0.5965834428383706,0.6681399649644483,0.6677489177489178,0.7469581221793611,0.3253680100842175,0.6696165191740413,0.3333333333333333
Kamei,bugzilla,GaussianNB,4620,15,0.3670995670995671,2,5,0.408,0.9026548672566371,0.5619834710743802,0.46643645655699545,0.4837662337662338,0.6934372084814562,0.1771211331501484,0.9026548672566371,0.7589743589743589
Kamei,bugzilla,DecisionTree,4620,15,0.3670995670995671,2,5,0.5658682634730539,0.5575221238938053,0.5616641901931649,0.6475591706630913,0.6807359307359307,0.6688198068729042,0.31064336071982035,0.5575221238938053,0.24786324786324787
Kamei,bugzilla,RandomForest,4620,15,0.3670995670995671,2,5,0.7470817120622568,0.5663716814159292,0.6442953020134228,0.7095361122535885,0.7705627705627706,0.8245720192622847,0.48967546185175503,0.5663716814159292,0.1111111111111111
Kamei,bugzilla,KNN,4620,15,0.3670995670995671,2,5,0.562962962962963,0.44837758112094395,0.49917898193760263,0.5982771995430961,0.6699134199134199,0.7010488364470666,0.26140877041748734,0.44837758112094395,0.20170940170940171
Kamei,bugzilla,Dummy,4620,15,0.3670995670995671,3,1,0.36809815950920244,0.35294117647058826,0.36036036036036034,0.47795899675449743,0.538961038961039,0.5001007252215955,0.0002033081166229936,0.35294117647058826,0.3527397260273973
Kamei,bugzilla,LogisticRegression,4620,15,0.3670995670995671,3,1,0.5707964601769911,0.7588235294117647,0.6515151515151515,0.7118627605422956,0.7012987012987013,0.7866035455278002,0.41158433447466336,0.7588235294117647,0.3321917808219178
Kamei,bugzilla,GaussianNB,4620,15,0.3670995670995671,3,1,0.37682789651293586,0.9852941176470589,0.5451586655817738,0.22497649622067742,0.395021645021645,0.7353041901692183,0.09261910811068547,0.9852941176470589,0.9486301369863014
Kamei,bugzilla,DecisionTree,4620,15,0.3670995670995671,3,1,0.5755813953488372,0.5823529411764706,0.5789473684210527,0.660881763920259,0.6883116883116883,0.6765285052377116,0.33155241105086986,0.5823529411764706,0.25
Kamei,bugzilla,RandomForest,4620,15,0.3670995670995671,3,1,0.7092198581560284,0.5882352941176471,0.6430868167202572,0.711084110643282,0.7597402597402597,0.8214242546333602,0.4689877550767168,0.5882352941176471,0.1404109589041096
Kamei,bugzilla,KNN,4620,15,0.3670995670995671,3,1,0.5753424657534246,0.49411764705882355,0.5316455696202531,0.623860766713987,0.6796536796536796,0.7069399677679291,0.2922939107942103,0.49411764705882355,0.21232876712328766
Kamei,bugzilla,Dummy,4620,15,0.3670995670995671,3,2,0.3516819571865443,0.3392330383480826,0.34534534534534533,0.4650777405906243,0.5281385281385281,0.4884199379774601,-0.023343051134156783,0.3392330383480826,0.3623931623931624
Kamei,bugzilla,LogisticRegression,4620,15,0.3670995670995671,3,2,0.5470459518599562,0.7374631268436578,0.628140703517588,0.6903003953400804,0.6796536796536796,0.7769911504424778,0.36979331507730695,0.7374631268436578,0.35384615384615387
Kamei,bugzilla,GaussianNB,4620,15,0.3670995670995671,3,2,0.3785310734463277,0.9882005899705014,0.5473856209150327,0.24315244646200324,0.4004329004329004,0.7220432140786124,0.1151286105523688,0.9882005899705014,0.9401709401709402
Kamei,bugzilla,DecisionTree,4620,15,0.3670995670995671,3,2,0.6288951841359773,0.6548672566371682,0.6416184971098265,0.712896744556152,0.7316017316017316,0.7314121473413508,0.42744946843180553,0.6548672566371682,0.22393162393162394
Kamei,bugzilla,RandomForest,4620,15,0.3670995670995671,3,2,0.7306397306397306,0.640117994100295,0.6823899371069182,0.7433575792534761,0.7813852813852814,0.842129944784812,0.5194569265862642,0.640117994100295,0.13675213675213677
Kamei,bugzilla,KNN,4620,15,0.3670995670995671,3,2,0.6,0.5221238938053098,0.5583596214511041,0.6456056037300618,0.696969696969697,0.7169225726747851,0.331248257271016,0.5221238938053098,0.20170940170940171
Kamei,bugzilla,Dummy,4620,15,0.3670995670995671,3,3,0.3761467889908257,0.36283185840707965,0.36936936936936937,0.4861130290517233,0.5454545454545454,0.5070569548445655,0.01422538648476047,0.36283185840707965,0.3487179487179487
Kamei,bugzilla,LogisticRegression,4620,15,0.3670995670995671,3,3,0.5157657657657657,0.6755162241887905,0.5849297573435505,0.6536433107529331,0.6482683982683982,0.7328795098706604,0.29710444030347244,0.6755162241887905,0.36752136752136755
Kamei,bugzilla,GaussianNB,4620,15,0.3670995670995671,3,3,0.4153225806451613,0.911504424778761,0.5706371191135734,0.4834450157738782,0.4967532467532468,0.6911630486851725,0.2043354558598744,0.911504424778761,0.7435897435897436
Kamei,bugzilla,DecisionTree,4620,15,0.3670995670995671,3,3,0.5819672131147541,0.6283185840707964,0.6042553191489362,0.6811674597607374,0.698051948051948,0.6929380026725159,0.36143144266217153,0.6283185840707964,0.26153846153846155
Kamei,bugzilla,RandomForest,4620,15,0.3670995670995671,3,3,0.6879194630872483,0.6047197640117994,0.6436420722135008,0.7131513353902508,0.7543290043290043,0.8140080175478405,0.45958871734181567,0.6047197640117994,0.15897435897435896
Kamei,bugzilla,KNN,4620,15,0.3670995670995671,3,3,0.5785953177257525,0.5103244837758112,0.542319749216301,0.6327783507014172,0.683982683982684,0.6945440334820866,0.30383350344735516,0.5103244837758112,0.2153846153846154
Kamei,bugzilla,Dummy,4620,15,0.3670995670995671,3,4,0.363914373088685,0.35103244837758113,0.35735735735735735,0.47562686128588594,0.5367965367965368,0.4977384464110127,-0.004558832324698157,0.35103244837758113,0.35555555555555557
Kamei,bugzilla,LogisticRegression,4620,15,0.3670995670995671,3,4,0.5211267605633803,0.6548672566371682,0.5803921568627451,0.6530721937275422,0.6525974025974026,0.7212162468799637,0.295999919684178,0.6548672566371682,0.3487179487179487
Kamei,bugzilla,GaussianNB,4620,15,0.3670995670995671,3,4,0.3735763097949886,0.967551622418879,0.5390304026294166,0.24059863654103075,0.39285714285714285,0.6440007059476086,0.0606730564852314,0.967551622418879,0.9401709401709402
Kamei,bugzilla,DecisionTree,4620,15,0.3670995670995671,3,4,0.5646067415730337,0.5929203539823009,0.5784172661870504,0.6601680078992446,0.6829004329004329,0.6836169729975039,0.324790698778274,0.5929203539823009,0.26495726495726496
Kamei,bugzilla,RandomForest,4620,15,0.3670995670995671,3,4,0.6886446886446886,0.5545722713864307,0.6143790849673203,0.6884717818090853,0.7445887445887446,0.8089453646975772,0.4323338028803723,0.5545722713864307,0.1452991452991453
Kamei,bugzilla,KNN,4620,15,0.3670995670995671,3,4,0.5962264150943396,0.46607669616519176,0.5231788079470199,0.617113020397013,0.6883116883116883,0.6988830900335326,0.301759167281141,0.46607669616519176,0.1829059829059829
Kamei,bugzilla,Dummy,4620,15,0.3670995670995671,3,5,0.3577981651376147,0.34513274336283184,0.35135135135135137,0.4703604341917987,0.5324675324675324,0.49307919219423635,-0.01395094172942747,0.34513274336283184,0.358974358974359
Kamei,bugzilla,LogisticRegression,4620,15,0.3670995670995671,3,5,0.5247058823529411,0.6578171091445427,0.5837696335078534,0.6562571322231687,0.6558441558441559,0.7416130902856567,0.30220944297857605,0.6578171091445427,0.3452991452991453
Kamei,bugzilla,GaussianNB,4620,15,0.3670995670995671,3,5,0.3764172335600907,0.9793510324483776,0.5438165438165438,0.24206125570608258,0.3971861471861472,0.6770970425837682,0.09065344210855517,0.9793510324483776,0.9401709401709402
Kamei,bugzilla,DecisionTree,4620,15,0.3670995670995671,3,5,0.5616797900262467,0.6312684365781711,0.5944444444444444,0.6716101414017164,0.683982683982684,0.6973476539848221,0.33856206706541164,0.6312684365781711,0.28547008547008546
Kamei,bugzilla,RandomForest,4620,15,0.3670995670995671,3,5,0.6791808873720137,0.5870206489675516,0.629746835443038,0.7019230467027163,0.7467532467532467,0.8225600685777676,0.4415523529898814,0.5870206489675516,0.1606837606837607
Kamei,bugzilla,KNN,4620,15,0.3670995670995671,3,5,0.5618729096989966,0.49557522123893805,0.5266457680250783,0.6201614766870229,0.6731601731601732,0.7000428611048081,0.27983475516254586,0.49557522123893805,0.22393162393162394
Kamei,columba,Dummy,4455,15,0.30549943883277214,1,1,0.27611940298507465,0.27205882352941174,0.2740740740740741,0.43219580616045056,0.5600448933782267,0.4793250498907156,-0.04152339188061763,0.27205882352941174,0.3134087237479806
Kamei,columba,LogisticRegression,4455,15,0.30549943883277214,1,1,0.4860335195530726,0.6397058823529411,0.5523809523809524,0.6704856326274421,0.6835016835016835,0.7306257721182172,0.32168045875444423,0.6397058823529411,0.2972536348949919
Kamei,columba,GaussianNB,4455,15,0.30549943883277214,1,1,0.5609756097560976,0.16911764705882354,0.2598870056497175,0.3991015520458249,0.7059483726150393,0.6747065950774493,0.17677156392919688,0.16911764705882354,0.05815831987075929
Kamei,columba,DecisionTree,4455,15,0.30549943883277214,1,1,0.43636363636363634,0.5294117647058824,0.47840531561461797,0.6085488102618872,0.6475869809203143,0.6266481754252589,0.2183175281850847,0.5294117647058824,0.30048465266558966
Kamei,columba,RandomForest,4455,15,0.30549943883277214,1,1,0.6618357487922706,0.5036764705882353,0.5720250521920668,0.66836958611209,0.7699214365881033,0.7968319395609617,0.42593037893163,0.5036764705882353,0.11308562197092084
Kamei,columba,KNN,4455,15,0.30549943883277214,1,1,0.5978260869565217,0.40441176470588236,0.4824561403508772,0.5967120625267709,0.7351290684624018,0.7091341585099307,0.3240775073594289,0.40441176470588236,0.11954765751211632
Kamei,columba,Dummy,4455,15,0.30549943883277214,1,2,0.29850746268656714,0.29411764705882354,0.2962962962962963,0.4525367484472825,0.5735129068462402,0.4952009883113181,-0.00963829377751768,0.29411764705882354,0.3037156704361874
Kamei,columba,LogisticRegression,4455,15,0.30549943883277214,1,2,0.4878048780487805,0.5882352941176471,0.5333333333333333,0.654664039241768,0.6857463524130191,0.6990580157749692,0.30252737727993195,0.5882352941176471,0.27140549273021003
Kamei,columba,GaussianNB,4455,15,0.30549943883277214,1,2,0.6190476190476191,0.14338235294117646,0.23283582089552238,0.37124533906442486,0.7115600448933782,0.6743264753397319,0.1879395209191521,0.14338235294117646,0.03877221324717286
Kamei,columba,DecisionTree,4455,15,0.30549943883277214,1,2,0.44107744107744107,0.48161764705882354,0.46045694200351495,0.5936834909508093,0.6554433221099888,0.6191408106053407,0.20851658132358772,0.48161764705882354,0.2681744749596123
Kamei,columba,RandomForest,4455,15,0.30549943883277214,1,2,0.63,0.4632352941176471,0.5338983050847458,0.6386365162038155,0.7530864197530864,0.763999097215623,0.3793496298632602,0.4632352941176471,0.11954765751211632
Kamei,columba,KNN,4455,15,0.30549943883277214,1,2,0.5169082125603864,0.39338235294117646,0.44676409185803756,0.5743092235821673,0.7025813692480359,0.6757133184453104,0.2528069048072368,0.39338235294117646,0.16155088852988692
Kamei,columba,Dummy,4455,15,0.30549943883277214,1,3,0.30597014925373134,0.3014705882352941,0.3037037037037037,0.4592203210230583,0.5780022446689114,0.5004929677848523,0.0009900722568489694,0.3014705882352941,0.30048465266558966
Kamei,columba,LogisticRegression,4455,15,0.30549943883277214,1,3,0.4876712328767123,0.6544117647058824,0.5588697017268446,0.6758060852548113,0.6846240179573513,0.7234094364724889,0.329926666346727,0.6544117647058824,0.30210016155088854
Kamei,columba,GaussianNB,4455,15,0.30549943883277214,1,3,0.6349206349206349,0.14705882352941177,0.23880597014925373,0.37629058226286294,0.7138047138047138,0.6997261950014255,0.19744693664270654,0.14705882352941177,0.03715670436187399
Kamei,columba,DecisionTree,4455,15,0.30549943883277214,1,3,0.4573170731707317,0.5514705882352942,0.5,0.6268088904573101,0.6632996632996633,0.6409175140169152,0.25199650348786173,0.5514705882352942,0.2875605815831987
Kamei,columba,RandomForest,4455,15,0.30549943883277214,1,3,0.6318181818181818,0.5110294117647058,0.5650406504065041,0.66645182480128,0.7598204264870931,0.7768043808799772,0.40601180895908434,0.5110294117647058,0.1308562197092084
Kamei,columba,KNN,4455,15,0.30549943883277214,1,3,0.5251141552511416,0.4227941176470588,0.4684317718940937,0.5930929452127409,0.7070707070707071,0.7057012021286706,0.27251502405301486,0.4227941176470588,0.1680129240710824
Kamei,columba,Dummy,4455,15,0.30549943883277214,1,4,0.2835820895522388,0.27941176470588236,0.2814814814814815,0.4390267241368337,0.5645342312008979,0.48461702936424966,-0.03089502584625098,0.27941176470588236,0.31017770597738287
Kamei,columba,LogisticRegression,4455,15,0.30549943883277214,1,4,0.5031055900621118,0.5955882352941176,0.5454545454545454,0.6645598103395798,0.696969696969697,0.7381925306471538,0.3231567547196074,0.5955882352941176,0.25848142164781907
Kamei,columba,GaussianNB,4455,15,0.30549943883277214,1,4,0.5,0.3639705882352941,0.42127659574468085,0.5529546220318792,0.6947250280583613,0.7012080680414331,0.22601417637568974,0.3639705882352941,0.15993537964458804
Kamei,columba,DecisionTree,4455,15,0.30549943883277214,1,4,0.5201342281879194,0.5698529411764706,0.543859649122807,0.6619718915009294,0.7081930415263749,0.6848866768031929,0.3307369986046867,0.5698529411764706,0.2310177705977383
Kamei,columba,RandomForest,4455,15,0.30549943883277214,1,4,0.6682464454976303,0.5183823529411765,0.5838509316770186,0.6780566068847601,0.7744107744107744,0.7944502518293263,0.43904313759637753,0.5183823529411765,0.11308562197092084
Kamei,columba,KNN,4455,15,0.30549943883277214,1,4,0.5833333333333334,0.4117647058823529,0.4827586206896552,0.5987887295214561,0.7306397306397306,0.6989214102442269,0.3164433060069957,0.4117647058823529,0.12924071082390953
Kamei,columba,Dummy,4455,15,0.30549943883277214,1,5,0.2947761194029851,0.2893772893772894,0.2920517560073937,0.44819461131998645,0.5701459034792368,0.49177602332942144,-0.016533926628251278,0.2893772893772894,0.3058252427184466
Kamei,columba,LogisticRegression,4455,15,0.30549943883277214,1,5,0.5159420289855072,0.652014652014652,0.5760517799352751,0.6897992391892711,0.7059483726150393,0.7507320080135615,0.36132007915288283,0.652014652014652,0.2702265372168285
Kamei,columba,GaussianNB,4455,15,0.30549943883277214,1,5,0.581081081081081,0.1575091575091575,0.2478386167146974,0.38679220870515063,0.7070707070707071,0.743204476214185,0.17932464566863293,0.1575091575091575,0.05016181229773463
Kamei,columba,DecisionTree,4455,15,0.30549943883277214,1,5,0.4897959183673469,0.5274725274725275,0.5079365079365079,0.632016783779668,0.6868686868686869,0.6530519103334637,0.27918024693795906,0.5274725274725275,0.24271844660194175
Kamei,columba,RandomForest,4455,15,0.30549943883277214,1,5,0.6618357487922706,0.5018315018315018,0.5708333333333333,0.6670755174345854,0.7687991021324355,0.812843036144007,0.42415409270537185,0.5018315018315018,0.11326860841423948
Kamei,columba,KNN,4455,15,0.30549943883277214,1,5,0.6024096385542169,0.3663003663003663,0.45558086560364464,0.5719972986869619,0.7317620650953984,0.6999182047725736,0.3072536057850979,0.3663003663003663,0.10679611650485436
Kamei,columba,Dummy,4455,15,0.30549943883277214,2,1,0.2873134328358209,0.28308823529411764,0.2851851851851852,0.4424227700298029,0.5667789001122334,0.4872630191010169,-0.025580842829067654,0.28308823529411764,0.308562197092084
Kamei,columba,LogisticRegression,4455,15,0.30549943883277214,2,1,0.4943181818181818,0.6397058823529411,0.5576923076923077,0.6750938355379466,0.6902356902356902,0.7263731825525039,0.33173092483298044,0.6397058823529411,0.2875605815831987
Kamei,columba,GaussianNB,4455,15,0.30549943883277214,2,1,0.6052631578947368,0.16911764705882354,0.26436781609195403,0.40114999091897346,0.712682379349046,0.701139765276062,0.1989207422477236,0.16911764705882354,0.048465266558966075
Kamei,columba,DecisionTree,4455,15,0.30549943883277214,2,1,0.4658385093167702,0.5514705882352942,0.5050505050505051,0.6310584909245537,0.67003367003367,0.6512223225315974,0.26228089543171773,0.5514705882352942,0.2778675282714055
Kamei,columba,RandomForest,4455,15,0.30549943883277214,2,1,0.6728110599078341,0.5367647058823529,0.5971370143149284,0.6893454773289956,0.7789001122334456,0.7998788368336026,0.45284318323361183,0.5367647058823529,0.1147011308562197
Kamei,columba,KNN,4455,15,0.30549943883277214,2,1,0.5767441860465117,0.45588235294117646,0.5092402464065708,0.623588399254573,0.7317620650953984,0.7182807896987551,0.33244085849541466,0.45588235294117646,0.1470113085621971
Kamei,columba,Dummy,4455,15,0.30549943883277214,2,2,0.30970149253731344,0.30514705882352944,0.3074074074074074,0.4625451530671002,0.5802469135802469,0.5031389575216193,0.006304255274032294,0.30514705882352944,0.2988691437802908
Kamei,columba,LogisticRegression,4455,15,0.30549943883277214,2,2,0.4847560975609756,0.5845588235294118,0.53,0.6518910860153161,0.6835016835016835,0.7120830561626913,0.2974742899007249,0.5845588235294118,0.2730210016155089
Kamei,columba,GaussianNB,4455,15,0.30549943883277214,2,2,0.5540540540540541,0.15073529411764705,0.23699421965317918,0.3777556422973263,0.7037037037037037,0.6851183122683646,0.16257981320443632,0.15073529411764705,0.05331179321486268
Kamei,columba,DecisionTree,4455,15,0.30549943883277214,2,2,0.4939759036144578,0.6029411764705882,0.543046357615894,0.6627968236067941,0.6902356902356902,0.6762181649719662,0.3157803558692979,0.6029411764705882,0.27140549273021003
Kamei,columba,RandomForest,4455,15,0.30549943883277214,2,2,0.6715686274509803,0.5036764705882353,0.5756302521008403,0.670193244579726,0.7732884399551067,0.7949610377268839,0.43342508108404915,0.5036764705882353,0.10823909531502424
Kamei,columba,KNN,4455,15,0.30549943883277214,2,2,0.542713567839196,0.39705882352941174,0.4585987261146497,0.5819679426791362,0.7138047138047138,0.7049469020241376,0.2764857379528104,0.39705882352941174,0.1470113085621971
Kamei,columba,Dummy,4455,15,0.30549943883277214,2,3,0.26119402985074625,0.25735294117647056,0.25925925925925924,0.41836976525204383,0.5510662177328844,0.46874109094364724,-0.06278012394935092,0.25735294117647056,0.3198707592891761
Kamei,columba,LogisticRegression,4455,15,0.30549943883277214,2,3,0.4709141274238227,0.625,0.5371248025276462,0.6573801235339014,0.6711560044893379,0.7178086097120593,0.2968428558883925,0.625,0.308562197092084
Kamei,columba,GaussianNB,4455,15,0.30549943883277214,2,3,0.5066666666666667,0.27941176470588236,0.36018957345971564,0.4959926841738369,0.696969696969697,0.6628278532737812,0.19675510510038255,0.27941176470588236,0.11954765751211632
Kamei,columba,DecisionTree,4455,15,0.30549943883277214,2,3,0.43154761904761907,0.5330882352941176,0.4769736842105263,0.6071221937697738,0.6430976430976431,0.6248218188729451,0.2133439636758775,0.5330882352941176,0.308562197092084
Kamei,columba,RandomForest,4455,15,0.30549943883277214,2,3,0.6517412935323383,0.48161764705882354,0.5539112050739958,0.6535699013028408,0.7631874298540965,0.7752542050745985,0.4060527312662054,0.48161764705882354,0.11308562197092084
Kamei,columba,KNN,4455,15,0.30549943883277214,2,3,0.5631578947368421,0.39338235294117646,0.46320346320346323,0.5836392721210492,0.7216610549943884,0.7050449016440179,0.29153339005001716,0.39338235294117646,0.13408723747980614
Kamei,columba,Dummy,4455,15,0.30549943883277214,2,4,0.31716417910447764,0.3125,0.3148148148148148,0.469162110172988,0.5847362514029181,0.5084309369951535,0.016932621308398944,0.3125,0.2956381260096931
Kamei,columba,LogisticRegression,4455,15,0.30549943883277214,2,4,0.5382262996941896,0.6470588235294118,0.5876460767946577,0.6994384193353046,0.7227833894500562,0.7620094079635085,0.385165555313095,0.6470588235294118,0.24394184168012925
Kamei,columba,GaussianNB,4455,15,0.30549943883277214,2,4,0.5517241379310345,0.11764705882352941,0.19393939393939394,0.33571640149567233,0.7014590347923682,0.7287281431150813,0.14121043028704264,0.11764705882352941,0.0420032310177706
Kamei,columba,DecisionTree,4455,15,0.30549943883277214,2,4,0.5209003215434084,0.5955882352941176,0.5557461406518011,0.6724757991672613,0.7093153759820426,0.6858132186638792,0.3428577271359347,0.5955882352941176,0.2407108239095315
Kamei,columba,RandomForest,4455,15,0.30549943883277214,2,4,0.7189189189189189,0.4889705882352941,0.5820568927789934,0.6692487572481622,0.7856341189674523,0.8223712344388482,0.45978851055733333,0.4889705882352941,0.0840064620355412
Kamei,columba,KNN,4455,15,0.30549943883277214,2,4,0.5904255319148937,0.40808823529411764,0.4826086956521739,0.5977662019520188,0.7328843995510662,0.716564311508125,0.32020154154674224,0.40808823529411764,0.12439418416801293
Kamei,columba,Dummy,4455,15,0.30549943883277214,2,5,0.3283582089552239,0.32234432234432236,0.32532347504621073,0.47797241187737916,0.590347923681257,0.5155410932109962,0.03124465269857647,0.32234432234432236,0.2912621359223301
Kamei,columba,LogisticRegression,4455,15,0.30549943883277214,2,5,0.5087719298245614,0.6373626373626373,0.5658536585365853,0.6812481249796789,0.7003367003367004,0.728937728937729,0.34648551020139073,0.6373626373626373,0.27184466019417475
Kamei,columba,GaussianNB,4455,15,0.30549943883277214,2,5,0.5616438356164384,0.15018315018315018,0.23699421965317918,0.37736809137400434,0.7037037037037037,0.6975414014248965,0.1654042889124446,0.15018315018315018,0.05177993527508091
Kamei,columba,DecisionTree,4455,15,0.30549943883277214,2,5,0.446064139941691,0.5604395604395604,0.4967532467532468,0.6230057268668975,0.6520763187429854,0.6385540026316725,0.23969126690531042,0.5604395604395604,0.3074433656957929
Kamei,columba,RandomForest,4455,15,0.30549943883277214,2,5,0.6376146788990825,0.5091575091575091,0.5661914460285132,0.6663865480707667,0.7609427609427609,0.7957608734307764,0.40891775265308145,0.5091575091575091,0.127831715210356
Kamei,columba,KNN,4455,15,0.30549943883277214,2,5,0.5284974093264249,0.37362637362637363,0.43776824034334766,0.5644556602573847,0.7059483726150393,0.6803910760221439,0.253338879860034,0.37362637362637363,0.14724919093851133
Kamei,columba,Dummy,4455,15,0.30549943883277214,3,1,0.29850746268656714,0.29411764705882354,0.2962962962962963,0.4525367484472825,0.5735129068462402,0.4952009883113181,-0.00963829377751768,0.29411764705882354,0.3037156704361874
Kamei,columba,LogisticRegression,4455,15,0.30549943883277214,3,1,0.49271137026239065,0.6213235294117647,0.5495934959349593,0.668334039737938,0.6891133557800224,0.7161990401976622,0.32200205161510115,0.6213235294117647,0.28109854604200324
Kamei,columba,GaussianNB,4455,15,0.30549943883277214,3,1,0.5,0.17279411764705882,0.2568306010928962,0.39959235143444294,0.6947250280583613,0.6935492492635179,0.14521265592622482,0.17279411764705882,0.07592891760904685
Kamei,columba,DecisionTree,4455,15,0.30549943883277214,3,1,0.4813664596273292,0.5698529411764706,0.5218855218855218,0.6450676905430123,0.6812570145903479,0.6592167157654661,0.2876458368016718,0.5698529411764706,0.26978998384491115
Kamei,columba,RandomForest,4455,15,0.30549943883277214,3,1,0.6757990867579908,0.5441176470588235,0.6028513238289206,0.6940509618337481,0.7811447811447811,0.8006331369381354,0.45930569128454146,0.5441176470588235,0.1147011308562197
Kamei,columba,KNN,4455,15,0.30549943883277214,3,1,0.5668202764976958,0.4522058823529412,0.5030674846625767,0.6193019263541294,0.7272727272727273,0.7150764990972156,0.32225137109764035,0.4522058823529412,0.1518578352180937
Kamei,columba,Dummy,4455,15,0.30549943883277214,3,2,0.2873134328358209,0.28308823529411764,0.2851851851851852,0.4424227700298029,0.5667789001122334,0.4872630191010169,-0.025580842829067654,0.28308823529411764,0.308562197092084
Kamei,columba,LogisticRegression,4455,15,0.30549943883277214,3,2,0.5030674846625767,0.6029411764705882,0.5484949832775919,0.6671911048197964,0.696969696969697,0.712451297158605,0.3262438633441773,0.6029411764705882,0.2617124394184168
Kamei,columba,GaussianNB,4455,15,0.30549943883277214,3,2,0.5671641791044776,0.13970588235294118,0.22418879056047197,0.36491190117495487,0.7048260381593715,0.6860389147581488,0.1621583527024643,0.13970588235294118,0.046849757673667204
Kamei,columba,DecisionTree,4455,15,0.30549943883277214,3,2,0.46808510638297873,0.5661764705882353,0.5124792013311148,0.6372679379851202,0.6711560044893379,0.6572893899078209,0.27049494511335814,0.5661764705882353,0.2827140549273021
Kamei,columba,RandomForest,4455,15,0.30549943883277214,3,2,0.6214953271028038,0.4889705882352941,0.5473251028806584,0.6519093077337028,0.7530864197530864,0.7793404922550603,0.3860559959078784,0.4889705882352941,0.1308562197092084
Kamei,columba,KNN,4455,15,0.30549943883277214,3,2,0.4845360824742268,0.34558823529411764,0.4034334763948498,0.538291880690093,0.6879910213243546,0.6757192578162121,0.20536124378165252,0.34558823529411764,0.16155088852988692
Kamei,columba,Dummy,4455,15,0.30549943883277214,3,3,0.2947761194029851,0.29044117647058826,0.29259259259259257,0.44917750337177803,0.5712682379349046,0.49255499857455093,-0.014952476794701004,0.29044117647058826,0.3053311793214863
Kamei,columba,LogisticRegression,4455,15,0.30549943883277214,3,3,0.4928774928774929,0.6360294117647058,0.5553772070626003,0.6731511154366657,0.6891133557800224,0.7217167157654661,0.3284303444657194,0.6360294117647058,0.2875605815831987
Kamei,columba,GaussianNB,4455,15,0.30549943883277214,3,3,0.549618320610687,0.2647058823529412,0.3573200992555831,0.4893622735376625,0.7093153759820426,0.6785553074218379,0.22028113254720533,0.2647058823529412,0.09531502423263329
Kamei,columba,DecisionTree,4455,15,0.30549943883277214,3,3,0.46407185628742514,0.5698529411764706,0.5115511551155115,0.6364472448719407,0.6677890011223344,0.6434476860210967,0.2670149269819615,0.5698529411764706,0.28917609046849757
Kamei,columba,RandomForest,4455,15,0.30549943883277214,3,3,0.7019230769230769,0.5367647058823529,0.6083333333333333,0.694983108052959,0.7890011223344556,0.8185403402071653,0.47530745590133894,0.5367647058823529,0.10016155088852989
Kamei,columba,KNN,4455,15,0.30549943883277214,3,3,0.57,0.41911764705882354,0.4830508474576271,0.6007395897868245,0.7261503928170595,0.7148864392283569,0.30925654856339535,0.41911764705882354,0.13893376413570274
Kamei,columba,Dummy,4455,15,0.30549943883277214,3,4,0.291044776119403,0.2867647058823529,0.28888888888888886,0.44580626859340133,0.569023569023569,0.4899090088377839,-0.02026665981188433,0.2867647058823529,0.3069466882067851
Kamei,columba,LogisticRegression,4455,15,0.30549943883277214,3,4,0.5112994350282486,0.6654411764705882,0.5782747603833865,0.6924316972968941,0.7037037037037037,0.7605305046089518,0.36322957845172377,0.6654411764705882,0.27948303715670436
Kamei,columba,GaussianNB,4455,15,0.30549943883277214,3,4,0.7592592592592593,0.15073529411764705,0.25153374233128833,0.3841479004588851,0.7261503928170595,0.7363156894421743,0.25039341326501446,0.15073529411764705,0.0210016155088853
Kamei,columba,DecisionTree,4455,15,0.30549943883277214,3,4,0.47560975609756095,0.5735294117647058,0.52,0.6435559118885428,0.6767676767676768,0.6534703744179416,0.28231502776310385,0.5735294117647058,0.2778675282714055
Kamei,columba,RandomForest,4455,15,0.30549943883277214,3,4,0.6150234741784038,0.48161764705882354,0.5402061855670103,0.6463875964398774,0.7497194163860831,0.7814549082961133,0.37699196791989076,0.48161764705882354,0.13247172859450726
Kamei,columba,KNN,4455,15,0.30549943883277214,3,4,0.5677083333333334,0.4007352941176471,0.4698275862068966,0.5890685915653238,0.7239057239057239,0.7068534400836264,0.2986613316343776,0.4007352941176471,0.13408723747980614
Kamei,columba,Dummy,4455,15,0.30549943883277214,3,5,0.332089552238806,0.326007326007326,0.3290203327171904,0.4812289017225592,0.5925925925925926,0.5181816565311711,0.036553383734890664,0.326007326007326,0.2896440129449838
Kamei,columba,LogisticRegression,4455,15,0.30549943883277214,3,5,0.5107692307692308,0.608058608058608,0.5551839464882943,0.6720240656555599,0.7014590347923682,0.738545704565122,0.3359362284958489,0.608058608058608,0.25728155339805825
Kamei,columba,GaussianNB,4455,15,0.30549943883277214,3,5,0.6,0.24175824175824176,0.34464751958224543,0.4738625126092593,0.7182940516273849,0.706930071007741,0.23901931874174157,0.24175824175824176,0.07119741100323625
Kamei,columba,DecisionTree,4455,15,0.30549943883277214,3,5,0.5164473684210527,0.575091575091575,0.5441941074523396,0.6620407449747227,0.7048260381593715,0.676805125834252,0.32790096762913357,0.575091575091575,0.23786407766990292
Kamei,columba,RandomForest,4455,15,0.30549943883277214,3,5,0.7164948453608248,0.5091575091575091,0.5952890792291221,0.6810610388220869,0.7878787878787878,0.8132935026138909,0.46932510062617133,0.5091575091575091,0.0889967637540453
Kamei,columba,KNN,4455,15,0.30549943883277214,3,5,0.55,0.3626373626373626,0.4370860927152318,0.5613441216172244,0.7138047138047138,0.6871540002607964,0.2658800068534607,0.3626373626373626,0.13106796116504854
Kamei,postgres,Dummy,20431,15,0.25055063384073223,1,1,0.25951219512195123,0.259765625,0.25963884821864325,0.44203695539110727,0.628823097626621,0.505984673420666,0.01196546009584455,0.259765625,0.24779627815866798
Kamei,postgres,LogisticRegression,20431,15,0.25055063384073223,1,1,0.5070656691604323,0.595703125,0.5478221823080377,0.6930904541635443,0.7536090041595302,0.7796839291544237,0.3823220577155624,0.595703125,0.19360104472739145
Kamei,postgres,GaussianNB,20431,15,0.25055063384073223,1,1,0.2533632286995516,0.9931640625,0.4037316395394998,0.14628808929150805,0.2649865426963543,0.683303937622429,0.04813181469493341,0.9931640625,0.9784524975514202
Kamei,postgres,DecisionTree,20431,15,0.25055063384073223,1,1,0.44776119402985076,0.52734375,0.484304932735426,0.6424027926022683,0.7186200146806949,0.6661052149649036,0.29445137714097447,0.52734375,0.21743388834476005
Kamei,postgres,RandomForest,20431,15,0.25055063384073223,1,1,0.6336375488917861,0.474609375,0.542713567839196,0.6565581863451304,0.799608514803034,0.8196340393405157,0.4249200672227193,0.474609375,0.09174012406137773
Kamei,postgres,KNN,20431,15,0.25055063384073223,1,1,0.5813253012048193,0.376953125,0.45734597156398105,0.5854405165973043,0.7758747247369708,0.7139653857533463,0.33619723241214444,0.376953125,0.09076069213189683
Kamei,postgres,Dummy,20431,15,0.25055063384073223,1,2,0.2546341463414634,0.25513196480938416,0.2548828125,0.4376011191744159,0.6265296133137542,0.5028516500507907,0.005699594281527368,0.25513196480938416,0.2494286647078028
Kamei,postgres,LogisticRegression,20431,15,0.25055063384073223,1,2,0.5082644628099173,0.6011730205278593,0.5508284818629646,0.6959833022356062,0.7545276554087127,0.7815190226488447,0.3861287867179816,0.6011730205278593,0.19425399934704538
Kamei,postgres,GaussianNB,20431,15,0.25055063384073223,1,2,0.25475285171102663,0.9824046920821115,0.40458937198067635,0.19862059169929988,0.27606461086637296,0.6858595751837673,0.053548131774462326,0.9824046920821115,0.9598432908912831
Kamei,postgres,DecisionTree,20431,15,0.25055063384073223,1,2,0.4482758620689655,0.5083088954056696,0.4764086120018323,0.6341135940322105,0.7202643171806168,0.6580371979885423,0.2876364282575901,0.5083088954056696,0.20894547828925888
Kamei,postgres,RandomForest,20431,15,0.25055063384073223,1,2,0.6630872483221476,0.48289345063538613,0.5588235294117647,0.6658245701433404,0.8091042584434655,0.8325772974125317,0.44986541752937426,0.48289345063538613,0.08194580476656872
Kamei,postgres,KNN,20431,15,0.25055063384073223,1,2,0.5920852359208524,0.38025415444770283,0.4630952380952381,0.5890530262531093,0.7792462065589819,0.7214805474734072,0.3452661552915242,0.38025415444770283,0.08749591903362716
Kamei,postgres,Dummy,20431,15,0.25055063384073223,1,3,0.26634146341463416,0.2666015625,0.2664714494875549,0.4484713892700346,0.6321585903083701,0.5105052227914761,0.02100362408727119,0.2666015625,0.24559111691704769
Kamei,postgres,LogisticRegression,20431,15,0.25055063384073223,1,3,0.5108153078202995,0.599609375,0.5516621743036837,0.696035614040266,0.7557513460597161,0.7690021457584911,0.387626507257519,0.599609375,0.19203135205747876
Kamei,postgres,GaussianNB,20431,15,0.25055063384073223,1,3,0.25399600399600397,0.9931640625,0.4045346062052506,0.15596908941896237,0.26725403817914833,0.6758134618917375,0.05456782155164091,0.9931640625,0.9755062050947093
Kamei,postgres,DecisionTree,20431,15,0.25055063384073223,1,3,0.46923076923076923,0.5361328125,0.5004557885141294,0.6537587136602026,0.7317670093000489,0.6758436007409372,0.3195455059898565,0.5361328125,0.20280862181580667
Kamei,postgres,RandomForest,20431,15,0.25055063384073223,1,3,0.6671087533156499,0.4912109375,0.5658042744656918,0.6715244716608274,0.811062163485071,0.8359524896921947,0.4571837114863874,0.4912109375,0.08197256694970607
Kamei,postgres,KNN,20431,15,0.25055063384073223,1,3,0.562942008486563,0.388671875,0.45984979780473717,0.5911423452352034,0.7711698482623592,0.7146696144268452,0.32966688907958297,0.388671875,0.10091443500979752
Kamei,postgres,Dummy,20431,15,0.25055063384073223,1,4,0.25365853658536586,0.25390625,0.2537823328452904,0.4364300039533844,0.6257953989231523,0.5020347709830176,0.004068220701198888,0.25390625,0.24983670803396474
Kamei,postgres,LogisticRegression,20431,15,0.25055063384073223,1,4,0.4792176039119804,0.57421875,0.5224344735673034,0.6740821059643398,0.7369065100342633,0.7647862150963423,0.34557965009655395,0.57421875,0.20868713259307642
Kamei,postgres,GaussianNB,20431,15,0.25055063384073223,1,4,0.6526946107784432,0.212890625,0.32106038291605304,0.45257654903898764,0.7743514439549681,0.6612602248836545,0.276823571572628,0.212890625,0.037883736120182886
Kamei,postgres,DecisionTree,20431,15,0.25055063384073223,1,4,0.47296137339055794,0.5380859375,0.5034262220191869,0.6558868664990808,0.7339696524718551,0.6750666881837851,0.3240254981671929,0.5380859375,0.20052253429131286
Kamei,postgres,RandomForest,20431,15,0.25055063384073223,1,4,0.6192307692307693,0.4716796875,0.5354767184035477,0.652632296484474,0.7949094468918257,0.8085519702196277,0.4131609758226768,0.4716796875,0.09699542782495102
Kamei,postgres,KNN,20431,15,0.25055063384073223,1,4,0.5585185185185185,0.3681640625,0.44379046497939967,0.5764838204848963,0.7687224669603524,0.7053964167619203,0.3160646453760728,0.3681640625,0.09732201175702156
Kamei,postgres,Dummy,20431,15,0.25055063384073223,1,5,0.2839024390243902,0.2841796875,0.2840409956076135,0.4648206471289623,0.6409691629955947,0.5222335406801111,0.044452644160294374,0.2841796875,0.23971260613977793
Kamei,postgres,LogisticRegression,20431,15,0.25055063384073223,1,5,0.4936608557844691,0.6083984375,0.5450568678915135,0.6938541000123996,0.7454723445912873,0.7843732777800458,0.37491859366659636,0.6083984375,0.20868713259307642
Kamei,postgres,GaussianNB,20431,15,0.25055063384073223,1,5,0.2524850894632207,0.9921875,0.40253565768621236,0.1322790789787524,0.26186979931473325,0.6907664771799478,0.03482357181971536,0.9921875,0.9823644676681907
Kamei,postgres,DecisionTree,20431,15,0.25055063384073223,1,5,0.46899841017488075,0.576171875,0.5170902716914987,0.6711745918219646,0.7302985805188449,0.6865419354180273,0.3361029511662484,0.576171875,0.21815806662312215
Kamei,postgres,RandomForest,20431,15,0.25055063384073223,1,5,0.6584734799482536,0.4970703125,0.5664997217584864,0.6739538750735463,0.8093489965736662,0.827115268819399,0.4546086294145966,0.4970703125,0.08621815806662313
Kamei,postgres,KNN,20431,15,0.25055063384073223,1,5,0.5703363914373089,0.3642578125,0.4445768772348033,0.5751780959990396,0.7719040626529613,0.7242296892860058,0.3220601603864469,0.3642578125,0.09177008491182234
Kamei,postgres,Dummy,20431,15,0.25055063384073223,2,1,0.2448780487804878,0.2451171875,0.2449975597852611,0.4279926199425282,0.6214827501835087,0.4962118748469638,-0.0075737901086131276,0.2451171875,0.25269343780607245
Kamei,postgres,LogisticRegression,20431,15,0.25055063384073223,2,1,0.4963621665319321,0.599609375,0.5431225121627599,0.6911234389750871,0.7472473697088329,0.779991595759876,0.3737197296135716,0.599609375,0.20339536402220046
Kamei,postgres,GaussianNB,20431,15,0.25055063384073223,2,1,0.7422360248447205,0.2333984375,0.3551263001485884,0.476522713098333,0.7876192806459505,0.696502994409076,0.33182874648466654,0.2333984375,0.027097616715638262
Kamei,postgres,DecisionTree,20431,15,0.25055063384073223,2,1,0.4658703071672355,0.533203125,0.4972677595628415,0.6513292908562658,0.7298752140934671,0.6705427876571172,0.3150718601068789,0.533203125,0.20437479595168137
Kamei,postgres,RandomForest,20431,15,0.25055063384073223,2,1,0.6725543478260869,0.4833984375,0.5625,0.6673560891538012,0.8115977489601175,0.8275880978615735,0.45640378593263997,0.4833984375,0.07868103166829905
Kamei,postgres,KNN,20431,15,0.25055063384073223,2,1,0.6033690658499234,0.384765625,0.469886702444842,0.5934903185760928,0.7824810374357719,0.7245433781219393,0.3550495809742979,0.384765625,0.08455762324518445
Kamei,postgres,Dummy,20431,15,0.25055063384073223,2,2,0.2497560975609756,0.25024437927663734,0.25,0.43291773161226016,0.6240822320117474,0.4995916640098499,-0.0008161413332453994,0.25024437927663734,0.2510610512569376
Kamei,postgres,LogisticRegression,20431,15,0.25055063384073223,2,2,0.5040783034257749,0.6041055718475073,0.5495775900400178,0.695838846704442,0.7520802741067059,0.7803615121867311,0.38343248000177904,0.6041055718475073,0.19849820437479596
Kamei,postgres,GaussianNB,20431,15,0.25055063384073223,2,2,0.2535705337008269,0.989247311827957,0.4036697247706422,0.16470947542266237,0.26823299069995105,0.6912558653419922,0.04792706928711306,0.989247311827957,0.9725759059745348
Kamei,postgres,DecisionTree,20431,15,0.25055063384073223,2,2,0.45683151718357085,0.5327468230694037,0.4918772563176895,0.6481051961828168,0.7244248653940284,0.6687472813503588,0.3060400410108499,0.5327468230694037,0.21155729676787463
Kamei,postgres,RandomForest,20431,15,0.25055063384073223,2,2,0.6627604166666666,0.4975562072336266,0.5683975432719152,0.6748955748255153,0.8108174253548703,0.8281775130215938,0.457974267848496,0.4975562072336266,0.08455762324518445
Kamei,postgres,KNN,20431,15,0.25055063384073223,2,2,0.5881458966565349,0.3782991202346041,0.46044021415823916,0.5872214001573959,0.7780225159079784,0.715595658330485,0.34159535941254404,0.3782991202346041,0.08847535096310806
Kamei,postgres,Dummy,20431,15,0.25055063384073223,2,3,0.22048780487804878,0.220703125,0.22059541239629088,0.4038721673849012,0.6091532060695056,0.4798812816378184,-0.04022437277006713,0.220703125,0.26094056172436314
Kamei,postgres,LogisticRegression,20431,15,0.25055063384073223,2,3,0.5111492281303602,0.58203125,0.5442922374429223,0.6882473967249192,0.7557513460597161,0.7852736161005879,0.37990384272562383,0.58203125,0.186152841280209
Kamei,postgres,GaussianNB,20431,15,0.25055063384073223,2,3,0.2541311967951928,0.9912109375,0.4045436428856118,0.16391530110043573,0.2687224669603524,0.6707896824991836,0.053507979055338495,0.9912109375,0.972893533638145
Kamei,postgres,DecisionTree,20431,15,0.25055063384073223,2,3,0.4670138888888889,0.525390625,0.4944852941176471,0.6481033601070921,0.7307880567792462,0.6690503998101731,0.3128983934040904,0.525390625,0.20052253429131286
Kamei,postgres,RandomForest,20431,15,0.25055063384073223,2,3,0.6630872483221476,0.482421875,0.5585076314301866,0.6654896810271064,0.8088595203132648,0.8299942465096342,0.4494524424792126,0.482421875,0.08197256694970607
Kamei,postgres,KNN,20431,15,0.25055063384073223,2,3,0.5784469096671949,0.3564453125,0.44108761329305135,0.5705089268200099,0.7736172295643662,0.7128534696991347,0.3232896843734619,0.3564453125,0.0868713259307642
Kamei,postgres,Dummy,20431,15,0.25055063384073223,2,4,0.255609756097561,0.255859375,0.255734504636408,0.43829605308725006,0.626774351443955,0.5033379174150882,0.006673667375979242,0.255859375,0.24918354016982364
Kamei,postgres,LogisticRegression,20431,15,0.25055063384073223,2,4,0.49547325102880657,0.587890625,0.5377400625279143,0.6857093426670196,0.7466960352422908,0.7697819286822338,0.367567980232299,0.587890625,0.20019595035924231
Kamei,postgres,GaussianNB,20431,15,0.25055063384073223,2,4,0.25311720698254364,0.9912109375,0.40325784664282877,0.14727120861582296,0.26480665687714144,0.668187376255307,0.04199345499386634,0.9912109375,0.9781188765512737
Kamei,postgres,DecisionTree,20431,15,0.25055063384073223,2,4,0.45,0.52734375,0.4856115107913669,0.6431774506445601,0.720019579050416,0.6638942646248367,0.2966795451136538,0.52734375,0.2155453951665578
Kamei,postgres,RandomForest,20431,15,0.25055063384073223,2,4,0.65,0.4951171875,0.5620842572062085,0.6715458433385304,0.8066568771414586,0.8209846441766003,0.44764820527700505,0.4951171875,0.089157413455258
Kamei,postgres,KNN,20431,15,0.25055063384073223,2,4,0.5637181409295352,0.3671875,0.44470727380248376,0.5764473059793659,0.7701908957415565,0.7110242488569563,0.3191177471698086,0.3671875,0.09503592423252775
Kamei,postgres,Dummy,20431,15,0.25055063384073223,2,5,0.2604878048780488,0.2607421875,0.26061493411420206,0.44293938320201126,0.6292217327459618,0.5065957834952646,0.013187284062930127,0.2607421875,0.24755062050947094
Kamei,postgres,LogisticRegression,20431,15,0.25055063384073223,2,5,0.48818255908720454,0.5849609375,0.5322079075966237,0.6819006848860087,0.7422907488986784,0.7684561382470607,0.3591318287106953,0.5849609375,0.20509470934030047
Kamei,postgres,GaussianNB,20431,15,0.25055063384073223,2,5,0.25292215866699824,0.9931640625,0.40317145688800793,0.13715823939486615,0.26309348996573667,0.6674673926355323,0.041930209767565355,0.9931640625,0.9810581319399085
Kamei,postgres,DecisionTree,20431,15,0.25055063384073223,2,5,0.4513422818791946,0.525390625,0.4855595667870036,0.6427865897284131,0.7209985315712188,0.6634066212340791,0.2972678103879485,0.525390625,0.21358589157413455
Kamei,postgres,RandomForest,20431,15,0.25055063384073223,2,5,0.6251621271076524,0.470703125,0.5370473537604457,0.6528988180654692,0.7966226138032305,0.8204789812622469,0.4168130823973612,0.470703125,0.09438275636838668
Kamei,postgres,KNN,20431,15,0.25055063384073223,2,5,0.5497076023391813,0.3671875,0.44028103044496486,0.5746763423287904,0.7660303475281449,0.7045442368141737,0.3094688486496271,0.3671875,0.10058785107772697
Kamei,postgres,Dummy,20431,15,0.25055063384073223,3,1,0.26439024390243904,0.2646484375,0.2645192776964373,0.44665596180574785,0.6312698801076584,0.5092422729452335,0.01847854349733044,0.2646484375,0.24616389160953314
Kamei,postgres,LogisticRegression,20431,15,0.25055063384073223,3,1,0.49556093623890235,0.599609375,0.5426425099425541,0.6908401335977499,0.7467580132126254,0.7730867919523343,0.37293346737025107,0.599609375,0.20404831864185438
Kamei,postgres,GaussianNB,20431,15,0.25055063384073223,3,1,0.253259779338014,0.986328125,0.4030327214684757,0.1654423434094715,0.26792268167359923,0.6661479375816193,0.03968174357002529,0.986328125,0.9722494286647078
Kamei,postgres,DecisionTree,20431,15,0.25055063384073223,3,1,0.44761904761904764,0.5048828125,0.4745296007342818,0.6322337363087857,0.7198434059212137,0.658425186959272,0.28543513368162693,0.5048828125,0.20829252366960496
Kamei,postgres,RandomForest,20431,15,0.25055063384073223,3,1,0.6649006622516557,0.490234375,0.5643620011242271,0.6706277833616199,0.8103743577195988,0.8248726610961475,0.4551658037035265,0.490234375,0.08259875938622266
Kamei,postgres,KNN,20431,15,0.25055063384073223,3,1,0.5588235294117647,0.37109375,0.4460093896713615,0.5785738010331264,0.769023733790066,0.713083833251714,0.3178227961031517,0.37109375,0.0979431929480901
Kamei,postgres,Dummy,20431,15,0.25055063384073223,3,2,0.27414634146341466,0.27468230694037143,0.2744140625,0.45602874549080225,0.6363191385217817,0.515891594214554,0.031762536740618436,0.27468230694037143,0.24289911851126347
Kamei,postgres,LogisticRegression,20431,15,0.25055063384073223,3,2,0.5016891891891891,0.5806451612903226,0.5382872677843226,0.6846899691533955,0.7506118453255017,0.7649184652438894,0.37054831523271686,0.5806451612903226,0.19262161279791054
Kamei,postgres,GaussianNB,20431,15,0.25055063384073223,3,2,0.6875,0.20430107526881722,0.31499623210248684,0.4449321375796626,0.7775330396475771,0.6741783574585066,0.28607279788013745,0.20430107526881722,0.031015344433561867
Kamei,postgres,DecisionTree,20431,15,0.25055063384073223,3,2,0.44865319865319864,0.5210166177908113,0.48213478064224335,0.6400008201819635,0.7197748409202154,0.6626816010089841,0.29304770799420804,0.5210166177908113,0.21384263793666342
Kamei,postgres,RandomForest,20431,15,0.25055063384073223,3,2,0.6680161943319838,0.4838709677419355,0.5612244897959183,0.6670904259142106,0.8105726872246696,0.8200296223107508,0.4537426743829222,0.4838709677419355,0.08031341821743389
Kamei,postgres,KNN,20431,15,0.25055063384073223,3,2,0.6099518459069021,0.37145650048875856,0.4617253948967193,0.5847968669310843,0.7831620166421929,0.7135230220756745,0.35205140020656983,0.37145650048875856,0.07933398628795299
Kamei,postgres,Dummy,20431,15,0.25055063384073223,3,3,0.24195121951219511,0.2421875,0.24206930209858468,0.4251247319557451,0.6199216837983358,0.4942158923905944,-0.011564459347483236,0.2421875,0.25375571521881124
Kamei,postgres,LogisticRegression,20431,15,0.25055063384073223,3,3,0.5032894736842105,0.59765625,0.5464285714285714,0.6926503832356357,0.7513460597161038,0.7766966417986609,0.3795232809739145,0.59765625,0.19725669497060744
Kamei,postgres,GaussianNB,20431,15,0.25055063384073223,3,3,0.25337331334332835,0.990234375,0.40350179068842024,0.15469713330750434,0.26627508565834557,0.6707086743754083,0.04398298574235429,0.990234375,0.9758327890267798
Kamei,postgres,DecisionTree,20431,15,0.25055063384073223,3,3,0.4480069324090121,0.5048828125,0.47474747474747475,0.6323369665709331,0.720019579050416,0.6566190015716852,0.2857610622785391,0.5048828125,0.20803396472893534
Kamei,postgres,RandomForest,20431,15,0.25055063384073223,3,3,0.6585034013605442,0.47265625,0.55031267765776,0.6587195183859956,0.806412139011258,0.8302694827726975,0.44080545599653154,0.47265625,0.08197256694970607
Kamei,postgres,KNN,20431,15,0.25055063384073223,3,3,0.568503937007874,0.3525390625,0.43520192887281495,0.566561963029922,0.7706803720019579,0.709178603139288,0.31465881134740725,0.3525390625,0.08948399738732854
Kamei,postgres,Dummy,20431,15,0.25055063384073223,3,4,0.26439024390243904,0.2646484375,0.2645192776964373,0.4466321442634345,0.6311796377875672,0.5092020763594056,0.018398177412490835,0.2646484375,0.24624428478118876
Kamei,postgres,LogisticRegression,20431,15,0.25055063384073223,3,4,0.4798387096774194,0.5810546875,0.5256183745583038,0.6772425504487357,0.737151248164464,0.7712305070215547,0.3491440932482931,0.5810546875,0.21064663618549967
Kamei,postgres,GaussianNB,20431,15,0.25055063384073223,3,4,0.2530571499875218,0.990234375,0.40310077519379844,0.14937948277546415,0.26505139500734215,0.6770266701706401,0.04018601039204312,0.990234375,0.9774657086871326
Kamei,postgres,DecisionTree,20431,15,0.25055063384073223,3,4,0.4632352941176471,0.5537109375,0.5044483985765125,0.6594722086290785,0.7273617229564366,0.6760891765492325,0.3208579786535835,0.5537109375,0.21456564337034617
Kamei,postgres,RandomForest,20431,15,0.25055063384073223,3,4,0.6341772151898735,0.4892578125,0.5523704520396913,0.6656427807626871,0.8012726382770435,0.8207237597464893,0.4333163986311454,0.4892578125,0.09438275636838668
Kamei,postgres,KNN,20431,15,0.25055063384073223,3,4,0.557163531114327,0.3759765625,0.4489795918367347,0.5817245601062667,0.7687224669603524,0.7169955681539844,0.31913073607385817,0.3759765625,0.0999346832135859
Kamei,postgres,Dummy,20431,15,0.25055063384073223,3,5,0.25073170731707317,0.2509765625,0.25085407515861396,0.4336213896862135,0.6243269701419482,0.5000800513349118,0.00016005068902835752,0.2509765625,0.25081645983017636
Kamei,postgres,LogisticRegression,20431,15,0.25055063384073223,3,5,0.5256198347107438,0.62109375,0.5693822739480752,0.710397090914569,0.7645619187469408,0.7961650626632919,0.4116132495919738,0.62109375,0.18745917700849118
Kamei,postgres,GaussianNB,20431,15,0.25055063384073223,3,5,0.25299102691924225,0.9912109375,0.40309769658459094,0.14505647781538436,0.2643171806167401,0.7088397404168026,0.040423878921779004,0.9912109375,0.9787720444154148
Kamei,postgres,DecisionTree,20431,15,0.25055063384073223,3,5,0.4709784411276949,0.5546875,0.5094170403587444,0.6626556482552596,0.7322564855604503,0.6817685157780863,0.32905535557634136,0.5546875,0.20836054866100587
Kamei,postgres,RandomForest,20431,15,0.25055063384073223,3,5,0.6570713391739674,0.5126953125,0.575973669775096,0.6832402845966815,0.8108174253548703,0.8366783735099609,0.4624199904721696,0.5126953125,0.08948399738732854
Kamei,postgres,KNN,20431,15,0.25055063384073223,3,5,0.5982274741506647,0.3955078125,0.47619047619047616,0.6003120233951038,0.7819383259911894,0.7290989472771064,0.3574587387304091,0.3955078125,0.08883082952318747
NASA,CM1,Dummy,327,37,0.12844036697247707,1,1,0.0,0.0,0.0,0.0,0.7272727272727273,0.42105263157894735,-0.15789473684210525,0.0,0.15789473684210525
NASA,CM1,LogisticRegression,327,37,0.12844036697247707,1,1,0.3181818181818182,0.7777777777777778,0.45161290322580644,0.7570332986102252,0.7424242424242424,0.797270955165692,0.3746343246326776,0.7777777777777778,0.2631578947368421
NASA,CM1,GaussianNB,327,37,0.12844036697247707,1,1,0.14285714285714285,0.1111111111111111,0.125,0.3153017676423058,0.7878787878787878,0.6783625730994153,0.006517597644344588,0.1111111111111111,0.10526315789473684
NASA,CM1,DecisionTree,327,37,0.12844036697247707,1,1,0.3,0.3333333333333333,0.3157894736842105,0.5407380704358751,0.803030303030303,0.6042884990253411,0.20149814827784024,0.3333333333333333,0.12280701754385964
NASA,CM1,RandomForest,327,37,0.12844036697247707,1,1,0.0,0.0,0.0,0.0,0.8484848484848485,0.7485380116959065,-0.04928640580901442,0.0,0.017543859649122806
NASA,CM1,KNN,327,37,0.12844036697247707,1,1,0.0,0.0,0.0,0.0,0.7878787878787878,0.6335282651072125,-0.11376375321003987,0.0,0.08771929824561403
NASA,CM1,Dummy,327,37,0.12844036697247707,1,2,0.0,0.0,0.0,0.0,0.7272727272727273,0.42105263157894735,-0.15789473684210525,0.0,0.15789473684210525
NASA,CM1,LogisticRegression,327,37,0.12844036697247707,1,2,0.23809523809523808,0.5555555555555556,0.3333333333333333,0.6321472426992321,0.696969696969697,0.6783625730994152,0.2025090917415868,0.5555555555555556,0.2807017543859649
NASA,CM1,GaussianNB,327,37,0.12844036697247707,1,2,0.36363636363636365,0.4444444444444444,0.4,0.6243905410544627,0.8181818181818182,0.7758284600389864,0.2961744388795462,0.4444444444444444,0.12280701754385964
NASA,CM1,DecisionTree,327,37,0.12844036697247707,1,2,0.1,0.1111111111111111,0.10526315789473684,0.305887645160749,0.7424242424242424,0.4775828460038986,-0.0447773662839645,0.1111111111111111,0.15789473684210525
NASA,CM1,RandomForest,327,37,0.12844036697247707,1,2,0.25,0.1111111111111111,0.15384615384615385,0.3244428422615251,0.8333333333333334,0.7348927875243665,0.08410788878156111,0.1111111111111111,0.05263157894736842
NASA,CM1,KNN,327,37,0.12844036697247707,1,2,0.2,0.1111111111111111,0.14285714285714285,0.3214247037113753,0.8181818181818182,0.7046783625730995,0.0530897514980186,0.1111111111111111,0.07017543859649122
NASA,CM1,Dummy,327,37,0.12844036697247707,1,3,0.0,0.0,0.0,0.0,0.7384615384615385,0.42105263157894735,-0.15018785229652767,0.0,0.15789473684210525
NASA,CM1,LogisticRegression,327,37,0.12844036697247707,1,3,0.3333333333333333,0.625,0.43478260869565216,0.7178794308189799,0.8,0.7587719298245614,0.35054260362909434,0.625,0.17543859649122806
NASA,CM1,GaussianNB,327,37,0.12844036697247707,1,3,0.2727272727272727,0.375,0.3157894736842105,0.5677749739576688,0.8,0.6798245614035088,0.20559291009352773,0.375,0.14035087719298245
NASA,CM1,DecisionTree,327,37,0.12844036697247707,1,3,0.125,0.125,0.125,0.33113308926626095,0.7846153846153846,0.5010964912280702,0.0021929824561403508,0.125,0.12280701754385964
NASA,CM1,RandomForest,327,37,0.12844036697247707,1,3,0.0,0.0,0.0,0.0,0.8615384615384616,0.7017543859649122,-0.0468292905790847,0.0,0.017543859649122806
NASA,CM1,KNN,327,37,0.12844036697247707,1,3,0.0,0.0,0.0,0.0,0.8461538461538461,0.7587719298245615,-0.06675015657623451,0.0,0.03508771929824561
NASA,CM1,Dummy,327,37,0.12844036697247707,1,4,0.0,0.0,0.0,0.0,0.7384615384615385,0.42105263157894735,-0.15018785229652767,0.0,0.15789473684210525
NASA,CM1,LogisticRegression,327,37,0.12844036697247707,1,4,0.25,0.75,0.375,0.7163503994113789,0.6923076923076923,0.7587719298245614,0.29558692510875767,0.75,0.3157894736842105
NASA,CM1,GaussianNB,327,37,0.12844036697247707,1,4,0.5555555555555556,0.625,0.5882352941176471,0.762325619979542,0.8923076923076924,0.8289473684210527,0.5277434254308542,0.625,0.07017543859649122
NASA,CM1,DecisionTree,327,37,0.12844036697247707,1,4,0.2,0.25,0.2222222222222222,0.4635863249727653,0.7846153846153846,0.5614035087719298,0.09984038297885896,0.25,0.14035087719298245
NASA,CM1,RandomForest,327,37,0.12844036697247707,1,4,0.0,0.0,0.0,0.0,0.8769230769230769,0.7521929824561404,0.0,0.0,0.0
NASA,CM1,KNN,327,37,0.12844036697247707,1,4,0.0,0.0,0.0,0.0,0.8461538461538461,0.805921052631579,-0.06675015657623451,0.0,0.03508771929824561
NASA,CM1,Dummy,327,37,0.12844036697247707,1,5,0.1111111111111111,0.125,0.11764705882352941,0.3278050340535929,0.7692307692307693,0.4923245614035088,-0.0146015967510513,0.125,0.14035087719298245
NASA,CM1,LogisticRegression,327,37,0.12844036697247707,1,5,0.2222222222222222,0.5,0.3076923076923077,0.6141603882180455,0.7230769230769231,0.7434210526315789,0.1867628043019129,0.5,0.24561403508771928
NASA,CM1,GaussianNB,327,37,0.12844036697247707,1,5,0.2222222222222222,0.25,0.23529411764705882,0.468292905790847,0.8,0.6600877192982456,0.12098465879442506,0.25,0.12280701754385964
NASA,CM1,DecisionTree,327,37,0.12844036697247707,1,5,0.26666666666666666,0.5,0.34782608695652173,0.6352234031660235,0.7692307692307693,0.6710526315789475,0.2393949488198693,0.5,0.19298245614035087
NASA,CM1,RandomForest,327,37,0.12844036697247707,1,5,0.0,0.0,0.0,0.0,0.8307692307692308,0.7565789473684211,-0.08240856434303293,0.0,0.05263157894736842
NASA,CM1,KNN,327,37,0.12844036697247707,1,5,0.0,0.0,0.0,0.0,0.8307692307692308,0.6765350877192983,-0.08240856434303293,0.0,0.05263157894736842
NASA,CM1,Dummy,327,37,0.12844036697247707,2,1,0.1111111111111111,0.1111111111111111,0.1111111111111111,0.30905754998184354,0.7575757575757576,0.48538011695906436,-0.029239766081871343,0.1111111111111111,0.14035087719298245
NASA,CM1,LogisticRegression,327,37,0.12844036697247707,2,1,0.24,0.6666666666666666,0.35294117647058826,0.6666666666666666,0.6666666666666666,0.7543859649122807,0.23581720907847453,0.6666666666666666,0.3333333333333333
NASA,CM1,GaussianNB,327,37,0.12844036697247707,2,1,0.25,0.3333333333333333,0.2857142857142857,0.5298129428260175,0.7727272727272727,0.658869395711501,0.15609763526361567,0.3333333333333333,0.15789473684210525
NASA,CM1,DecisionTree,327,37,0.12844036697247707,2,1,0.15384615384615385,0.2222222222222222,0.18181818181818182,0.42348226877734907,0.7272727272727273,0.5077972709551658,0.0252303320123117,0.2222222222222222,0.19298245614035087
NASA,CM1,RandomForest,327,37,0.12844036697247707,2,1,0.2,0.1111111111111111,0.14285714285714285,0.3214247037113753,0.8181818181818182,0.6686159844054581,0.0530897514980186,0.1111111111111111,0.07017543859649122
NASA,CM1,KNN,327,37,0.12844036697247707,2,1,0.2,0.1111111111111111,0.14285714285714285,0.3214247037113753,0.8181818181818182,0.7329434697855751,0.0530897514980186,0.1111111111111111,0.07017543859649122
NASA,CM1,Dummy,327,37,0.12844036697247707,2,2,0.1111111111111111,0.1111111111111111,0.1111111111111111,0.30905754998184354,0.7575757575757576,0.48538011695906436,-0.029239766081871343,0.1111111111111111,0.14035087719298245
NASA,CM1,LogisticRegression,327,37,0.12844036697247707,2,2,0.2,0.5555555555555556,0.29411764705882354,0.600519593082868,0.6363636363636364,0.6296296296296297,0.1448000406622212,0.5555555555555556,0.3508771929824561
NASA,CM1,GaussianNB,327,37,0.12844036697247707,2,2,0.2857142857142857,0.4444444444444444,0.34782608695652173,0.6053690898062004,0.7727272727272727,0.7192982456140351,0.22581600205109573,0.4444444444444444,0.17543859649122806
NASA,CM1,DecisionTree,327,37,0.12844036697247707,2,2,0.13333333333333333,0.2222222222222222,0.16666666666666666,0.41417382946493037,0.696969696969697,0.4912280701754386,-0.0047888568435623955,0.2222222222222222,0.22807017543859648
NASA,CM1,RandomForest,327,37,0.12844036697247707,2,2,0.25,0.1111111111111111,0.15384615384615385,0.3244428422615251,0.8333333333333334,0.6588693957115009,0.08410788878156111,0.1111111111111111,0.05263157894736842
NASA,CM1,KNN,327,37,0.12844036697247707,2,2,0.3333333333333333,0.2222222222222222,0.26666666666666666,0.4545631752703807,0.8333333333333334,0.6978557504873294,0.1815033602597347,0.2222222222222222,0.07017543859649122
NASA,CM1,Dummy,327,37,0.12844036697247707,2,3,0.0,0.0,0.0,0.0,0.7384615384615385,0.42105263157894735,-0.15018785229652767,0.0,0.15789473684210525
NASA,CM1,LogisticRegression,327,37,0.12844036697247707,2,3,0.25,0.5,0.3333333333333333,0.6282808624375432,0.7538461538461538,0.7785087719298246,0.22076665558711356,0.5,0.21052631578947367
NASA,CM1,GaussianNB,327,37,0.12844036697247707,2,3,0.2,0.25,0.2222222222222222,0.4635863249727653,0.7846153846153846,0.6842105263157895,0.09984038297885896,0.25,0.14035087719298245
NASA,CM1,DecisionTree,327,37,0.12844036697247707,2,3,0.2222222222222222,0.25,0.23529411764705882,0.468292905790847,0.8,0.5723684210526316,0.12098465879442506,0.25,0.12280701754385964
NASA,CM1,RandomForest,327,37,0.12844036697247707,2,3,0.0,0.0,0.0,0.0,0.8769230769230769,0.6885964912280701,0.0,0.0,0.0
NASA,CM1,KNN,327,37,0.12844036697247707,2,3,0.25,0.125,0.16666666666666666,0.34412360080584264,0.8461538461538461,0.8037280701754386,0.0989319582110799,0.125,0.05263157894736842
NASA,CM1,Dummy,327,37,0.12844036697247707,2,4,0.0,0.0,0.0,0.0,0.7384615384615385,0.42105263157894735,-0.15018785229652767,0.0,0.15789473684210525
NASA,CM1,LogisticRegression,327,37,0.12844036697247707,2,4,0.2222222222222222,0.5,0.3076923076923077,0.6141603882180455,0.7230769230769231,0.7960526315789473,0.1867628043019129,0.5,0.24561403508771928
NASA,CM1,GaussianNB,327,37,0.12844036697247707,2,4,0.4,0.25,0.3076923076923077,0.4866642633922876,0.8615384615384616,0.7916666666666667,0.24333213169614382,0.25,0.05263157894736842
NASA,CM1,DecisionTree,327,37,0.12844036697247707,2,4,0.125,0.125,0.125,0.33113308926626095,0.7846153846153846,0.5043859649122807,0.0021929824561403508,0.125,0.12280701754385964
NASA,CM1,RandomForest,327,37,0.12844036697247707,2,4,0.0,0.0,0.0,0.0,0.8769230769230769,0.8333333333333333,0.0,0.0,0.0
NASA,CM1,KNN,327,37,0.12844036697247707,2,4,0.0,0.0,0.0,0.0,0.8615384615384616,0.6633771929824561,-0.0468292905790847,0.0,0.017543859649122806
NASA,CM1,Dummy,327,37,0.12844036697247707,2,5,0.2222222222222222,0.25,0.23529411764705882,0.468292905790847,0.8,0.5635964912280702,0.12098465879442506,0.25,0.12280701754385964
NASA,CM1,LogisticRegression,327,37,0.12844036697247707,2,5,0.3157894736842105,0.75,0.4444444444444444,0.7608859102526822,0.7692307692307693,0.8991228070175439,0.37699780308438247,0.75,0.22807017543859648
NASA,CM1,GaussianNB,327,37,0.12844036697247707,2,5,0.5,0.375,0.42857142857142855,0.5960395606792697,0.8769230769230769,0.7302631578947368,0.3658754607923181,0.375,0.05263157894736842
NASA,CM1,DecisionTree,327,37,0.12844036697247707,2,5,0.36363636363636365,0.5,0.42105263157894735,0.6622661785325219,0.8307692307692308,0.7017543859649124,0.3304857994026801,0.5,0.12280701754385964
NASA,CM1,RandomForest,327,37,0.12844036697247707,2,5,0.0,0.0,0.0,0.0,0.8769230769230769,0.8508771929824561,0.0,0.0,0.0
NASA,CM1,KNN,327,37,0.12844036697247707,2,5,0.0,0.0,0.0,0.0,0.8615384615384616,0.5910087719298246,-0.0468292905790847,0.0,0.017543859649122806
NASA,CM1,Dummy,327,37,0.12844036697247707,3,1,0.0,0.0,0.0,0.0,0.7272727272727273,0.42105263157894735,-0.15789473684210525,0.0,0.15789473684210525
NASA,CM1,LogisticRegression,327,37,0.12844036697247707,3,1,0.15,0.3333333333333333,0.20689655172413793,0.4836508334066744,0.6515151515151515,0.6783625730994152,0.02620112317888759,0.3333333333333333,0.2982456140350877
NASA,CM1,GaussianNB,327,37,0.12844036697247707,3,1,0.2222222222222222,0.4444444444444444,0.2962962962962963,0.5790359669935234,0.7121212121212122,0.5867446393762183,0.15320911995683129,0.4444444444444444,0.24561403508771928
NASA,CM1,DecisionTree,327,37,0.12844036697247707,3,1,0.25,0.2222222222222222,0.23529411764705882,0.4459040360399591,0.803030303030303,0.5614035087719298,0.12297974198582046,0.2222222222222222,0.10526315789473684
NASA,CM1,RandomForest,327,37,0.12844036697247707,3,1,0.0,0.0,0.0,0.0,0.8333333333333334,0.5536062378167641,-0.07024393586862705,0.0,0.03508771929824561
NASA,CM1,KNN,327,37,0.12844036697247707,3,1,0.0,0.0,0.0,0.0,0.8333333333333334,0.530214424951267,-0.07024393586862705,0.0,0.03508771929824561
NASA,CM1,Dummy,327,37,0.12844036697247707,3,2,0.1111111111111111,0.1111111111111111,0.1111111111111111,0.30905754998184354,0.7575757575757576,0.48538011695906436,-0.029239766081871343,0.1111111111111111,0.14035087719298245
NASA,CM1,LogisticRegression,327,37,0.12844036697247707,3,2,0.21739130434782608,0.5555555555555556,0.3125,0.6165362593265116,0.6666666666666666,0.7212475633528265,0.17268248233955844,0.5555555555555556,0.3157894736842105
NASA,CM1,GaussianNB,327,37,0.12844036697247707,3,2,0.2727272727272727,0.3333333333333333,0.3,0.5353033790313108,0.7878787878787878,0.6803118908382066,0.17770466332772772,0.3333333333333333,0.14035087719298245
NASA,CM1,DecisionTree,327,37,0.12844036697247707,3,2,0.38461538461538464,0.5555555555555556,0.45454545454545453,0.6910736907189411,0.8181818181818182,0.6978557504873295,0.3582707145748262,0.5555555555555556,0.14035087719298245
NASA,CM1,RandomForest,327,37,0.12844036697247707,3,2,0.3333333333333333,0.1111111111111111,0.16666666666666666,0.32743316208583434,0.8484848484848485,0.7543859649122807,0.12524921782015067,0.1111111111111111,0.03508771929824561
NASA,CM1,KNN,327,37,0.12844036697247707,3,2,0.2857142857142857,0.2222222222222222,0.25,0.4502544223373136,0.8181818181818182,0.7797270955165693,0.14990474581992552,0.2222222222222222,0.08771929824561403
NASA,CM1,Dummy,327,37,0.12844036697247707,3,3,0.0,0.0,0.0,0.0,0.7384615384615385,0.42105263157894735,-0.15018785229652767,0.0,0.15789473684210525
NASA,CM1,LogisticRegression,327,37,0.12844036697247707,3,3,0.3076923076923077,0.5,0.38095238095238093,0.6488856845230502,0.8,0.7214912280701754,0.2809757434745082,0.5,0.15789473684210525
NASA,CM1,GaussianNB,327,37,0.12844036697247707,3,3,0.18181818181818182,0.25,0.21052631578947367,0.45883146774112354,0.7692307692307693,0.5964912280701754,0.08070002078437537,0.25,0.15789473684210525
NASA,CM1,DecisionTree,327,37,0.12844036697247707,3,3,0.1111111111111111,0.125,0.11764705882352941,0.3278050340535929,0.7692307692307693,0.4857456140350877,-0.0146015967510513,0.125,0.14035087719298245
NASA,CM1,RandomForest,327,37,0.12844036697247707,3,3,0.5,0.125,0.2,0.3504383220252312,0.8769230769230769,0.5767543859649122,0.2044223545147182,0.125,0.017543859649122806
NASA,CM1,KNN,327,37,0.12844036697247707,3,3,0.25,0.125,0.16666666666666666,0.34412360080584264,0.8461538461538461,0.6326754385964912,0.0989319582110799,0.125,0.05263157894736842
NASA,CM1,Dummy,327,37,0.12844036697247707,3,4,0.1111111111111111,0.125,0.11764705882352941,0.3278050340535929,0.7692307692307693,0.4923245614035088,-0.0146015967510513,0.125,0.14035087719298245
NASA,CM1,LogisticRegression,327,37,0.12844036697247707,3,4,0.20833333333333334,0.625,0.3125,0.6454972243679028,0.6615384615384615,0.7280701754385965,0.19855081333063015,0.625,0.3333333333333333
NASA,CM1,GaussianNB,327,37,0.12844036697247707,3,4,0.5,0.25,0.3333333333333333,0.49114974312875154,0.8769230769230769,0.7763157894736843,0.29379793650563124,0.25,0.03508771929824561
NASA,CM1,DecisionTree,327,37,0.12844036697247707,3,4,0.08333333333333333,0.125,0.1,0.3176117015830118,0.7230769230769231,0.4692982456140351,-0.05756396688528825,0.125,0.19298245614035087
NASA,CM1,RandomForest,327,37,0.12844036697247707,3,4,0.0,0.0,0.0,0.0,0.8769230769230769,0.7653508771929826,0.0,0.0,0.0
NASA,CM1,KNN,327,37,0.12844036697247707,3,4,0.5,0.125,0.2,0.3504383220252312,0.8769230769230769,0.7456140350877193,0.2044223545147182,0.125,0.017543859649122806
NASA,CM1,Dummy,327,37,0.12844036697247707,3,5,0.2222222222222222,0.25,0.23529411764705882,0.468292905790847,0.8,0.5635964912280702,0.12098465879442506,0.25,0.12280701754385964
NASA,CM1,LogisticRegression,327,37,0.12844036697247707,3,5,0.23809523809523808,0.625,0.3448275862068966,0.6704934030315078,0.7076923076923077,0.7982456140350878,0.24186957721563768,0.625,0.2807017543859649
NASA,CM1,GaussianNB,327,37,0.12844036697247707,3,5,0.6666666666666666,0.25,0.36363636363636365,0.49559462778335206,0.8923076923076924,0.8157894736842105,0.36397115918172873,0.25,0.017543859649122806
NASA,CM1,DecisionTree,327,37,0.12844036697247707,3,5,0.4,0.25,0.3076923076923077,0.4866642633922876,0.8615384615384616,0.6030701754385965,0.24333213169614382,0.25,0.05263157894736842
NASA,CM1,RandomForest,327,37,0.12844036697247707,3,5,0.0,0.0,0.0,0.0,0.8615384615384616,0.8530701754385965,-0.0468292905790847,0.0,0.017543859649122806
NASA,CM1,KNN,327,37,0.12844036697247707,3,5,0.0,0.0,0.0,0.0,0.8615384615384616,0.7905701754385965,-0.0468292905790847,0.0,0.017543859649122806
NASA,KC3,Dummy,194,39,0.18556701030927836,1,1,0.5,0.42857142857142855,0.46153846153846156,0.6232117273791123,0.8205128205128205,0.6674107142857143,0.3561268014363686,0.42857142857142855,0.09375
NASA,KC3,LogisticRegression,194,39,0.18556701030927836,1,1,0.36363636363636365,0.5714285714285714,0.4444444444444444,0.6681531047810609,0.7435897435897436,0.7276785714285715,0.300765296287379,0.5714285714285714,0.21875
NASA,KC3,GaussianNB,194,39,0.18556701030927836,1,1,0.4,0.5714285714285714,0.47058823529411764,0.6813851438692469,0.7692307692307693,0.7232142857142858,0.33742359105871017,0.5714285714285714,0.1875
NASA,KC3,DecisionTree,194,39,0.18556701030927836,1,1,0.4,0.2857142857142857,0.3333333333333333,0.5088502445991073,0.7948717948717948,0.5959821428571428,0.22035351657939922,0.2857142857142857,0.09375
NASA,KC3,RandomForest,194,39,0.18556701030927836,1,1,0.0,0.0,0.0,0.0,0.7948717948717948,0.6830357142857142,-0.07587212233336049,0.0,0.03125
NASA,KC3,KNN,194,39,0.18556701030927836,1,1,0.25,0.14285714285714285,0.18181818181818182,0.35981145856446217,0.7692307692307693,0.7901785714285714,0.06211616832473602,0.14285714285714285,0.09375
NASA,KC3,Dummy,194,39,0.18556701030927836,1,2,0.0,0.0,0.0,0.0,0.6666666666666666,0.40625,-0.1994310088043664,0.0,0.1875
NASA,KC3,LogisticRegression,194,39,0.18556701030927836,1,2,0.3,0.42857142857142855,0.35294117647058826,0.5786375623578447,0.717948717948718,0.6071428571428571,0.1844059160437137,0.42857142857142855,0.21875
NASA,KC3,GaussianNB,194,39,0.18556701030927836,1,2,0.4,0.2857142857142857,0.3333333333333333,0.5088502445991073,0.7948717948717948,0.65625,0.22035351657939922,0.2857142857142857,0.09375
NASA,KC3,DecisionTree,194,39,0.18556701030927836,1,2,0.2857142857142857,0.2857142857142857,0.2857142857142857,0.4909902530309828,0.7435897435897436,0.5781249999999999,0.12946428571428573,0.2857142857142857,0.15625
NASA,KC3,RandomForest,194,39,0.18556701030927836,1,2,0.5,0.14285714285714285,0.2222222222222222,0.37201190457142247,0.8205128205128205,0.53125,0.194178051875375,0.14285714285714285,0.03125
NASA,KC3,KNN,194,39,0.18556701030927836,1,2,0.25,0.14285714285714285,0.18181818181818182,0.35981145856446217,0.7692307692307693,0.4977678571428571,0.06211616832473602,0.14285714285714285,0.09375
NASA,KC3,Dummy,194,39,0.18556701030927836,1,3,0.3333333333333333,0.2857142857142857,0.3076923076923077,0.5,0.7692307692307693,0.5803571428571429,0.17094086468945693,0.2857142857142857,0.125
NASA,KC3,LogisticRegression,194,39,0.18556701030927836,1,3,0.5454545454545454,0.8571428571428571,0.6666666666666666,0.8504200642707612,0.8461538461538461,0.8080357142857142,0.5977234369255506,0.8571428571428571,0.15625
NASA,KC3,GaussianNB,194,39,0.18556701030927836,1,3,0.3333333333333333,0.14285714285714285,0.2,0.36596252735569995,0.7948717948717948,0.6875,0.11572751247156893,0.14285714285714285,0.0625
NASA,KC3,DecisionTree,194,39,0.18556701030927836,1,3,0.42857142857142855,0.8571428571428571,0.5714285714285714,0.8017837257372731,0.7692307692307693,0.8348214285714285,0.4857142857142857,0.8571428571428571,0.25
NASA,KC3,RandomForest,194,39,0.18556701030927836,1,3,0.5,0.14285714285714285,0.2222222222222222,0.37201190457142247,0.8205128205128205,0.8258928571428572,0.194178051875375,0.14285714285714285,0.03125
NASA,KC3,KNN,194,39,0.18556701030927836,1,3,1.0,0.14285714285714285,0.25,0.3779644730092272,0.8461538461538461,0.7008928571428572,0.346843987809648,0.14285714285714285,0.0
NASA,KC3,Dummy,194,39,0.18556701030927836,1,4,0.5,0.375,0.42857142857142855,0.5819876952473779,0.7948717948717948,0.6391129032258065,0.31137995761748233,0.375,0.0967741935483871
NASA,KC3,LogisticRegression,194,39,0.18556701030927836,1,4,0.7272727272727273,1.0,0.8421052631578947,0.9503819266229829,0.9230769230769231,0.9193548387096774,0.8104884302697806,1.0,0.0967741935483871
NASA,KC3,GaussianNB,194,39,0.18556701030927836,1,4,0.5,0.125,0.2,0.3478041718201262,0.7948717948717948,0.6169354838709677,0.1697798461652791,0.125,0.03225806451612903
NASA,KC3,DecisionTree,194,39,0.18556701030927836,1,4,0.5,0.5,0.5,0.6599120175960898,0.7948717948717948,0.7016129032258064,0.3709677419354839,0.5,0.12903225806451613
NASA,KC3,RandomForest,194,39,0.18556701030927836,1,4,0.5,0.125,0.2,0.3478041718201262,0.7948717948717948,0.8588709677419355,0.1697798461652791,0.125,0.03225806451612903
NASA,KC3,KNN,194,39,0.18556701030927836,1,4,0.0,0.0,0.0,0.0,0.7948717948717948,0.6693548387096775,0.0,0.0,0.0
NASA,KC3,Dummy,194,39,0.18556701030927836,1,5,0.3333333333333333,0.2857142857142857,0.3076923076923077,0.4988465959263239,0.7631578947368421,0.5783410138248848,0.16657063285479437,0.2857142857142857,0.12903225806451613
NASA,KC3,LogisticRegression,194,39,0.18556701030927836,1,5,0.16666666666666666,0.2857142857142857,0.21052631578947367,0.43994134506405985,0.6052631578947368,0.5668202764976958,-0.03074558940517994,0.2857142857142857,0.3225806451612903
NASA,KC3,GaussianNB,194,39,0.18556701030927836,1,5,0.38461538461538464,0.7142857142857143,0.5,0.7279793383405131,0.7368421052631579,0.7327188940092166,0.37278947912486654,0.7142857142857143,0.25806451612903225
NASA,KC3,DecisionTree,194,39,0.18556701030927836,1,5,0.6,0.42857142857142855,0.5,0.633183748201243,0.8421052631578947,0.6728110599078342,0.4174988199119194,0.42857142857142855,0.06451612903225806
NASA,KC3,RandomForest,194,39,0.18556701030927836,1,5,0.25,0.2857142857142857,0.26666666666666666,0.4800153607373193,0.7105263157894737,0.7373271889400922,0.08763841367493648,0.2857142857142857,0.1935483870967742
NASA,KC3,KNN,194,39,0.18556701030927836,1,5,0.0,0.0,0.0,0.0,0.7105263157894737,0.6152073732718895,-0.16298915576085324,0.0,0.12903225806451613
NASA,KC3,Dummy,194,39,0.18556701030927836,2,1,0.3333333333333333,0.2857142857142857,0.3076923076923077,0.5,0.7692307692307693,0.5803571428571429,0.17094086468945693,0.2857142857142857,0.125
NASA,KC3,LogisticRegression,194,39,0.18556701030927836,2,1,0.5,0.8571428571428571,0.631578947368421,0.8345229603962802,0.8205128205128205,0.8392857142857142,0.5567942539842174,0.8571428571428571,0.1875
NASA,KC3,GaussianNB,194,39,0.18556701030927836,2,1,0.6,0.42857142857142855,0.5,0.6338656910463873,0.8461538461538461,0.6517857142857143,0.4202090316165287,0.42857142857142855,0.0625
NASA,KC3,DecisionTree,194,39,0.18556701030927836,2,1,0.42857142857142855,0.42857142857142855,0.42857142857142855,0.6123724356957945,0.7948717948717948,0.6339285714285714,0.30357142857142855,0.42857142857142855,0.125
NASA,KC3,RandomForest,194,39,0.18556701030927836,2,1,1.0,0.14285714285714285,0.25,0.3779644730092272,0.8461538461538461,0.8973214285714286,0.346843987809648,0.14285714285714285,0.0
NASA,KC3,KNN,194,39,0.18556701030927836,2,1,0.0,0.0,0.0,0.0,0.8205128205128205,0.7544642857142858,0.0,0.0,0.0
NASA,KC3,Dummy,194,39,0.18556701030927836,2,2,0.6666666666666666,0.5714285714285714,0.6153846153846154,0.7319250547113999,0.8717948717948718,0.7544642857142857,0.5413127381832803,0.5714285714285714,0.0625
NASA,KC3,LogisticRegression,194,39,0.18556701030927836,2,2,0.36363636363636365,0.5714285714285714,0.4444444444444444,0.6681531047810609,0.7435897435897436,0.8125,0.300765296287379,0.5714285714285714,0.21875
NASA,KC3,GaussianNB,194,39,0.18556701030927836,2,2,0.5,0.42857142857142855,0.46153846153846156,0.6232117273791123,0.8205128205128205,0.734375,0.3561268014363686,0.42857142857142855,0.09375
NASA,KC3,DecisionTree,194,39,0.18556701030927836,2,2,0.25,0.14285714285714285,0.18181818181818182,0.35981145856446217,0.7692307692307693,0.5267857142857142,0.06211616832473602,0.14285714285714285,0.09375
NASA,KC3,RandomForest,194,39,0.18556701030927836,2,2,1.0,0.14285714285714285,0.25,0.3779644730092272,0.8461538461538461,0.8125,0.346843987809648,0.14285714285714285,0.0
NASA,KC3,KNN,194,39,0.18556701030927836,2,2,1.0,0.14285714285714285,0.25,0.3779644730092272,0.8461538461538461,0.765625,0.346843987809648,0.14285714285714285,0.0
NASA,KC3,Dummy,194,39,0.18556701030927836,2,3,0.16666666666666666,0.14285714285714285,0.15384615384615385,0.3471825374147068,0.717948717948718,0.4933035714285714,-0.014245072057454743,0.14285714285714285,0.15625
NASA,KC3,LogisticRegression,194,39,0.18556701030927836,2,3,0.3157894736842105,0.8571428571428571,0.46153846153846156,0.7133922984085064,0.6410256410256411,0.8125,0.34618286379884533,0.8571428571428571,0.40625
NASA,KC3,GaussianNB,194,39,0.18556701030927836,2,3,0.4,0.5714285714285714,0.47058823529411764,0.6813851438692469,0.7692307692307693,0.75,0.33742359105871017,0.5714285714285714,0.1875
NASA,KC3,DecisionTree,194,39,0.18556701030927836,2,3,0.2,0.42857142857142855,0.2727272727272727,0.5175491695067657,0.5897435897435898,0.5535714285714286,0.042257712736425826,0.42857142857142855,0.375
NASA,KC3,RandomForest,194,39,0.18556701030927836,2,3,0.4,0.2857142857142857,0.3333333333333333,0.5088502445991073,0.7948717948717948,0.8125,0.22035351657939922,0.2857142857142857,0.09375
NASA,KC3,KNN,194,39,0.18556701030927836,2,3,1.0,0.2857142857142857,0.4444444444444444,0.5345224838248488,0.8717948717948718,0.8504464285714286,0.49709581280096005,0.2857142857142857,0.0
NASA,KC3,Dummy,194,39,0.18556701030927836,2,4,0.3333333333333333,0.25,0.2857142857142857,0.4666282626286914,0.7435897435897436,0.5604838709677419,0.13538259026847058,0.25,0.12903225806451613
NASA,KC3,LogisticRegression,194,39,0.18556701030927836,2,4,0.4444444444444444,0.5,0.47058823529411764,0.6475761258027333,0.7692307692307693,0.7298387096774193,0.3246172270321178,0.5,0.16129032258064516
NASA,KC3,GaussianNB,194,39,0.18556701030927836,2,4,0.3333333333333333,0.25,0.2857142857142857,0.4666282626286914,0.7435897435897436,0.7116935483870968,0.13538259026847058,0.25,0.12903225806451613
NASA,KC3,DecisionTree,194,39,0.18556701030927836,2,4,0.375,0.375,0.375,0.5608173758294746,0.7435897435897436,0.625,0.21370967741935484,0.375,0.16129032258064516
NASA,KC3,RandomForest,194,39,0.18556701030927836,2,4,0.25,0.125,0.16666666666666666,0.3360107525161235,0.7435897435897436,0.6088709677419355,0.03756714418984554,0.125,0.0967741935483871
NASA,KC3,KNN,194,39,0.18556701030927836,2,4,0.6666666666666666,0.25,0.36363636363636365,0.4918693768379647,0.8205128205128205,0.6290322580645161,0.32995600879804493,0.25,0.03225806451612903
NASA,KC3,Dummy,194,39,0.18556701030927836,2,5,0.3333333333333333,0.2857142857142857,0.3076923076923077,0.4988465959263239,0.7631578947368421,0.5783410138248848,0.16657063285479437,0.2857142857142857,0.12903225806451613
NASA,KC3,LogisticRegression,194,39,0.18556701030927836,2,5,0.3333333333333333,0.2857142857142857,0.3076923076923077,0.4988465959263239,0.7631578947368421,0.695852534562212,0.16657063285479437,0.2857142857142857,0.12903225806451613
NASA,KC3,GaussianNB,194,39,0.18556701030927836,2,5,0.25,0.14285714285714285,0.18181818181818182,0.3592106040535498,0.7631578947368421,0.6405529953917051,0.0582104127717333,0.14285714285714285,0.0967741935483871
NASA,KC3,DecisionTree,194,39,0.18556701030927836,2,5,0.0,0.0,0.0,0.0,0.6842105263157895,0.41935483870967744,-0.18496783160654656,0.0,0.16129032258064516
NASA,KC3,RandomForest,194,39,0.18556701030927836,2,5,0.0,0.0,0.0,0.0,0.7631578947368421,0.6036866359447004,-0.11200358417204118,0.0,0.06451612903225806
NASA,KC3,KNN,194,39,0.18556701030927836,2,5,0.0,0.0,0.0,0.0,0.7368421052631579,0.6474654377880186,-0.13912166872805048,0.0,0.0967741935483871
NASA,KC3,Dummy,194,39,0.18556701030927836,3,1,0.16666666666666666,0.14285714285714285,0.15384615384615385,0.3471825374147068,0.717948717948718,0.4933035714285714,-0.014245072057454743,0.14285714285714285,0.15625
NASA,KC3,LogisticRegression,194,39,0.18556701030927836,3,1,0.26666666666666666,0.5714285714285714,0.36363636363636365,0.6123724356957945,0.6410256410256411,0.6919642857142856,0.17959527912980977,0.5714285714285714,0.34375
NASA,KC3,GaussianNB,194,39,0.18556701030927836,3,1,0.2,0.14285714285714285,0.16666666666666666,0.3535533905932738,0.7435897435897436,0.5491071428571428,0.020498001542269693,0.14285714285714285,0.125
NASA,KC3,DecisionTree,194,39,0.18556701030927836,3,1,0.3,0.42857142857142855,0.35294117647058826,0.5786375623578447,0.717948717948718,0.5915178571428572,0.1844059160437137,0.42857142857142855,0.21875
NASA,KC3,RandomForest,194,39,0.18556701030927836,3,1,0.0,0.0,0.0,0.0,0.7948717948717948,0.7276785714285714,-0.07587212233336049,0.0,0.03125
NASA,KC3,KNN,194,39,0.18556701030927836,3,1,0.0,0.0,0.0,0.0,0.7692307692307693,0.7455357142857142,-0.10873970905021,0.0,0.0625
NASA,KC3,Dummy,194,39,0.18556701030927836,3,2,0.3333333333333333,0.2857142857142857,0.3076923076923077,0.5,0.7692307692307693,0.5803571428571429,0.17094086468945693,0.2857142857142857,0.125
NASA,KC3,LogisticRegression,194,39,0.18556701030927836,3,2,0.5,0.7142857142857143,0.5882352941176471,0.7763237542601484,0.8205128205128205,0.8392857142857143,0.49044126607370664,0.7142857142857143,0.15625
NASA,KC3,GaussianNB,194,39,0.18556701030927836,3,2,0.3333333333333333,0.2857142857142857,0.3076923076923077,0.5,0.7692307692307693,0.625,0.17094086468945693,0.2857142857142857,0.125
NASA,KC3,DecisionTree,194,39,0.18556701030927836,3,2,0.375,0.42857142857142855,0.4,0.6013377943029549,0.7692307692307693,0.6316964285714285,0.25880936394643733,0.42857142857142855,0.15625
NASA,KC3,RandomForest,194,39,0.18556701030927836,3,2,0.75,0.42857142857142855,0.5454545454545454,0.6443435197381684,0.8717948717948718,0.7723214285714286,0.5025762709910461,0.42857142857142855,0.03125
NASA,KC3,KNN,194,39,0.18556701030927836,3,2,1.0,0.42857142857142855,0.6,0.6546536707079771,0.8974358974358975,0.8348214285714286,0.6172133998483676,0.42857142857142855,0.0
NASA,KC3,Dummy,194,39,0.18556701030927836,3,3,0.16666666666666666,0.14285714285714285,0.15384615384615385,0.3471825374147068,0.717948717948718,0.4933035714285714,-0.014245072057454743,0.14285714285714285,0.15625
NASA,KC3,LogisticRegression,194,39,0.18556701030927836,3,3,0.3125,0.7142857142857143,0.43478260869565216,0.6846531968814576,0.6666666666666666,0.8125,0.28908807277346427,0.7142857142857143,0.34375
NASA,KC3,GaussianNB,194,39,0.18556701030927836,3,3,0.3076923076923077,0.5714285714285714,0.4,0.6408699444616557,0.6923076923076923,0.7589285714285714,0.236227795630767,0.5714285714285714,0.28125
NASA,KC3,DecisionTree,194,39,0.18556701030927836,3,3,0.09090909090909091,0.14285714285714285,0.1111111111111111,0.31339158526400435,0.5897435897435898,0.42410714285714285,-0.1446719146698785,0.14285714285714285,0.3125
NASA,KC3,RandomForest,194,39,0.18556701030927836,3,3,0.4,0.2857142857142857,0.3333333333333333,0.5088502445991073,0.7948717948717948,0.6696428571428571,0.22035351657939922,0.2857142857142857,0.09375
NASA,KC3,KNN,194,39,0.18556701030927836,3,3,0.5,0.2857142857142857,0.36363636363636365,0.5175491695067657,0.8205128205128205,0.71875,0.28234621965789103,0.2857142857142857,0.0625
NASA,KC3,Dummy,194,39,0.18556701030927836,3,4,0.3333333333333333,0.25,0.2857142857142857,0.4666282626286914,0.7435897435897436,0.5604838709677419,0.13538259026847058,0.25,0.12903225806451613
NASA,KC3,LogisticRegression,194,39,0.18556701030927836,3,4,0.5,0.375,0.42857142857142855,0.5819876952473779,0.7948717948717948,0.5604838709677419,0.31137995761748233,0.375,0.0967741935483871
NASA,KC3,GaussianNB,194,39,0.18556701030927836,3,4,0.6666666666666666,0.5,0.5714285714285714,0.6839166144230384,0.8461538461538461,0.7963709677419354,0.4873773249664941,0.5,0.06451612903225806
NASA,KC3,DecisionTree,194,39,0.18556701030927836,3,4,0.25,0.25,0.25,0.44901325506693723,0.6923076923076923,0.5282258064516129,0.056451612903225805,0.25,0.1935483870967742
NASA,KC3,RandomForest,194,39,0.18556701030927836,3,4,0.0,0.0,0.0,0.0,0.7948717948717948,0.7862903225806452,0.0,0.0,0.0
NASA,KC3,KNN,194,39,0.18556701030927836,3,4,0.5,0.125,0.2,0.3478041718201262,0.7948717948717948,0.8145161290322581,0.1697798461652791,0.125,0.03225806451612903
NASA,KC3,Dummy,194,39,0.18556701030927836,3,5,0.5,0.42857142857142855,0.46153846153846156,0.6221710168382552,0.8157894736842105,0.6658986175115207,0.35273781075132926,0.42857142857142855,0.0967741935483871
NASA,KC3,LogisticRegression,194,39,0.18556701030927836,3,5,0.5,0.7142857142857143,0.5882352941176471,0.7740015122813553,0.8157894736842105,0.847926267281106,0.486824429354627,0.7142857142857143,0.16129032258064516
NASA,KC3,GaussianNB,194,39,0.18556701030927836,3,5,0.6666666666666666,0.2857142857142857,0.4,0.5258304820496188,0.8421052631578947,0.7258064516129032,0.3643662752401322,0.2857142857142857,0.03225806451612903
NASA,KC3,DecisionTree,194,39,0.18556701030927836,3,5,0.5555555555555556,0.7142857142857143,0.625,0.7887457230744283,0.8421052631578947,0.7972350230414748,0.5336464201005914,0.7142857142857143,0.12903225806451613
NASA,KC3,RandomForest,194,39,0.18556701030927836,3,5,0.5,0.14285714285714285,0.2222222222222222,0.3718182996118766,0.8157894736842105,0.7672811059907834,0.1920061442949277,0.14285714285714285,0.03225806451612903
NASA,KC3,KNN,194,39,0.18556701030927836,3,5,0.5,0.14285714285714285,0.2222222222222222,0.3718182996118766,0.8157894736842105,0.6612903225806451,0.1920061442949277,0.14285714285714285,0.03225806451612903
NASA,MC2,Dummy,124,39,0.3548387096774194,1,1,0.16666666666666666,0.1111111111111111,0.13333333333333333,0.2763853991962833,0.48,0.3993055555555556,-0.22634157113224274,0.1111111111111111,0.3125
NASA,MC2,LogisticRegression,124,39,0.3548387096774194,1,1,0.7142857142857143,0.5555555555555556,0.625,0.6972166887783964,0.76,0.7152777777777778,0.46028324996028647,0.5555555555555556,0.125
NASA,MC2,GaussianNB,124,39,0.3548387096774194,1,1,1.0,0.3333333333333333,0.5,0.5773502691896257,0.76,0.7569444444444444,0.4923659639173309,0.3333333333333333,0.0
NASA,MC2,DecisionTree,124,39,0.3548387096774194,1,1,0.375,0.3333333333333333,0.35294117647058826,0.47871355387816905,0.56,0.5034722222222222,0.021437323142813606,0.3333333333333333,0.3125
NASA,MC2,RandomForest,124,39,0.3548387096774194,1,1,1.0,0.4444444444444444,0.6153846153846154,0.6666666666666666,0.8,0.7986111111111112,0.5819143739626463,0.4444444444444444,0.0
NASA,MC2,KNN,124,39,0.3548387096774194,1,1,1.0,0.2222222222222222,0.36363636363636365,0.4714045207910317,0.72,0.7708333333333333,0.3931785497463924,0.2222222222222222,0.0
NASA,MC2,Dummy,124,39,0.3548387096774194,1,2,0.3333333333333333,0.2222222222222222,0.26666666666666666,0.408248290463863,0.56,0.48611111111111116,-0.031219527052723135,0.2222222222222222,0.25
NASA,MC2,LogisticRegression,124,39,0.3548387096774194,1,2,0.6,0.6666666666666666,0.631578947368421,0.7071067811865476,0.72,0.7916666666666667,0.40824829046386296,0.6666666666666666,0.25
NASA,MC2,GaussianNB,124,39,0.3548387096774194,1,2,0.75,0.3333333333333333,0.46153846153846156,0.5590169943749475,0.72,0.576388888888889,0.3546040716334876,0.3333333333333333,0.0625
NASA,MC2,DecisionTree,124,39,0.3548387096774194,1,2,0.5,0.5555555555555556,0.5263157894736842,0.6180165405913053,0.64,0.6215277777777778,0.23814483610392007,0.5555555555555556,0.3125
NASA,MC2,RandomForest,124,39,0.3548387096774194,1,2,0.6,0.3333333333333333,0.42857142857142855,0.5400617248673216,0.68,0.7083333333333333,0.25,0.3333333333333333,0.125
NASA,MC2,KNN,124,39,0.3548387096774194,1,2,0.6,0.3333333333333333,0.42857142857142855,0.5400617248673216,0.68,0.6909722222222222,0.25,0.3333333333333333,0.125
NASA,MC2,Dummy,124,39,0.3548387096774194,1,3,0.16666666666666666,0.1111111111111111,0.13333333333333333,0.2763853991962833,0.48,0.3993055555555556,-0.22634157113224274,0.1111111111111111,0.3125
NASA,MC2,LogisticRegression,124,39,0.3548387096774194,1,3,0.4375,0.7777777777777778,0.56,0.5833333333333334,0.56,0.5416666666666666,0.2152777777777778,0.7777777777777778,0.5625
NASA,MC2,GaussianNB,124,39,0.3548387096774194,1,3,0.5,0.2222222222222222,0.3076923076923077,0.4409585518440984,0.64,0.6041666666666667,0.1272937693043289,0.2222222222222222,0.125
NASA,MC2,DecisionTree,124,39,0.3548387096774194,1,3,0.5,0.5555555555555556,0.5263157894736842,0.6180165405913053,0.64,0.6215277777777777,0.23814483610392007,0.5555555555555556,0.3125
NASA,MC2,RandomForest,124,39,0.3548387096774194,1,3,0.6666666666666666,0.4444444444444444,0.5333333333333333,0.6236095644623235,0.72,0.6527777777777777,0.3590245611063161,0.4444444444444444,0.125
NASA,MC2,KNN,124,39,0.3548387096774194,1,3,0.5,0.2222222222222222,0.3076923076923077,0.4409585518440984,0.64,0.7465277777777778,0.1272937693043289,0.2222222222222222,0.125
NASA,MC2,Dummy,124,39,0.3548387096774194,1,4,0.16666666666666666,0.1111111111111111,0.13333333333333333,0.2763853991962833,0.48,0.3993055555555556,-0.22634157113224274,0.1111111111111111,0.3125
NASA,MC2,LogisticRegression,124,39,0.3548387096774194,1,4,0.625,0.5555555555555556,0.5882352941176471,0.6718548123582124,0.72,0.8055555555555555,0.378726042189707,0.5555555555555556,0.1875
NASA,MC2,GaussianNB,124,39,0.3548387096774194,1,4,0.6,0.3333333333333333,0.42857142857142855,0.5400617248673216,0.68,0.6736111111111112,0.25,0.3333333333333333,0.125
NASA,MC2,DecisionTree,124,39,0.3548387096774194,1,4,0.5714285714285714,0.4444444444444444,0.5,0.6009252125773316,0.68,0.6423611111111112,0.27468516529888065,0.4444444444444444,0.1875
NASA,MC2,RandomForest,124,39,0.3548387096774194,1,4,0.5714285714285714,0.4444444444444444,0.5,0.6009252125773316,0.68,0.6944444444444444,0.27468516529888065,0.4444444444444444,0.1875
NASA,MC2,KNN,124,39,0.3548387096774194,1,4,0.75,0.3333333333333333,0.46153846153846156,0.5590169943749475,0.72,0.642361111111111,0.3546040716334876,0.3333333333333333,0.0625
NASA,MC2,Dummy,124,39,0.3548387096774194,1,5,0.16666666666666666,0.125,0.14285714285714285,0.29315098498896436,0.5,0.40625,-0.2041241452319315,0.125,0.3125
NASA,MC2,LogisticRegression,124,39,0.3548387096774194,1,5,0.36363636363636365,0.5,0.42105263157894735,0.5303300858899106,0.5416666666666666,0.5703125,0.05913123959890826,0.5,0.4375
NASA,MC2,GaussianNB,124,39,0.3548387096774194,1,5,0.8,0.5,0.6153846153846154,0.6846531968814576,0.7916666666666666,0.73828125,0.5078333750770082,0.5,0.0625
NASA,MC2,DecisionTree,124,39,0.3548387096774194,1,5,0.16666666666666666,0.25,0.2,0.30618621784789724,0.3333333333333333,0.3203125,-0.3535533905932738,0.25,0.625
NASA,MC2,RandomForest,124,39,0.3548387096774194,1,5,0.4,0.25,0.3076923076923077,0.45069390943299864,0.625,0.5078125,0.07254762501100116,0.25,0.1875
NASA,MC2,KNN,124,39,0.3548387096774194,1,5,0.2857142857142857,0.25,0.26666666666666666,0.414578098794425,0.5416666666666666,0.46875,-0.06482037235521644,0.25,0.3125
NASA,MC2,Dummy,124,39,0.3548387096774194,2,1,0.6666666666666666,0.4444444444444444,0.5333333333333333,0.6236095644623235,0.72,0.6597222222222222,0.3590245611063161,0.4444444444444444,0.125
NASA,MC2,LogisticRegression,124,39,0.3548387096774194,2,1,0.42857142857142855,0.3333333333333333,0.375,0.5,0.6,0.6388888888888888,0.0890870806374748,0.3333333333333333,0.25
NASA,MC2,GaussianNB,124,39,0.3548387096774194,2,1,0.42857142857142855,0.3333333333333333,0.375,0.5,0.6,0.6319444444444444,0.0890870806374748,0.3333333333333333,0.25
NASA,MC2,DecisionTree,124,39,0.3548387096774194,2,1,0.45454545454545453,0.5555555555555556,0.5,0.5892556509887896,0.6,0.5486111111111112,0.17459497553883238,0.5555555555555556,0.375
NASA,MC2,RandomForest,124,39,0.3548387096774194,2,1,0.4,0.2222222222222222,0.2857142857142857,0.42491829279939874,0.6,0.6875,0.041666666666666664,0.2222222222222222,0.1875
NASA,MC2,KNN,124,39,0.3548387096774194,2,1,0.3333333333333333,0.1111111111111111,0.16666666666666666,0.31180478223116176,0.6,0.6319444444444444,-0.020515248496555453,0.1111111111111111,0.125
NASA,MC2,Dummy,124,39,0.3548387096774194,2,2,0.3333333333333333,0.2222222222222222,0.26666666666666666,0.408248290463863,0.56,0.48611111111111116,-0.031219527052723135,0.2222222222222222,0.25
NASA,MC2,LogisticRegression,124,39,0.3548387096774194,2,2,0.6666666666666666,0.6666666666666666,0.6666666666666666,0.7359800721939872,0.76,0.8541666666666666,0.4791666666666667,0.6666666666666666,0.1875
NASA,MC2,GaussianNB,124,39,0.3548387096774194,2,2,1.0,0.2222222222222222,0.36363636363636365,0.4714045207910317,0.72,0.6527777777777778,0.3931785497463924,0.2222222222222222,0.0
NASA,MC2,DecisionTree,124,39,0.3548387096774194,2,2,0.8333333333333334,0.5555555555555556,0.6666666666666666,0.7216878364870323,0.8,0.7465277777777778,0.5541466051858357,0.5555555555555556,0.0625
NASA,MC2,RandomForest,124,39,0.3548387096774194,2,2,0.75,0.3333333333333333,0.46153846153846156,0.5590169943749475,0.72,0.8055555555555556,0.3546040716334876,0.3333333333333333,0.0625
NASA,MC2,KNN,124,39,0.3548387096774194,2,2,1.0,0.5555555555555556,0.7142857142857143,0.7453559924999299,0.84,0.736111111111111,0.6666666666666666,0.5555555555555556,0.0
NASA,MC2,Dummy,124,39,0.3548387096774194,2,3,0.0,0.0,0.0,0.0,0.4,0.3125,-0.42146361521176234,0.0,0.375
NASA,MC2,LogisticRegression,124,39,0.3548387096774194,2,3,0.4166666666666667,0.5555555555555556,0.47619047619047616,0.5590169943749475,0.56,0.6180555555555556,0.11342410894527007,0.5555555555555556,0.4375
NASA,MC2,GaussianNB,124,39,0.3548387096774194,2,3,0.8,0.4444444444444444,0.5714285714285714,0.6454972243679028,0.76,0.5902777777777778,0.4583333333333333,0.4444444444444444,0.0625
NASA,MC2,DecisionTree,124,39,0.3548387096774194,2,3,0.5555555555555556,0.5555555555555556,0.5555555555555556,0.6454972243679028,0.68,0.6527777777777778,0.3055555555555556,0.5555555555555556,0.25
NASA,MC2,RandomForest,124,39,0.3548387096774194,2,3,0.6666666666666666,0.2222222222222222,0.3333333333333333,0.4564354645876384,0.68,0.6666666666666666,0.23592535771038772,0.2222222222222222,0.0625
NASA,MC2,KNN,124,39,0.3548387096774194,2,3,0.5714285714285714,0.4444444444444444,0.5,0.6009252125773316,0.68,0.6215277777777778,0.27468516529888065,0.4444444444444444,0.1875
NASA,MC2,Dummy,124,39,0.3548387096774194,2,4,0.16666666666666666,0.1111111111111111,0.13333333333333333,0.2763853991962833,0.48,0.3993055555555556,-0.22634157113224274,0.1111111111111111,0.3125
NASA,MC2,LogisticRegression,124,39,0.3548387096774194,2,4,0.5454545454545454,0.6666666666666666,0.6,0.67700320038633,0.68,0.7847222222222222,0.3424747597107866,0.6666666666666666,0.3125
NASA,MC2,GaussianNB,124,39,0.3548387096774194,2,4,1.0,0.3333333333333333,0.5,0.5773502691896257,0.76,0.7361111111111112,0.4923659639173309,0.3333333333333333,0.0
NASA,MC2,DecisionTree,124,39,0.3548387096774194,2,4,0.2857142857142857,0.2222222222222222,0.25,0.3908679799852858,0.52,0.43750000000000006,-0.09651100402393104,0.2222222222222222,0.3125
NASA,MC2,RandomForest,124,39,0.3548387096774194,2,4,0.6666666666666666,0.4444444444444444,0.5333333333333333,0.6236095644623235,0.72,0.6666666666666667,0.3590245611063161,0.4444444444444444,0.125
NASA,MC2,KNN,124,39,0.3548387096774194,2,4,0.75,0.3333333333333333,0.46153846153846156,0.5590169943749475,0.72,0.7777777777777778,0.3546040716334876,0.3333333333333333,0.0625
NASA,MC2,Dummy,124,39,0.3548387096774194,2,5,0.5,0.375,0.42857142857142855,0.5519850541454905,0.6666666666666666,0.59375,0.2041241452319315,0.375,0.1875
NASA,MC2,LogisticRegression,124,39,0.3548387096774194,2,5,0.5,0.875,0.6363636363636364,0.701560760020114,0.6666666666666666,0.703125,0.4183300132670378,0.875,0.4375
NASA,MC2,GaussianNB,124,39,0.3548387096774194,2,5,0.6666666666666666,0.5,0.5714285714285714,0.6614378277661477,0.75,0.68359375,0.408248290463863,0.5,0.125
NASA,MC2,DecisionTree,124,39,0.3548387096774194,2,5,0.5,0.5,0.5,0.6123724356957945,0.6666666666666666,0.640625,0.25,0.5,0.25
NASA,MC2,RandomForest,124,39,0.3548387096774194,2,5,0.6666666666666666,0.5,0.5714285714285714,0.6614378277661477,0.75,0.6328125,0.408248290463863,0.5,0.125
NASA,MC2,KNN,124,39,0.3548387096774194,2,5,0.5714285714285714,0.5,0.5333333333333333,0.6373774391990981,0.7083333333333334,0.73046875,0.3241018617760822,0.5,0.1875
NASA,MC2,Dummy,124,39,0.3548387096774194,3,1,0.3333333333333333,0.2222222222222222,0.26666666666666666,0.408248290463863,0.56,0.48611111111111116,-0.031219527052723135,0.2222222222222222,0.25
NASA,MC2,LogisticRegression,124,39,0.3548387096774194,3,1,0.5,0.7777777777777778,0.6086956521739131,0.6614378277661477,0.64,0.8958333333333334,0.32904437697703026,0.7777777777777778,0.4375
NASA,MC2,GaussianNB,124,39,0.3548387096774194,3,1,0.6,0.3333333333333333,0.42857142857142855,0.5400617248673216,0.68,0.5659722222222223,0.25,0.3333333333333333,0.125
NASA,MC2,DecisionTree,124,39,0.3548387096774194,3,1,0.4444444444444444,0.4444444444444444,0.4444444444444444,0.5527707983925666,0.6,0.59375,0.13194444444444445,0.4444444444444444,0.3125
NASA,MC2,RandomForest,124,39,0.3548387096774194,3,1,0.5,0.2222222222222222,0.3076923076923077,0.4409585518440984,0.64,0.611111111111111,0.1272937693043289,0.2222222222222222,0.125
NASA,MC2,KNN,124,39,0.3548387096774194,3,1,0.5714285714285714,0.4444444444444444,0.5,0.6009252125773316,0.68,0.6805555555555556,0.27468516529888065,0.4444444444444444,0.1875
NASA,MC2,Dummy,124,39,0.3548387096774194,3,2,0.3333333333333333,0.2222222222222222,0.26666666666666666,0.408248290463863,0.56,0.48611111111111116,-0.031219527052723135,0.2222222222222222,0.25
NASA,MC2,LogisticRegression,124,39,0.3548387096774194,3,2,0.5,0.7777777777777778,0.6086956521739131,0.6614378277661477,0.64,0.8194444444444444,0.32904437697703026,0.7777777777777778,0.4375
NASA,MC2,GaussianNB,124,39,0.3548387096774194,3,2,1.0,0.3333333333333333,0.5,0.5773502691896257,0.76,0.7777777777777778,0.4923659639173309,0.3333333333333333,0.0
NASA,MC2,DecisionTree,124,39,0.3548387096774194,3,2,0.4444444444444444,0.4444444444444444,0.4444444444444444,0.5527707983925666,0.6,0.59375,0.13194444444444445,0.4444444444444444,0.3125
NASA,MC2,RandomForest,124,39,0.3548387096774194,3,2,1.0,0.4444444444444444,0.6153846153846154,0.6666666666666666,0.8,0.625,0.5819143739626463,0.4444444444444444,0.0
NASA,MC2,KNN,124,39,0.3548387096774194,3,2,1.0,0.3333333333333333,0.5,0.5773502691896257,0.76,0.6944444444444444,0.4923659639173309,0.3333333333333333,0.0
NASA,MC2,Dummy,124,39,0.3548387096774194,3,3,0.0,0.0,0.0,0.0,0.4,0.3125,-0.42146361521176234,0.0,0.375
NASA,MC2,LogisticRegression,124,39,0.3548387096774194,3,3,0.46153846153846156,0.6666666666666666,0.5454545454545454,0.6123724356957945,0.6,0.75,0.22017621148199482,0.6666666666666666,0.4375
NASA,MC2,GaussianNB,124,39,0.3548387096774194,3,3,0.6666666666666666,0.4444444444444444,0.5333333333333333,0.6236095644623235,0.72,0.5902777777777778,0.3590245611063161,0.4444444444444444,0.125
NASA,MC2,DecisionTree,124,39,0.3548387096774194,3,3,0.2727272727272727,0.3333333333333333,0.3,0.408248290463863,0.44,0.4375,-0.16116459280507606,0.3333333333333333,0.5
NASA,MC2,RandomForest,124,39,0.3548387096774194,3,3,0.625,0.5555555555555556,0.5882352941176471,0.6718548123582124,0.72,0.6597222222222222,0.378726042189707,0.5555555555555556,0.1875
NASA,MC2,KNN,124,39,0.3548387096774194,3,3,0.5,0.3333333333333333,0.4,0.5204164998665332,0.64,0.6805555555555556,0.16390251702679645,0.3333333333333333,0.1875
NASA,MC2,Dummy,124,39,0.3548387096774194,3,4,0.3333333333333333,0.2222222222222222,0.26666666666666666,0.408248290463863,0.56,0.48611111111111116,-0.031219527052723135,0.2222222222222222,0.25
NASA,MC2,LogisticRegression,124,39,0.3548387096774194,3,4,0.42857142857142855,0.3333333333333333,0.375,0.5,0.6,0.5972222222222222,0.0890870806374748,0.3333333333333333,0.25
NASA,MC2,GaussianNB,124,39,0.3548387096774194,3,4,0.75,0.3333333333333333,0.46153846153846156,0.5590169943749475,0.72,0.7083333333333333,0.3546040716334876,0.3333333333333333,0.0625
NASA,MC2,DecisionTree,124,39,0.3548387096774194,3,4,0.5,0.3333333333333333,0.4,0.5204164998665332,0.64,0.5833333333333333,0.16390251702679645,0.3333333333333333,0.1875
NASA,MC2,RandomForest,124,39,0.3548387096774194,3,4,0.6666666666666666,0.4444444444444444,0.5333333333333333,0.6236095644623235,0.72,0.7222222222222222,0.3590245611063161,0.4444444444444444,0.125
NASA,MC2,KNN,124,39,0.3548387096774194,3,4,0.6,0.3333333333333333,0.42857142857142855,0.5400617248673216,0.68,0.6215277777777778,0.25,0.3333333333333333,0.125
NASA,MC2,Dummy,124,39,0.3548387096774194,3,5,0.16666666666666666,0.125,0.14285714285714285,0.29315098498896436,0.5,0.40625,-0.2041241452319315,0.125,0.3125
NASA,MC2,LogisticRegression,124,39,0.3548387096774194,3,5,0.5555555555555556,0.625,0.5882352941176471,0.6846531968814576,0.7083333333333334,0.8203125,0.36514837167011077,0.625,0.25
NASA,MC2,GaussianNB,124,39,0.3548387096774194,3,5,0.5,0.125,0.2,0.3423265984407288,0.6666666666666666,0.59765625,0.10660035817780521,0.125,0.0625
NASA,MC2,DecisionTree,124,39,0.3548387096774194,3,5,0.5714285714285714,0.5,0.5333333333333333,0.6373774391990981,0.7083333333333334,0.66015625,0.3241018617760822,0.5,0.1875
NASA,MC2,RandomForest,124,39,0.3548387096774194,3,5,0.75,0.375,0.5,0.5929270612815711,0.75,0.671875,0.3952847075210474,0.375,0.0625
NASA,MC2,KNN,124,39,0.3548387096774194,3,5,0.75,0.375,0.5,0.5929270612815711,0.75,0.66796875,0.3952847075210474,0.375,0.0625
NASA,MW1,Dummy,254,37,0.1062992125984252,1,1,0.0,0.0,0.0,0.0,0.7843137254901961,0.43478260869565216,-0.1203858530857692,0.0,0.13043478260869565
NASA,MW1,LogisticRegression,254,37,0.1062992125984252,1,1,0.23529411764705882,0.8,0.36363636363636365,0.7575704874652001,0.7254901960784313,0.7913043478260869,0.3263766828841098,0.8,0.2826086956521739
NASA,MW1,GaussianNB,254,37,0.1062992125984252,1,1,0.2727272727272727,0.6,0.375,0.7040256912308268,0.803921568627451,0.7391304347826088,0.30806036059634645,0.6,0.17391304347826086
NASA,MW1,DecisionTree,254,37,0.1062992125984252,1,1,0.2857142857142857,0.4,0.3333333333333333,0.5970944139166224,0.8431372549019608,0.6499999999999999,0.25173031916228306,0.4,0.10869565217391304
NASA,MW1,RandomForest,254,37,0.1062992125984252,1,1,0.6,0.6,0.6,0.7575704874652001,0.9215686274509803,0.7434782608695653,0.5565217391304348,0.6,0.043478260869565216
NASA,MW1,KNN,254,37,0.1062992125984252,1,1,0.5,0.4,0.4444444444444444,0.6185537128270866,0.9019607843137255,0.7086956521739131,0.39434016129759203,0.4,0.043478260869565216
NASA,MW1,Dummy,254,37,0.1062992125984252,1,2,0.0,0.0,0.0,0.0,0.7843137254901961,0.43478260869565216,-0.1203858530857692,0.0,0.13043478260869565
NASA,MW1,LogisticRegression,254,37,0.1062992125984252,1,2,0.09090909090909091,0.2,0.125,0.39562828403747224,0.7254901960784313,0.4217391304347826,-0.01257389226923863,0.2,0.21739130434782608
NASA,MW1,GaussianNB,254,37,0.1062992125984252,1,2,0.16666666666666666,0.2,0.18181818181818182,0.4222095090890509,0.8235294117647058,0.48695652173913045,0.08427009716003844,0.2,0.10869565217391304
NASA,MW1,DecisionTree,254,37,0.1062992125984252,1,2,0.25,0.2,0.2222222222222222,0.43238469184180245,0.8627450980392157,0.567391304347826,0.14907981707591894,0.2,0.06521739130434782
NASA,MW1,RandomForest,254,37,0.1062992125984252,1,2,0.3333333333333333,0.2,0.25,0.4373835248681493,0.8823529411764706,0.4130434782608696,0.19781414201873612,0.2,0.043478260869565216
NASA,MW1,KNN,254,37,0.1062992125984252,1,2,0.0,0.0,0.0,0.0,0.8823529411764706,0.4847826086956521,-0.04662524041201569,0.0,0.021739130434782608
NASA,MW1,Dummy,254,37,0.1062992125984252,1,3,0.16666666666666666,0.16666666666666666,0.16666666666666666,0.3849001794597505,0.803921568627451,0.5277777777777778,0.05555555555555555,0.16666666666666666,0.1111111111111111
NASA,MW1,LogisticRegression,254,37,0.1062992125984252,1,3,0.25,0.5,0.3333333333333333,0.6324555320336759,0.7647058823529411,0.5962962962962962,0.227866357593825,0.5,0.2
NASA,MW1,GaussianNB,254,37,0.1062992125984252,1,3,0.4,0.6666666666666666,0.5,0.7601169500660919,0.8431372549019608,0.8333333333333335,0.43280142464036747,0.6666666666666666,0.13333333333333333
NASA,MW1,DecisionTree,254,37,0.1062992125984252,1,3,0.6,0.5,0.5454545454545454,0.6912147117775908,0.9019607843137255,0.7351851851851852,0.4935819976516537,0.5,0.044444444444444446
NASA,MW1,RandomForest,254,37,0.1062992125984252,1,3,1.0,0.3333333333333333,0.5,0.5773502691896257,0.9215686274509803,0.7703703703703704,0.5532833351724881,0.3333333333333333,0.0
NASA,MW1,KNN,254,37,0.1062992125984252,1,3,1.0,0.3333333333333333,0.5,0.5773502691896257,0.9215686274509803,0.8407407407407408,0.5532833351724881,0.3333333333333333,0.0
NASA,MW1,Dummy,254,37,0.1062992125984252,1,4,0.0,0.0,0.0,0.0,0.7647058823529411,0.43333333333333335,-0.13333333333333333,0.0,0.13333333333333333
NASA,MW1,LogisticRegression,254,37,0.1062992125984252,1,4,0.3333333333333333,0.5,0.4,0.6582805886043833,0.8235294117647058,0.6407407407407407,0.3098898934004561,0.5,0.13333333333333333
NASA,MW1,GaussianNB,254,37,0.1062992125984252,1,4,0.375,0.5,0.42857142857142855,0.6666666666666666,0.8431372549019608,0.7055555555555555,0.344530913544194,0.5,0.1111111111111111
NASA,MW1,DecisionTree,254,37,0.1062992125984252,1,4,0.0,0.0,0.0,0.0,0.6862745098039216,0.3888888888888889,-0.18033392693348646,0.0,0.2222222222222222
NASA,MW1,RandomForest,254,37,0.1062992125984252,1,4,0.0,0.0,0.0,0.0,0.8431372549019608,0.625925925925926,-0.07377111135633174,0.0,0.044444444444444446
NASA,MW1,KNN,254,37,0.1062992125984252,1,4,1.0,0.3333333333333333,0.5,0.5773502691896257,0.9215686274509803,0.6611111111111111,0.5532833351724881,0.3333333333333333,0.0
NASA,MW1,Dummy,254,37,0.1062992125984252,1,5,0.0,0.0,0.0,0.0,0.8,0.4444444444444444,-0.1111111111111111,0.0,0.1111111111111111
NASA,MW1,LogisticRegression,254,37,0.1062992125984252,1,5,0.35714285714285715,1.0,0.5263157894736842,0.8944271909999159,0.82,0.9066666666666667,0.5345224838248488,1.0,0.2
NASA,MW1,GaussianNB,254,37,0.1062992125984252,1,5,0.23076923076923078,0.6,0.3333333333333333,0.6831300510639732,0.76,0.8488888888888888,0.25837775979961347,0.6,0.2222222222222222
NASA,MW1,DecisionTree,254,37,0.1062992125984252,1,5,0.0,0.0,0.0,0.0,0.78,0.43333333333333335,-0.12309149097933274,0.0,0.13333333333333333
NASA,MW1,RandomForest,254,37,0.1062992125984252,1,5,0.25,0.2,0.2222222222222222,0.43204937989385733,0.86,0.6533333333333333,0.14744195615489714,0.2,0.06666666666666667
NASA,MW1,KNN,254,37,0.1062992125984252,1,5,0.3333333333333333,0.2,0.25,0.43716256828680006,0.88,0.6044444444444445,0.1965021149155211,0.2,0.044444444444444446
NASA,MW1,Dummy,254,37,0.1062992125984252,2,1,0.16666666666666666,0.2,0.18181818181818182,0.4222095090890509,0.8235294117647058,0.5456521739130434,0.08427009716003844,0.2,0.10869565217391304
NASA,MW1,LogisticRegression,254,37,0.1062992125984252,2,1,0.2727272727272727,0.6,0.375,0.7040256912308268,0.803921568627451,0.6630434782608696,0.30806036059634645,0.6,0.17391304347826086
NASA,MW1,GaussianNB,254,37,0.1062992125984252,2,1,0.2,0.4,0.26666666666666666,0.574834569775249,0.7843137254901961,0.5782608695652174,0.1693352983467174,0.4,0.17391304347826086
NASA,MW1,DecisionTree,254,37,0.1062992125984252,2,1,0.0,0.0,0.0,0.0,0.8235294117647058,0.4565217391304348,-0.09618052714575416,0.0,0.08695652173913043
NASA,MW1,RandomForest,254,37,0.1062992125984252,2,1,0.0,0.0,0.0,0.0,0.8627450980392157,0.55,-0.06660748630287956,0.0,0.043478260869565216
NASA,MW1,KNN,254,37,0.1062992125984252,2,1,0.0,0.0,0.0,0.0,0.8627450980392157,0.5956521739130434,-0.06660748630287956,0.0,0.043478260869565216
NASA,MW1,Dummy,254,37,0.1062992125984252,2,2,0.16666666666666666,0.2,0.18181818181818182,0.4222095090890509,0.8235294117647058,0.5456521739130434,0.08427009716003844,0.2,0.10869565217391304
NASA,MW1,LogisticRegression,254,37,0.1062992125984252,2,2,0.125,0.2,0.15384615384615385,0.4117829736539678,0.7843137254901961,0.4695652173913043,0.03910655377335507,0.2,0.15217391304347827
NASA,MW1,GaussianNB,254,37,0.1062992125984252,2,2,0.2,0.2,0.2,0.42732738696715183,0.8431372549019608,0.6369565217391305,0.11304347826086956,0.2,0.08695652173913043
NASA,MW1,DecisionTree,254,37,0.1062992125984252,2,2,0.5,0.4,0.4444444444444444,0.6185537128270866,0.9019607843137255,0.6782608695652174,0.39434016129759203,0.4,0.043478260869565216
NASA,MW1,RandomForest,254,37,0.1062992125984252,2,2,1.0,0.2,0.3333333333333333,0.4472135954999579,0.9215686274509803,0.6565217391304348,0.4289522117905444,0.2,0.0
NASA,MW1,KNN,254,37,0.1062992125984252,2,2,0.0,0.0,0.0,0.0,0.9019607843137255,0.4847826086956521,0.0,0.0,0.0
NASA,MW1,Dummy,254,37,0.1062992125984252,2,3,0.0,0.0,0.0,0.0,0.7647058823529411,0.43333333333333335,-0.13333333333333333,0.0,0.13333333333333333
NASA,MW1,LogisticRegression,254,37,0.1062992125984252,2,3,0.3076923076923077,0.6666666666666666,0.42105263157894735,0.7302967433402214,0.7843137254901961,0.8074074074074074,0.34500484066310094,0.6666666666666666,0.2
NASA,MW1,GaussianNB,254,37,0.1062992125984252,2,3,0.26666666666666666,0.6666666666666666,0.38095238095238093,0.7097208632298361,0.7450980392156863,0.7037037037037037,0.29855619650098675,0.6666666666666666,0.24444444444444444
NASA,MW1,DecisionTree,254,37,0.1062992125984252,2,3,0.6,0.5,0.5454545454545454,0.6912147117775908,0.9019607843137255,0.7333333333333334,0.4935819976516537,0.5,0.044444444444444446
NASA,MW1,RandomForest,254,37,0.1062992125984252,2,3,1.0,0.6666666666666666,0.8,0.816496580927726,0.9607843137254902,0.8222222222222223,0.7989354619369612,0.6666666666666666,0.0
NASA,MW1,KNN,254,37,0.1062992125984252,2,3,1.0,0.16666666666666666,0.2857142857142857,0.408248290463863,0.9019607843137255,0.7944444444444445,0.3872983346207417,0.16666666666666666,0.0
NASA,MW1,Dummy,254,37,0.1062992125984252,2,4,0.0,0.0,0.0,0.0,0.7647058823529411,0.43333333333333335,-0.13333333333333333,0.0,0.13333333333333333
NASA,MW1,LogisticRegression,254,37,0.1062992125984252,2,4,0.23076923076923078,0.5,0.3157894736842105,0.6236095644623235,0.7450980392156863,0.7444444444444445,0.20536002420422675,0.5,0.2222222222222222
NASA,MW1,GaussianNB,254,37,0.1062992125984252,2,4,0.5,0.6666666666666666,0.5714285714285714,0.7793634629666747,0.8823529411764706,0.8685185185185185,0.5118745001228026,0.6666666666666666,0.08888888888888889
NASA,MW1,DecisionTree,254,37,0.1062992125984252,2,4,0.25,0.3333333333333333,0.2857142857142857,0.5374838498865699,0.803921568627451,0.611111111111111,0.17718732696558548,0.3333333333333333,0.13333333333333333
NASA,MW1,RandomForest,254,37,0.1062992125984252,2,4,0.5,0.16666666666666666,0.25,0.40368671387966554,0.8823529411764706,0.6925925925925925,0.2397561119080782,0.16666666666666666,0.022222222222222223
NASA,MW1,KNN,254,37,0.1062992125984252,2,4,0.3333333333333333,0.16666666666666666,0.2222222222222222,0.3990729999126216,0.8627450980392157,0.8111111111111111,0.16735967034880075,0.16666666666666666,0.044444444444444446
NASA,MW1,Dummy,254,37,0.1062992125984252,2,5,0.0,0.0,0.0,0.0,0.8,0.4444444444444444,-0.1111111111111111,0.0,0.1111111111111111
NASA,MW1,LogisticRegression,254,37,0.1062992125984252,2,5,0.17647058823529413,0.6,0.2727272727272727,0.6429100507328637,0.68,0.7466666666666666,0.1829534767323246,0.6,0.3111111111111111
NASA,MW1,GaussianNB,254,37,0.1062992125984252,2,5,0.3076923076923077,0.8,0.4444444444444444,0.8,0.8,0.8933333333333333,0.41036467732879783,0.8,0.2
NASA,MW1,DecisionTree,254,37,0.1062992125984252,2,5,0.3333333333333333,0.4,0.36363636363636365,0.6036923425424945,0.86,0.66,0.2872134789517764,0.4,0.08888888888888889
NASA,MW1,RandomForest,254,37,0.1062992125984252,2,5,0.375,0.6,0.46153846153846156,0.7302967433402214,0.86,0.7777777777777778,0.40006613209931935,0.6,0.1111111111111111
NASA,MW1,KNN,254,37,0.1062992125984252,2,5,0.4,0.4,0.4,0.6110100926607787,0.88,0.8688888888888888,0.3333333333333333,0.4,0.06666666666666667
NASA,MW1,Dummy,254,37,0.1062992125984252,3,1,0.3333333333333333,0.4,0.36363636363636365,0.6043321862224019,0.8627450980392157,0.6565217391304348,0.2889260474058461,0.4,0.08695652173913043
NASA,MW1,LogisticRegression,254,37,0.1062992125984252,3,1,0.3,0.6,0.4,0.7132290320604686,0.8235294117647058,0.7000000000000001,0.3354141486483056,0.6,0.15217391304347827
NASA,MW1,GaussianNB,254,37,0.1062992125984252,3,1,0.3,0.6,0.4,0.7132290320604686,0.8235294117647058,0.7260869565217392,0.3354141486483056,0.6,0.15217391304347827
NASA,MW1,DecisionTree,254,37,0.1062992125984252,3,1,0.2857142857142857,0.4,0.3333333333333333,0.5970944139166224,0.8431372549019608,0.6543478260869565,0.25173031916228306,0.4,0.10869565217391304
NASA,MW1,RandomForest,254,37,0.1062992125984252,3,1,1.0,0.2,0.3333333333333333,0.4472135954999579,0.9215686274509803,0.7347826086956522,0.4289522117905444,0.2,0.0
NASA,MW1,KNN,254,37,0.1062992125984252,3,1,1.0,0.2,0.3333333333333333,0.4472135954999579,0.9215686274509803,0.7956521739130435,0.4289522117905444,0.2,0.0
NASA,MW1,Dummy,254,37,0.1062992125984252,3,2,0.16666666666666666,0.2,0.18181818181818182,0.4222095090890509,0.8235294117647058,0.5456521739130434,0.08427009716003844,0.2,0.10869565217391304
NASA,MW1,LogisticRegression,254,37,0.1062992125984252,3,2,0.21052631578947367,0.8,0.3333333333333333,0.7342550202638104,0.6862745098039216,0.8391304347826087,0.2914813620788802,0.8,0.32608695652173914
NASA,MW1,GaussianNB,254,37,0.1062992125984252,3,2,0.36363636363636365,0.8,0.5,0.8235659473079356,0.8431372549019608,0.8478260869565217,0.46837748702913895,0.8,0.15217391304347827
NASA,MW1,DecisionTree,254,37,0.1062992125984252,3,2,0.25,0.2,0.2222222222222222,0.43238469184180245,0.8627450980392157,0.5739130434782609,0.14907981707591894,0.2,0.06521739130434782
NASA,MW1,RandomForest,254,37,0.1062992125984252,3,2,1.0,0.4,0.5714285714285714,0.6324555320336759,0.9411764705882353,0.8043478260869565,0.612788873986492,0.4,0.0
NASA,MW1,KNN,254,37,0.1062992125984252,3,2,1.0,0.2,0.3333333333333333,0.4472135954999579,0.9215686274509803,0.7826086956521741,0.4289522117905444,0.2,0.0
NASA,MW1,Dummy,254,37,0.1062992125984252,3,3,0.16666666666666666,0.16666666666666666,0.16666666666666666,0.3849001794597505,0.803921568627451,0.5277777777777778,0.05555555555555555,0.16666666666666666,0.1111111111111111
NASA,MW1,LogisticRegression,254,37,0.1062992125984252,3,3,0.3076923076923077,0.6666666666666666,0.42105263157894735,0.7302967433402214,0.7843137254901961,0.7370370370370369,0.34500484066310094,0.6666666666666666,0.2
NASA,MW1,GaussianNB,254,37,0.1062992125984252,3,3,0.3333333333333333,0.5,0.4,0.6582805886043833,0.8235294117647058,0.7777777777777778,0.3098898934004561,0.5,0.13333333333333333
NASA,MW1,DecisionTree,254,37,0.1062992125984252,3,3,0.2222222222222222,0.3333333333333333,0.26666666666666666,0.5305482838361476,0.7843137254901961,0.5944444444444443,0.15024964528506962,0.3333333333333333,0.15555555555555556
NASA,MW1,RandomForest,254,37,0.1062992125984252,3,3,0.3333333333333333,0.16666666666666666,0.2222222222222222,0.3990729999126216,0.8627450980392157,0.6814814814814815,0.16735967034880075,0.16666666666666666,0.044444444444444446
NASA,MW1,KNN,254,37,0.1062992125984252,3,3,0.6666666666666666,0.3333333333333333,0.4444444444444444,0.5708992257184502,0.9019607843137255,0.7388888888888889,0.4260064336151292,0.3333333333333333,0.022222222222222223
NASA,MW1,Dummy,254,37,0.1062992125984252,3,4,0.16666666666666666,0.16666666666666666,0.16666666666666666,0.3849001794597505,0.803921568627451,0.5277777777777778,0.05555555555555555,0.16666666666666666,0.1111111111111111
NASA,MW1,LogisticRegression,254,37,0.1062992125984252,3,4,0.2,0.5,0.2857142857142857,0.6055300708194983,0.7058823529411765,0.6407407407407408,0.1649915822768611,0.5,0.26666666666666666
NASA,MW1,GaussianNB,254,37,0.1062992125984252,3,4,0.25,0.5,0.3333333333333333,0.6324555320336759,0.7647058823529411,0.587037037037037,0.227866357593825,0.5,0.2
NASA,MW1,DecisionTree,254,37,0.1062992125984252,3,4,0.2727272727272727,0.5,0.35294117647058826,0.6411794687223782,0.7843137254901961,0.662962962962963,0.25241260113576186,0.5,0.17777777777777778
NASA,MW1,RandomForest,254,37,0.1062992125984252,3,4,0.5,0.5,0.5,0.6831300510639732,0.8823529411764706,0.5833333333333334,0.43333333333333335,0.5,0.06666666666666667
NASA,MW1,KNN,254,37,0.1062992125984252,3,4,0.3333333333333333,0.3333333333333333,0.3333333333333333,0.5510931896727664,0.8431372549019608,0.624074074074074,0.24444444444444444,0.3333333333333333,0.08888888888888889
NASA,MW1,Dummy,254,37,0.1062992125984252,3,5,0.0,0.0,0.0,0.0,0.8,0.4444444444444444,-0.1111111111111111,0.0,0.1111111111111111
NASA,MW1,LogisticRegression,254,37,0.1062992125984252,3,5,0.11764705882352941,0.4,0.18181818181818182,0.5163977794943222,0.64,0.6311111111111112,0.04222003309207491,0.4,0.3333333333333333
NASA,MW1,GaussianNB,254,37,0.1062992125984252,3,5,0.2727272727272727,0.6,0.375,0.7023769168568492,0.8,0.7511111111111111,0.3057762147373361,0.6,0.17777777777777778
NASA,MW1,DecisionTree,254,37,0.1062992125984252,3,5,0.14285714285714285,0.2,0.16666666666666666,0.41633319989322654,0.8,0.5355555555555556,0.057639041770423505,0.2,0.13333333333333333
NASA,MW1,RandomForest,254,37,0.1062992125984252,3,5,0.2,0.2,0.2,0.42687494916218993,0.84,0.64,0.1111111111111111,0.2,0.08888888888888889
NASA,MW1,KNN,254,37,0.1062992125984252,3,5,0.0,0.0,0.0,0.0,0.84,0.62,-0.0842151921066519,0.0,0.06666666666666667
NASA,PC1,Dummy,691,37,0.08827785817655572,1,1,0.1,0.07692307692307693,0.08695652173913043,0.2672612419124244,0.8489208633093526,0.5027472527472527,0.006191426270577065,0.07692307692307693,0.07142857142857142
NASA,PC1,LogisticRegression,691,37,0.08827785817655572,1,1,0.27906976744186046,0.9230769230769231,0.42857142857142855,0.834248581641405,0.7697841726618705,0.9352869352869353,0.4264859741868153,0.9230769230769231,0.24603174603174602
NASA,PC1,GaussianNB,691,37,0.08827785817655572,1,1,0.25806451612903225,0.6153846153846154,0.36363636363636365,0.7092619424814101,0.7985611510791367,0.7664835164835164,0.30275865122600804,0.6153846153846154,0.18253968253968253
NASA,PC1,DecisionTree,691,37,0.08827785817655572,1,1,0.4444444444444444,0.6153846153846154,0.5161290322580645,0.7526915480756818,0.8920863309352518,0.7603785103785105,0.4648454983039617,0.6153846153846154,0.07936507936507936
NASA,PC1,RandomForest,691,37,0.08827785817655572,1,1,1.0,0.07692307692307693,0.14285714285714285,0.2773500981126146,0.9136690647482014,0.9224664224664225,0.26501719512585326,0.07692307692307693,0.0
NASA,PC1,KNN,691,37,0.08827785817655572,1,1,0.7142857142857143,0.38461538461538464,0.5,0.6152319713005644,0.9280575539568345,0.793040293040293,0.49095761924684167,0.38461538461538464,0.015873015873015872
NASA,PC1,Dummy,691,37,0.08827785817655572,1,2,0.0,0.0,0.0,0.0,0.8405797101449275,0.46031746031746035,-0.08625819491779428,0.0,0.07936507936507936
NASA,PC1,LogisticRegression,691,37,0.08827785817655572,1,2,0.21052631578947367,0.6666666666666666,0.32,0.7126966450997984,0.7536231884057971,0.7939814814814814,0.2703381341337498,0.6666666666666666,0.23809523809523808
NASA,PC1,GaussianNB,691,37,0.08827785817655572,1,2,0.2857142857142857,0.16666666666666666,0.21052631578947367,0.40006613209931935,0.8913043478260869,0.6398809523809523,0.16305745714432496,0.16666666666666666,0.03968253968253968
NASA,PC1,DecisionTree,691,37,0.08827785817655572,1,2,0.25,0.5,0.3333333333333333,0.6546536707079771,0.8260869565217391,0.6716269841269842,0.26549712202679576,0.5,0.14285714285714285
NASA,PC1,RandomForest,691,37,0.08827785817655572,1,2,0.6,0.25,0.35294117647058826,0.4960158727618966,0.9202898550724637,0.8429232804232805,0.3530340084172862,0.25,0.015873015873015872
NASA,PC1,KNN,691,37,0.08827785817655572,1,2,0.3333333333333333,0.16666666666666666,0.2222222222222222,0.4017158963442465,0.8985507246376812,0.6937830687830688,0.18641964690526788,0.16666666666666666,0.031746031746031744
NASA,PC1,Dummy,691,37,0.08827785817655572,1,3,0.1,0.08333333333333333,0.09090909090909091,0.2781743201320934,0.855072463768116,0.5059523809523809,0.012938729237669143,0.08333333333333333,0.07142857142857142
NASA,PC1,LogisticRegression,691,37,0.08827785817655572,1,3,0.17073170731707318,0.5833333333333334,0.2641509433962264,0.6526300069150406,0.717391304347826,0.8115079365079365,0.19329679385407963,0.5833333333333334,0.2698412698412698
NASA,PC1,GaussianNB,691,37,0.08827785817655572,1,3,0.18181818181818182,0.16666666666666666,0.17391304347826086,0.3933978962347216,0.8623188405797102,0.6521164021164021,0.09908054652071951,0.16666666666666666,0.07142857142857142
NASA,PC1,DecisionTree,691,37,0.08827785817655572,1,3,0.25,0.3333333333333333,0.2857142857142857,0.549169647365276,0.855072463768116,0.615079365079365,0.20954953358516723,0.3333333333333333,0.09523809523809523
NASA,PC1,RandomForest,691,37,0.08827785817655572,1,3,0.3333333333333333,0.08333333333333333,0.13333333333333333,0.28637489766140817,0.9057971014492754,0.7824074074074074,0.1303457167646669,0.08333333333333333,0.015873015873015872
NASA,PC1,KNN,691,37,0.08827785817655572,1,3,0.4,0.16666666666666666,0.23529411764705882,0.4033589130023194,0.9057971014492754,0.7208994708994709,0.2154105814071577,0.16666666666666666,0.023809523809523808
NASA,PC1,Dummy,691,37,0.08827785817655572,1,4,0.1,0.08333333333333333,0.09090909090909091,0.2781743201320934,0.855072463768116,0.5059523809523809,0.012938729237669143,0.08333333333333333,0.07142857142857142
NASA,PC1,LogisticRegression,691,37,0.08827785817655572,1,4,0.32,0.6666666666666666,0.43243243243243246,0.759420553263853,0.8478260869565217,0.8422619047619048,0.3890191020738437,0.6666666666666666,0.1349206349206349
NASA,PC1,GaussianNB,691,37,0.08827785817655572,1,4,0.375,0.25,0.3,0.4899789435061114,0.8985507246376812,0.660383597883598,0.2535914195287531,0.25,0.03968253968253968
NASA,PC1,DecisionTree,691,37,0.08827785817655572,1,4,0.2,0.25,0.2222222222222222,0.47559486560567094,0.8478260869565217,0.5803571428571428,0.14010117465793878,0.25,0.09523809523809523
NASA,PC1,RandomForest,691,37,0.08827785817655572,1,4,0.42857142857142855,0.25,0.3157894736842105,0.4919994838040911,0.9057971014492754,0.8918650793650794,0.2802550044668085,0.25,0.031746031746031744
NASA,PC1,KNN,691,37,0.08827785817655572,1,4,0.2,0.08333333333333333,0.11764705882352941,0.2840560344154489,0.8913043478260869,0.7962962962962964,0.07778715439702917,0.08333333333333333,0.031746031746031744
NASA,PC1,Dummy,691,37,0.08827785817655572,1,5,0.0,0.0,0.0,0.0,0.8405797101449275,0.46031746031746035,-0.08625819491779428,0.0,0.07936507936507936
NASA,PC1,LogisticRegression,691,37,0.08827785817655572,1,5,0.2631578947368421,0.8333333333333334,0.4,0.8050764858994133,0.782608695652174,0.8697089947089947,0.38548215422775434,0.8333333333333334,0.2222222222222222
NASA,PC1,GaussianNB,691,37,0.08827785817655572,1,5,0.3333333333333333,0.3333333333333333,0.3333333333333333,0.5587211398983505,0.8840579710144928,0.7976190476190476,0.2698412698412698,0.3333333333333333,0.06349206349206349
NASA,PC1,DecisionTree,691,37,0.08827785817655572,1,5,0.06666666666666667,0.08333333333333333,0.07407407407407407,0.2721655269759087,0.8188405797101449,0.48743386243386233,-0.02514636468219414,0.08333333333333333,0.1111111111111111
NASA,PC1,RandomForest,691,37,0.08827785817655572,1,5,0.25,0.16666666666666666,0.2,0.3984095364447979,0.8840579710144928,0.7817460317460316,0.14354231294080363,0.16666666666666666,0.047619047619047616
NASA,PC1,KNN,691,37,0.08827785817655572,1,5,0.3333333333333333,0.16666666666666666,0.2222222222222222,0.4017158963442465,0.8985507246376812,0.8138227513227514,0.18641964690526788,0.16666666666666666,0.031746031746031744
NASA,PC1,Dummy,691,37,0.08827785817655572,2,1,0.2,0.15384615384615385,0.17391304347826086,0.3795762691187953,0.8633093525179856,0.5451770451770451,0.10181456533837839,0.15384615384615385,0.06349206349206349
NASA,PC1,LogisticRegression,691,37,0.08827785817655572,2,1,0.25,0.7692307692307693,0.37735849056603776,0.7655590023509528,0.762589928057554,0.8315018315018315,0.3415975214911061,0.7692307692307693,0.23809523809523808
NASA,PC1,GaussianNB,691,37,0.08827785817655572,2,1,0.35714285714285715,0.38461538461538464,0.37037037037037035,0.5976143046671968,0.8776978417266187,0.6688034188034189,0.3029991373536378,0.38461538461538464,0.07142857142857142
NASA,PC1,DecisionTree,691,37,0.08827785817655572,2,1,0.35294117647058826,0.46153846153846156,0.4,0.6490342219370419,0.8705035971223022,0.6871184371184372,0.3325823133205623,0.46153846153846156,0.0873015873015873
NASA,PC1,RandomForest,691,37,0.08827785817655572,2,1,0.42857142857142855,0.23076923076923078,0.3,0.47269781408762984,0.8992805755395683,0.8186813186813187,0.2649870593948185,0.23076923076923078,0.031746031746031744
NASA,PC1,KNN,691,37,0.08827785817655572,2,1,0.5714285714285714,0.3076923076923077,0.4,0.5480568404520652,0.9136690647482014,0.7673992673992674,0.3779723393208301,0.3076923076923077,0.023809523809523808
NASA,PC1,Dummy,691,37,0.08827785817655572,2,2,0.2,0.16666666666666666,0.18181818181818182,0.39507550681440134,0.8695652173913043,0.5515873015873016,0.11213565339313257,0.16666666666666666,0.06349206349206349
NASA,PC1,LogisticRegression,691,37,0.08827785817655572,2,2,0.22857142857142856,0.6666666666666666,0.3404255319148936,0.7237468644557459,0.7753623188405797,0.8485449735449736,0.29297298206275574,0.6666666666666666,0.21428571428571427
NASA,PC1,GaussianNB,691,37,0.08827785817655572,2,2,0.5714285714285714,0.3333333333333333,0.42105263157894735,0.5704356452719495,0.9202898550724637,0.7797619047619048,0.39745255178929206,0.3333333333333333,0.023809523809523808
NASA,PC1,DecisionTree,691,37,0.08827785817655572,2,2,0.09090909090909091,0.08333333333333333,0.08695652173913043,0.2769829899462722,0.8478260869565217,0.5036375661375662,0.004128356105029979,0.08333333333333333,0.07936507936507936
NASA,PC1,RandomForest,691,37,0.08827785817655572,2,2,1.0,0.25,0.4,0.5,0.9347826086956522,0.8637566137566138,0.483045891539648,0.25,0.0
NASA,PC1,KNN,691,37,0.08827785817655572,2,2,0.0,0.0,0.0,0.0,0.8913043478260869,0.7433862433862434,-0.046004370622823615,0.0,0.023809523809523808
NASA,PC1,Dummy,691,37,0.08827785817655572,2,3,0.1,0.08333333333333333,0.09090909090909091,0.2781743201320934,0.855072463768116,0.5059523809523809,0.012938729237669143,0.08333333333333333,0.07142857142857142
NASA,PC1,LogisticRegression,691,37,0.08827785817655572,2,3,0.2857142857142857,0.8333333333333334,0.425531914893617,0.8173061959812968,0.8043478260869565,0.8720238095238095,0.41119015026351685,0.8333333333333334,0.1984126984126984
NASA,PC1,GaussianNB,691,37,0.08827785817655572,2,3,0.375,0.25,0.3,0.4899789435061114,0.8985507246376812,0.6501322751322752,0.2535914195287531,0.25,0.03968253968253968
NASA,PC1,DecisionTree,691,37,0.08827785817655572,2,3,0.45454545454545453,0.4166666666666667,0.43478260869565216,0.629940788348712,0.9057971014492754,0.6825396825396826,0.3839371177677881,0.4166666666666667,0.047619047619047616
NASA,PC1,RandomForest,691,37,0.08827785817655572,2,3,0.0,0.0,0.0,0.0,0.8985507246376812,0.8548280423280423,-0.03742405942825599,0.0,0.015873015873015872
NASA,PC1,KNN,691,37,0.08827785817655572,2,3,0.5,0.16666666666666666,0.25,0.4049952641959706,0.9130434782608695,0.9077380952380951,0.2532658047879957,0.16666666666666666,0.015873015873015872
NASA,PC1,Dummy,691,37,0.08827785817655572,2,4,0.0,0.0,0.0,0.0,0.8405797101449275,0.46031746031746035,-0.08625819491779428,0.0,0.07936507936507936
NASA,PC1,LogisticRegression,691,37,0.08827785817655572,2,4,0.30303030303030304,0.8333333333333334,0.4444444444444444,0.8253586682266876,0.8188405797101449,0.9041005291005291,0.4299001368588646,0.8333333333333334,0.18253968253968253
NASA,PC1,GaussianNB,691,37,0.08827785817655572,2,4,0.35714285714285715,0.4166666666666667,0.38461538461538464,0.6220166894101491,0.8840579710144928,0.7804232804232805,0.32219570514838214,0.4166666666666667,0.07142857142857142
NASA,PC1,DecisionTree,691,37,0.08827785817655572,2,4,0.2916666666666667,0.5833333333333334,0.3888888888888889,0.7103728806969123,0.8405797101449275,0.7447089947089948,0.3333463865447547,0.5833333333333334,0.1349206349206349
NASA,PC1,RandomForest,691,37,0.08827785817655572,2,4,0.42857142857142855,0.25,0.3157894736842105,0.4919994838040911,0.9057971014492754,0.9047619047619048,0.2802550044668085,0.25,0.031746031746031744
NASA,PC1,KNN,691,37,0.08827785817655572,2,4,0.3333333333333333,0.25,0.2857142857142857,0.4879500364742666,0.8913043478260869,0.7394179894179894,0.23095609134944636,0.25,0.047619047619047616
NASA,PC1,Dummy,691,37,0.08827785817655572,2,5,0.1,0.08333333333333333,0.09090909090909091,0.2781743201320934,0.855072463768116,0.5059523809523809,0.012938729237669143,0.08333333333333333,0.07142857142857142
NASA,PC1,LogisticRegression,691,37,0.08827785817655572,2,5,0.24324324324324326,0.75,0.3673469387755102,0.7637626158259734,0.7753623188405797,0.8578042328042329,0.3357109034893158,0.75,0.2222222222222222
NASA,PC1,GaussianNB,691,37,0.08827785817655572,2,5,0.21428571428571427,0.25,0.23076923076923078,0.47767625351759235,0.855072463768116,0.7030423280423281,0.15183935529981227,0.25,0.0873015873015873
NASA,PC1,DecisionTree,691,37,0.08827785817655572,2,5,0.21428571428571427,0.25,0.23076923076923078,0.47767625351759235,0.855072463768116,0.5863095238095237,0.15183935529981227,0.25,0.0873015873015873
NASA,PC1,RandomForest,691,37,0.08827785817655572,2,5,0.0,0.0,0.0,0.0,0.8985507246376812,0.8783068783068783,-0.03742405942825599,0.0,0.015873015873015872
NASA,PC1,KNN,691,37,0.08827785817655572,2,5,0.5,0.16666666666666666,0.25,0.4049952641959706,0.9130434782608695,0.7668650793650793,0.2532658047879957,0.16666666666666666,0.015873015873015872
NASA,PC1,Dummy,691,37,0.08827785817655572,3,1,0.1,0.07692307692307693,0.08695652173913043,0.2672612419124244,0.8489208633093526,0.5027472527472527,0.006191426270577065,0.07692307692307693,0.07142857142857142
NASA,PC1,LogisticRegression,691,37,0.08827785817655572,3,1,0.3333333333333333,0.6923076923076923,0.45,0.7703288865196433,0.841726618705036,0.8247863247863249,0.4043846550516414,0.6923076923076923,0.14285714285714285
NASA,PC1,GaussianNB,691,37,0.08827785817655572,3,1,0.42857142857142855,0.23076923076923078,0.3,0.47269781408762984,0.8992805755395683,0.590964590964591,0.2649870593948185,0.23076923076923078,0.031746031746031744
NASA,PC1,DecisionTree,691,37,0.08827785817655572,3,1,0.35714285714285715,0.38461538461538464,0.37037037037037035,0.5976143046671968,0.8776978417266187,0.6480463980463981,0.3029991373536378,0.38461538461538464,0.07142857142857142
NASA,PC1,RandomForest,691,37,0.08827785817655572,3,1,0.3333333333333333,0.07692307692307693,0.125,0.27514010195185234,0.8992805755395683,0.8400488400488401,0.12232436493752134,0.07692307692307693,0.015873015873015872
NASA,PC1,KNN,691,37,0.08827785817655572,3,1,0.2,0.07692307692307693,0.1111111111111111,0.27291221020884077,0.8848920863309353,0.7243589743589745,0.07063783332723465,0.07692307692307693,0.031746031746031744
NASA,PC1,Dummy,691,37,0.08827785817655572,3,2,0.2,0.16666666666666666,0.18181818181818182,0.39507550681440134,0.8695652173913043,0.5515873015873016,0.11213565339313257,0.16666666666666666,0.06349206349206349
NASA,PC1,LogisticRegression,691,37,0.08827785817655572,3,2,0.391304347826087,0.75,0.5142857142857142,0.816496580927726,0.8768115942028986,0.9093915343915344,0.48304589153964794,0.75,0.1111111111111111
NASA,PC1,GaussianNB,691,37,0.08827785817655572,3,2,0.36363636363636365,0.3333333333333333,0.34782608695652173,0.5610836076867821,0.8913043478260869,0.871031746031746,0.2889849273520986,0.3333333333333333,0.05555555555555555
NASA,PC1,DecisionTree,691,37,0.08827785817655572,3,2,0.21428571428571427,0.25,0.23076923076923078,0.47767625351759235,0.855072463768116,0.5836640211640212,0.15183935529981227,0.25,0.0873015873015873
NASA,PC1,RandomForest,691,37,0.08827785817655572,3,2,0.75,0.25,0.375,0.49801192055599736,0.927536231884058,0.9497354497354498,0.40655826558073,0.25,0.007936507936507936
NASA,PC1,KNN,691,37,0.08827785817655572,3,2,0.5,0.16666666666666666,0.25,0.4049952641959706,0.9130434782608695,0.7559523809523809,0.2532658047879957,0.16666666666666666,0.015873015873015872
NASA,PC1,Dummy,691,37,0.08827785817655572,3,3,0.1,0.08333333333333333,0.09090909090909091,0.2781743201320934,0.855072463768116,0.5059523809523809,0.012938729237669143,0.08333333333333333,0.07142857142857142
NASA,PC1,LogisticRegression,691,37,0.08827785817655572,3,3,0.21052631578947367,0.6666666666666666,0.32,0.7126966450997984,0.7536231884057971,0.8723544973544973,0.2703381341337498,0.6666666666666666,0.23809523809523808
NASA,PC1,GaussianNB,691,37,0.08827785817655572,3,3,0.3076923076923077,0.3333333333333333,0.32,0.5563486402641868,0.8768115942028986,0.6997354497354498,0.2526344707758144,0.3333333333333333,0.07142857142857142
NASA,PC1,DecisionTree,691,37,0.08827785817655572,3,3,0.2608695652173913,0.5,0.34285714285714286,0.6576774912825302,0.8333333333333334,0.673941798941799,0.2760262237369417,0.5,0.1349206349206349
NASA,PC1,RandomForest,691,37,0.08827785817655572,3,3,0.5,0.25,0.3333333333333333,0.49401176002967684,0.9130434782608695,0.8611111111111112,0.31252705510589024,0.25,0.023809523809523808
NASA,PC1,KNN,691,37,0.08827785817655572,3,3,0.5,0.3333333333333333,0.4,0.5681120688308978,0.9130434782608695,0.8260582010582012,0.36364052611670256,0.3333333333333333,0.031746031746031744
NASA,PC1,Dummy,691,37,0.08827785817655572,3,4,0.0,0.0,0.0,0.0,0.8405797101449275,0.46031746031746035,-0.08625819491779428,0.0,0.07936507936507936
NASA,PC1,LogisticRegression,691,37,0.08827785817655572,3,4,0.20930232558139536,0.75,0.32727272727272727,0.7400128699009548,0.7318840579710145,0.849867724867725,0.292122288780335,0.75,0.2698412698412698
NASA,PC1,GaussianNB,691,37,0.08827785817655572,3,4,0.14285714285714285,0.08333333333333333,0.10526315789473684,0.2817180849095055,0.8768115942028986,0.662037037037037,0.04585990982184139,0.08333333333333333,0.047619047619047616
NASA,PC1,DecisionTree,691,37,0.08827785817655572,3,4,0.3125,0.4166666666666667,0.35714285714285715,0.616677391584129,0.8695652173913043,0.6600529100529101,0.28987685479281466,0.4166666666666667,0.0873015873015873
NASA,PC1,RandomForest,691,37,0.08827785817655572,3,4,0.4,0.16666666666666666,0.23529411764705882,0.4033589130023194,0.9057971014492754,0.8544973544973544,0.2154105814071577,0.16666666666666666,0.023809523809523808
NASA,PC1,KNN,691,37,0.08827785817655572,3,4,0.0,0.0,0.0,0.0,0.9057971014492754,0.8564814814814814,-0.026366049730292503,0.0,0.007936507936507936
NASA,PC1,Dummy,691,37,0.08827785817655572,3,5,0.0,0.0,0.0,0.0,0.8405797101449275,0.46031746031746035,-0.08625819491779428,0.0,0.07936507936507936
NASA,PC1,LogisticRegression,691,37,0.08827785817655572,3,5,0.22727272727272727,0.8333333333333334,0.35714285714285715,0.7800420555749596,0.7391304347826086,0.828042328042328,0.34070102028922866,0.8333333333333334,0.2698412698412698
NASA,PC1,GaussianNB,691,37,0.08827785817655572,3,5,0.3125,0.4166666666666667,0.35714285714285715,0.616677391584129,0.8695652173913043,0.7387566137566138,0.28987685479281466,0.4166666666666667,0.0873015873015873
NASA,PC1,DecisionTree,691,37,0.08827785817655572,3,5,0.2,0.4166666666666667,0.2702702702702703,0.5920549810018496,0.8043478260869565,0.6223544973544974,0.18870329578208836,0.4166666666666667,0.15873015873015872
NASA,PC1,RandomForest,691,37,0.08827785817655572,3,5,0.3333333333333333,0.3333333333333333,0.3333333333333333,0.5587211398983505,0.8840579710144928,0.8247354497354498,0.2698412698412698,0.3333333333333333,0.06349206349206349
NASA,PC1,KNN,691,37,0.08827785817655572,3,5,0.14285714285714285,0.08333333333333333,0.10526315789473684,0.2817180849095055,0.8768115942028986,0.7976190476190476,0.04585990982184139,0.08333333333333333,0.047619047619047616
NASA,PC2,Dummy,722,36,0.0221606648199446,1,1,0.0,0.0,0.0,0.0,0.9724137931034482,0.4964788732394366,-0.01211253957778773,0.0,0.007042253521126761
NASA,PC2,LogisticRegression,722,36,0.0221606648199446,1,1,0.06451612903225806,0.6666666666666666,0.11764705882352941,0.7283655894706192,0.7931034482758621,0.8474178403755868,0.16055659675132244,0.6666666666666666,0.20422535211267606
NASA,PC2,GaussianNB,722,36,0.0221606648199446,1,1,0.0,0.0,0.0,0.0,0.9241379310344827,0.863849765258216,-0.03512377327333316,0.0,0.056338028169014086
NASA,PC2,DecisionTree,722,36,0.0221606648199446,1,1,0.0,0.0,0.0,0.0,0.9448275862068966,0.4823943661971831,-0.027468657829931683,0.0,0.035211267605633804
NASA,PC2,RandomForest,722,36,0.0221606648199446,1,1,0.0,0.0,0.0,0.0,0.9793103448275862,0.8967136150234741,0.0,0.0,0.0
NASA,PC2,KNN,722,36,0.0221606648199446,1,1,0.0,0.0,0.0,0.0,0.9793103448275862,0.6208920187793427,0.0,0.0,0.0
NASA,PC2,Dummy,722,36,0.0221606648199446,1,2,0.0,0.0,0.0,0.0,0.9655172413793104,0.49645390070921985,-0.014035865351108649,0.0,0.0070921985815602835
NASA,PC2,LogisticRegression,722,36,0.0221606648199446,1,2,0.05,0.25,0.08333333333333333,0.4650935999748746,0.8482758620689655,0.6808510638297872,0.05473987486932373,0.25,0.1347517730496454
NASA,PC2,GaussianNB,722,36,0.0221606648199446,1,2,0.0,0.0,0.0,0.0,0.9379310344827586,0.7358156028368794,-0.031830350703961514,0.0,0.03546099290780142
NASA,PC2,DecisionTree,722,36,0.0221606648199446,1,2,0.0,0.0,0.0,0.0,0.9655172413793104,0.49645390070921985,-0.014035865351108649,0.0,0.0070921985815602835
NASA,PC2,RandomForest,722,36,0.0221606648199446,1,2,0.0,0.0,0.0,0.0,0.9724137931034482,0.6365248226950355,0.0,0.0,0.0
NASA,PC2,KNN,722,36,0.0221606648199446,1,2,0.0,0.0,0.0,0.0,0.9724137931034482,0.5895390070921985,0.0,0.0,0.0
NASA,PC2,Dummy,722,36,0.0221606648199446,1,3,0.0,0.0,0.0,0.0,0.9722222222222222,0.49645390070921985,-0.012197843367986655,0.0,0.0070921985815602835
NASA,PC2,LogisticRegression,722,36,0.0221606648199446,1,3,0.07692307692307693,0.6666666666666666,0.13793103448275862,0.7437684379978099,0.8263888888888888,0.8156028368794326,0.18434078535779488,0.6666666666666666,0.1702127659574468
NASA,PC2,GaussianNB,722,36,0.0221606648199446,1,3,0.0,0.0,0.0,0.0,0.9305555555555556,0.888888888888889,-0.03297158367473709,0.0,0.04964539007092199
NASA,PC2,DecisionTree,722,36,0.0221606648199446,1,3,0.14285714285714285,0.3333333333333333,0.2,0.564932682866032,0.9444444444444444,0.648936170212766,0.19311927580917437,0.3333333333333333,0.0425531914893617
NASA,PC2,RandomForest,722,36,0.0221606648199446,1,3,0.0,0.0,0.0,0.0,0.9791666666666666,0.8841607565011821,0.0,0.0,0.0
NASA,PC2,KNN,722,36,0.0221606648199446,1,3,0.0,0.0,0.0,0.0,0.9791666666666666,0.6229314420803782,0.0,0.0,0.0
NASA,PC2,Dummy,722,36,0.0221606648199446,1,4,0.0,0.0,0.0,0.0,0.9722222222222222,0.49645390070921985,-0.012197843367986655,0.0,0.0070921985815602835
NASA,PC2,LogisticRegression,722,36,0.0221606648199446,1,4,0.06666666666666667,0.6666666666666666,0.12121212121212122,0.7309438828055644,0.7986111111111112,0.6477541371158392,0.16461975596431735,0.6666666666666666,0.19858156028368795
NASA,PC2,GaussianNB,722,36,0.0221606648199446,1,4,0.013333333333333334,0.3333333333333333,0.02564102564102564,0.39798547082548086,0.4722222222222222,0.2624113475177305,-0.054746915820522615,0.3333333333333333,0.524822695035461
NASA,PC2,DecisionTree,722,36,0.0221606648199446,1,4,0.0,0.0,0.0,0.0,0.9791666666666666,0.5,0.0,0.0,0.0
NASA,PC2,RandomForest,722,36,0.0221606648199446,1,4,0.0,0.0,0.0,0.0,0.9791666666666666,0.6028368794326241,0.0,0.0,0.0
NASA,PC2,KNN,722,36,0.0221606648199446,1,4,0.0,0.0,0.0,0.0,0.9791666666666666,0.44680851063829785,0.0,0.0,0.0
NASA,PC2,Dummy,722,36,0.0221606648199446,1,5,0.0,0.0,0.0,0.0,0.9722222222222222,0.49645390070921985,-0.012197843367986655,0.0,0.0070921985815602835
NASA,PC2,LogisticRegression,722,36,0.0221606648199446,1,5,0.08823529411764706,1.0,0.16216216216216217,0.8832563863180561,0.7847222222222222,0.8486997635933806,0.2623662422193838,1.0,0.2198581560283688
NASA,PC2,GaussianNB,722,36,0.0221606648199446,1,5,0.0,0.0,0.0,0.0,0.9236111111111112,0.7825059101654845,-0.03537745688386125,0.0,0.05673758865248227
NASA,PC2,DecisionTree,722,36,0.0221606648199446,1,5,0.125,0.3333333333333333,0.18181818181818182,0.5628364504688368,0.9375,0.6442080378250591,0.17688728441930626,0.3333333333333333,0.04964539007092199
NASA,PC2,RandomForest,722,36,0.0221606648199446,1,5,0.0,0.0,0.0,0.0,0.9722222222222222,0.8108747044917257,-0.012197843367986655,0.0,0.0070921985815602835
NASA,PC2,KNN,722,36,0.0221606648199446,1,5,0.0,0.0,0.0,0.0,0.9791666666666666,0.6229314420803782,0.0,0.0,0.0
NASA,PC2,Dummy,722,36,0.0221606648199446,2,1,0.0,0.0,0.0,0.0,0.9724137931034482,0.4964788732394366,-0.01211253957778773,0.0,0.007042253521126761
NASA,PC2,LogisticRegression,722,36,0.0221606648199446,2,1,0.045454545454545456,0.3333333333333333,0.08,0.5329517414226601,0.8413793103448276,0.6830985915492958,0.07357976485874468,0.3333333333333333,0.14788732394366197
NASA,PC2,GaussianNB,722,36,0.0221606648199446,2,1,0.0,0.0,0.0,0.0,0.9448275862068966,0.704225352112676,-0.027468657829931683,0.0,0.035211267605633804
NASA,PC2,DecisionTree,722,36,0.0221606648199446,2,1,1.0,0.3333333333333333,0.5,0.5773502691896257,0.9862068965517241,0.6666666666666666,0.5733268733486192,0.3333333333333333,0.0
NASA,PC2,RandomForest,722,36,0.0221606648199446,2,1,0.0,0.0,0.0,0.0,0.9793103448275862,0.681924882629108,0.0,0.0,0.0
NASA,PC2,KNN,722,36,0.0221606648199446,2,1,0.0,0.0,0.0,0.0,0.9793103448275862,0.46830985915492956,0.0,0.0,0.0
NASA,PC2,Dummy,722,36,0.0221606648199446,2,2,0.0,0.0,0.0,0.0,0.9655172413793104,0.49645390070921985,-0.014035865351108649,0.0,0.0070921985815602835
NASA,PC2,LogisticRegression,722,36,0.0221606648199446,2,2,0.0967741935483871,0.75,0.17142857142857143,0.7752830642979596,0.8,0.7393617021276596,0.22028633855528892,0.75,0.19858156028368795
NASA,PC2,GaussianNB,722,36,0.0221606648199446,2,2,0.044444444444444446,0.5,0.08163265306122448,0.5895063447465633,0.6896551724137931,0.624113475177305,0.06904732790584836,0.5,0.3049645390070922
NASA,PC2,DecisionTree,722,36,0.0221606648199446,2,2,0.0,0.0,0.0,0.0,0.9586206896551724,0.4929078014184397,-0.019918994809306083,0.0,0.014184397163120567
NASA,PC2,RandomForest,722,36,0.0221606648199446,2,2,0.0,0.0,0.0,0.0,0.9724137931034482,0.8723404255319149,0.0,0.0,0.0
NASA,PC2,KNN,722,36,0.0221606648199446,2,2,0.0,0.0,0.0,0.0,0.9724137931034482,0.5824468085106382,0.0,0.0,0.0
NASA,PC2,Dummy,722,36,0.0221606648199446,2,3,0.0,0.0,0.0,0.0,0.9722222222222222,0.49645390070921985,-0.012197843367986655,0.0,0.0070921985815602835
NASA,PC2,LogisticRegression,722,36,0.0221606648199446,2,3,0.07317073170731707,1.0,0.13636363636363635,0.8546908528238203,0.7361111111111112,0.817966903073286,0.23119463670577506,1.0,0.2695035460992908
NASA,PC2,GaussianNB,722,36,0.0221606648199446,2,3,0.0,0.0,0.0,0.0,0.9236111111111112,0.7848699763593381,-0.03537745688386125,0.0,0.05673758865248227
NASA,PC2,DecisionTree,722,36,0.0221606648199446,2,3,0.3333333333333333,0.3333333333333333,0.3333333333333333,0.5732409623758812,0.9722222222222222,0.6595744680851063,0.3191489361702128,0.3333333333333333,0.014184397163120567
NASA,PC2,RandomForest,722,36,0.0221606648199446,2,3,0.0,0.0,0.0,0.0,0.9791666666666666,0.8983451536643026,0.0,0.0,0.0
NASA,PC2,KNN,722,36,0.0221606648199446,2,3,0.0,0.0,0.0,0.0,0.9791666666666666,0.594562647754137,0.0,0.0,0.0
NASA,PC2,Dummy,722,36,0.0221606648199446,2,4,0.0,0.0,0.0,0.0,0.9722222222222222,0.49645390070921985,-0.012197843367986655,0.0,0.0070921985815602835
NASA,PC2,LogisticRegression,722,36,0.0221606648199446,2,4,0.06060606060606061,0.6666666666666666,0.1111111111111111,0.7211758195112715,0.7777777777777778,0.8723404255319149,0.1518354430869355,0.6666666666666666,0.2198581560283688
NASA,PC2,GaussianNB,722,36,0.0221606648199446,2,4,0.1,0.3333333333333333,0.15384615384615385,0.5586203877309281,0.9236111111111112,0.8002364066193853,0.1514196606236208,0.3333333333333333,0.06382978723404255
NASA,PC2,DecisionTree,722,36,0.0221606648199446,2,4,0.0,0.0,0.0,0.0,0.9652777777777778,0.4929078014184397,-0.01731098964823036,0.0,0.014184397163120567
NASA,PC2,RandomForest,722,36,0.0221606648199446,2,4,0.0,0.0,0.0,0.0,0.9791666666666666,0.9030732860520094,0.0,0.0,0.0
NASA,PC2,KNN,722,36,0.0221606648199446,2,4,0.0,0.0,0.0,0.0,0.9791666666666666,0.46808510638297873,0.0,0.0,0.0
NASA,PC2,Dummy,722,36,0.0221606648199446,2,5,0.0,0.0,0.0,0.0,0.9722222222222222,0.49645390070921985,-0.012197843367986655,0.0,0.0070921985815602835
NASA,PC2,LogisticRegression,722,36,0.0221606648199446,2,5,0.0,0.0,0.0,0.0,0.8541666666666666,0.7683215130023642,-0.055131784641997125,0.0,0.1276595744680851
NASA,PC2,GaussianNB,722,36,0.0221606648199446,2,5,0.0,0.0,0.0,0.0,0.9444444444444444,0.8770685579196217,-0.02766487250416985,0.0,0.03546099290780142
NASA,PC2,DecisionTree,722,36,0.0221606648199446,2,5,0.0,0.0,0.0,0.0,0.9444444444444444,0.48226950354609927,-0.02766487250416985,0.0,0.03546099290780142
NASA,PC2,RandomForest,722,36,0.0221606648199446,2,5,0.0,0.0,0.0,0.0,0.9791666666666666,0.7080378250591016,0.0,0.0,0.0
NASA,PC2,KNN,722,36,0.0221606648199446,2,5,0.0,0.0,0.0,0.0,0.9791666666666666,0.6477541371158392,0.0,0.0,0.0
NASA,PC2,Dummy,722,36,0.0221606648199446,3,1,0.0,0.0,0.0,0.0,0.9724137931034482,0.4964788732394366,-0.01211253957778773,0.0,0.007042253521126761
NASA,PC2,LogisticRegression,722,36,0.0221606648199446,3,1,0.0,0.0,0.0,0.0,0.8344827586206897,0.5211267605633803,-0.05981570970630743,0.0,0.14788732394366197
NASA,PC2,GaussianNB,722,36,0.0221606648199446,3,1,0.0,0.0,0.0,0.0,0.9586206896551724,0.8755868544600939,-0.02112676056338028,0.0,0.02112676056338028
NASA,PC2,DecisionTree,722,36,0.0221606648199446,3,1,0.0,0.0,0.0,0.0,0.9586206896551724,0.4894366197183099,-0.02112676056338028,0.0,0.02112676056338028
NASA,PC2,RandomForest,722,36,0.0221606648199446,3,1,0.0,0.0,0.0,0.0,0.9793103448275862,0.7699530516431924,0.0,0.0,0.0
NASA,PC2,KNN,722,36,0.0221606648199446,3,1,0.0,0.0,0.0,0.0,0.9793103448275862,0.6314553990610328,0.0,0.0,0.0
NASA,PC2,Dummy,722,36,0.0221606648199446,3,2,0.0,0.0,0.0,0.0,0.9655172413793104,0.49645390070921985,-0.014035865351108649,0.0,0.0070921985815602835
NASA,PC2,LogisticRegression,722,36,0.0221606648199446,3,2,0.08,0.5,0.13793103448275862,0.6468691647559471,0.8275862068965517,0.6914893617021277,0.14606744127124013,0.5,0.16312056737588654
NASA,PC2,GaussianNB,722,36,0.0221606648199446,3,2,0.021505376344086023,0.5,0.041237113402061855,0.42107596053325946,0.3586206896551724,0.5053191489361702,-0.0496513606341367,0.5,0.6453900709219859
NASA,PC2,DecisionTree,722,36,0.0221606648199446,3,2,0.5,0.5,0.5,0.7020739287414394,0.9724137931034482,0.7446808510638298,0.4858156028368794,0.5,0.014184397163120567
NASA,PC2,RandomForest,722,36,0.0221606648199446,3,2,0.0,0.0,0.0,0.0,0.9724137931034482,0.7402482269503546,0.0,0.0,0.0
NASA,PC2,KNN,722,36,0.0221606648199446,3,2,0.0,0.0,0.0,0.0,0.9724137931034482,0.5682624113475178,0.0,0.0,0.0
NASA,PC2,Dummy,722,36,0.0221606648199446,3,3,0.0,0.0,0.0,0.0,0.9722222222222222,0.49645390070921985,-0.012197843367986655,0.0,0.0070921985815602835
NASA,PC2,LogisticRegression,722,36,0.0221606648199446,3,3,0.041666666666666664,0.3333333333333333,0.07407407407407407,0.5281664613308047,0.8263888888888888,0.7872340425531914,0.06523280730534423,0.3333333333333333,0.16312056737588654
NASA,PC2,GaussianNB,722,36,0.0221606648199446,3,3,0.0,0.0,0.0,0.0,0.9375,0.6784869976359339,-0.030414953233623674,0.0,0.0425531914893617
NASA,PC2,DecisionTree,722,36,0.0221606648199446,3,3,0.0,0.0,0.0,0.0,0.9513888888888888,0.4858156028368794,-0.024655683636076897,0.0,0.028368794326241134
NASA,PC2,RandomForest,722,36,0.0221606648199446,3,3,0.0,0.0,0.0,0.0,0.9791666666666666,0.817966903073286,0.0,0.0,0.0
NASA,PC2,KNN,722,36,0.0221606648199446,3,3,0.0,0.0,0.0,0.0,0.9791666666666666,0.4397163120567376,0.0,0.0,0.0
NASA,PC2,Dummy,722,36,0.0221606648199446,3,4,0.0,0.0,0.0,0.0,0.9722222222222222,0.49645390070921985,-0.012197843367986655,0.0,0.0070921985815602835
NASA,PC2,LogisticRegression,722,36,0.0221606648199446,3,4,0.1,1.0,0.18181818181818182,0.8991721961325718,0.8125,0.9125295508274233,0.2843432148474573,1.0,0.19148936170212766
NASA,PC2,GaussianNB,722,36,0.0221606648199446,3,4,0.1111111111111111,0.3333333333333333,0.16666666666666666,0.5607323816068641,0.9305555555555556,0.8321513002364067,0.16320277505018704,0.3333333333333333,0.05673758865248227
NASA,PC2,DecisionTree,722,36,0.0221606648199446,3,4,0.14285714285714285,0.3333333333333333,0.2,0.564932682866032,0.9444444444444444,0.640661938534279,0.19311927580917437,0.3333333333333333,0.0425531914893617
NASA,PC2,RandomForest,722,36,0.0221606648199446,3,4,0.0,0.0,0.0,0.0,0.9791666666666666,0.8486997635933806,0.0,0.0,0.0
NASA,PC2,KNN,722,36,0.0221606648199446,3,4,0.0,0.0,0.0,0.0,0.9791666666666666,0.6252955082742316,0.0,0.0,0.0
NASA,PC2,Dummy,722,36,0.0221606648199446,3,5,0.0,0.0,0.0,0.0,0.9722222222222222,0.49645390070921985,-0.012197843367986655,0.0,0.0070921985815602835
NASA,PC2,LogisticRegression,722,36,0.0221606648199446,3,5,0.0,0.0,0.0,0.0,0.7916666666666666,0.6170212765957447,-0.07007127538005777,0.0,0.19148936170212766
NASA,PC2,GaussianNB,722,36,0.0221606648199446,3,5,0.0,0.0,0.0,0.0,0.9236111111111112,0.7990543735224587,-0.03537745688386125,0.0,0.05673758865248227
NASA,PC2,DecisionTree,722,36,0.0221606648199446,3,5,0.0,0.0,0.0,0.0,0.9513888888888888,0.4858156028368794,-0.024655683636076897,0.0,0.028368794326241134
NASA,PC2,RandomForest,722,36,0.0221606648199446,3,5,0.0,0.0,0.0,0.0,0.9791666666666666,0.7234042553191489,0.0,0.0,0.0
NASA,PC2,KNN,722,36,0.0221606648199446,3,5,0.0,0.0,0.0,0.0,0.9791666666666666,0.6063829787234042,0.0,0.0,0.0
NASA,PC3,Dummy,1057,37,0.12488174077578051,1,1,0.07142857142857142,0.07407407407407407,0.07272727272727272,0.2523165941107791,0.7594339622641509,0.46676676676676676,-0.06544589485010019,0.07407407407407407,0.14054054054054055
NASA,PC3,LogisticRegression,1057,37,0.12488174077578051,1,1,0.2898550724637681,0.7407407407407407,0.4166666666666667,0.737932615178747,0.7358490566037735,0.8088088088088088,0.33858590223330004,0.7407407407407407,0.2648648648648649
NASA,PC3,GaussianNB,1057,37,0.12488174077578051,1,1,0.12195121951219512,0.9259259259259259,0.21551724137931033,0.15819299929208316,0.14150943396226415,0.7577577577577577,-0.08777567248491142,0.9259259259259259,0.972972972972973
NASA,PC3,DecisionTree,1057,37,0.12488174077578051,1,1,0.2857142857142857,0.2962962962962963,0.2909090909090909,0.5140664006373732,0.8160377358490566,0.5875875875875876,0.18529861794907884,0.2962962962962963,0.10810810810810811
NASA,PC3,RandomForest,1057,37,0.12488174077578051,1,1,0.4,0.14814814814814814,0.21621621621621623,0.37860710947279286,0.8632075471698113,0.8382382382382383,0.18196355266061692,0.14814814814814814,0.032432432432432434
NASA,PC3,KNN,1057,37,0.12488174077578051,1,1,0.16666666666666666,0.07407407407407407,0.10256410256410256,0.26470751797043857,0.8349056603773585,0.7085085085085085,0.028881958050557575,0.07407407407407407,0.05405405405405406
NASA,PC3,Dummy,1057,37,0.12488174077578051,1,2,0.03571428571428571,0.037037037037037035,0.03636363636363636,0.17785283700754292,0.75,0.4455455455455455,-0.10723664698329669,0.037037037037037035,0.14594594594594595
NASA,PC3,LogisticRegression,1057,37,0.12488174077578051,1,2,0.3026315789473684,0.8518518518518519,0.44660194174757284,0.7796202972010207,0.7311320754716981,0.8494494494494494,0.39302547004449345,0.8518518518518519,0.2864864864864865
NASA,PC3,GaussianNB,1057,37,0.12488174077578051,1,2,0.12315270935960591,0.9259259259259259,0.21739130434782608,0.18717648098795703,0.1509433962264151,0.7633633633633633,-0.05991582655608291,0.9259259259259259,0.9621621621621622
NASA,PC3,DecisionTree,1057,37,0.12488174077578051,1,2,0.3235294117647059,0.4074074074074074,0.36065573770491804,0.5972911825540008,0.8160377358490566,0.648148148148148,0.2571770459448483,0.4074074074074074,0.12432432432432433
NASA,PC3,RandomForest,1057,37,0.12488174077578051,1,2,0.375,0.1111111111111111,0.17142857142857143,0.3287979746107146,0.8632075471698113,0.8469469469469469,0.14710297870936773,0.1111111111111111,0.02702702702702703
NASA,PC3,KNN,1057,37,0.12488174077578051,1,2,0.3333333333333333,0.1111111111111111,0.16666666666666666,0.32788337485683455,0.8584905660377359,0.7590590590590591,0.13009347975989272,0.1111111111111111,0.032432432432432434
NASA,PC3,Dummy,1057,37,0.12488174077578051,1,3,0.14285714285714285,0.15384615384615385,0.14814814814814814,0.3659067283991016,0.7819905213270142,0.512058212058212,0.023365812669344642,0.15384615384615385,0.12972972972972974
NASA,PC3,LogisticRegression,1057,37,0.12488174077578051,1,3,0.2878787878787879,0.7307692307692307,0.41304347826086957,0.7383185932335343,0.7440758293838863,0.816008316008316,0.337967973510661,0.7307692307692307,0.25405405405405407
NASA,PC3,GaussianNB,1057,37,0.12488174077578051,1,3,0.1262135922330097,1.0,0.22413793103448276,0.1643989873053573,0.14691943127962084,0.8012474012474012,0.05840529229838441,1.0,0.972972972972973
NASA,PC3,DecisionTree,1057,37,0.12488174077578051,1,3,0.39285714285714285,0.4230769230769231,0.4074074074074074,0.6198383532821958,0.8483412322274881,0.660914760914761,0.32087706536436217,0.4230769230769231,0.0918918918918919
NASA,PC3,RandomForest,1057,37,0.12488174077578051,1,3,0.2857142857142857,0.07692307692307693,0.12121212121212122,0.2735764515525319,0.8625592417061612,0.852079002079002,0.09157450921971635,0.07692307692307693,0.02702702702702703
NASA,PC3,KNN,1057,37,0.12488174077578051,1,3,0.5,0.15384615384615385,0.23529411764705882,0.38796874941127735,0.8767772511848341,0.7878378378378379,0.2275577154294694,0.15384615384615385,0.021621621621621623
NASA,PC3,Dummy,1057,37,0.12488174077578051,1,4,0.14285714285714285,0.15384615384615385,0.14814814814814814,0.3659067283991016,0.7819905213270142,0.512058212058212,0.023365812669344642,0.15384615384615385,0.12972972972972974
NASA,PC3,LogisticRegression,1057,37,0.12488174077578051,1,4,0.22727272727272727,0.5769230769230769,0.32608695652173914,0.6464359348608475,0.7061611374407583,0.7392931392931393,0.21356981841122885,0.5769230769230769,0.2756756756756757
NASA,PC3,GaussianNB,1057,37,0.12488174077578051,1,4,0.21428571428571427,0.46153846153846156,0.2926829268292683,0.5930996136966806,0.7251184834123223,0.734095634095634,0.1665251641983141,0.46153846153846156,0.23783783783783785
NASA,PC3,DecisionTree,1057,37,0.12488174077578051,1,4,0.25,0.2692307692307692,0.25925925925925924,0.4885380626618961,0.8104265402843602,0.5822245322245322,0.1508706352529236,0.2692307692307692,0.11351351351351352
NASA,PC3,RandomForest,1057,37,0.12488174077578051,1,4,0.2,0.07692307692307693,0.1111111111111111,0.27128706861307195,0.8483412322274881,0.8008316008316008,0.052100806690277265,0.07692307692307693,0.043243243243243246
NASA,PC3,KNN,1057,37,0.12488174077578051,1,4,0.3333333333333333,0.15384615384615385,0.21052631578947367,0.3836578517290467,0.8578199052132701,0.6535343035343035,0.15697190644841122,0.15384615384615385,0.043243243243243246
NASA,PC3,Dummy,1057,37,0.12488174077578051,1,5,0.17857142857142858,0.19230769230769232,0.18518518518518517,0.4103646773287979,0.7914691943127962,0.533991683991684,0.06586742019720429,0.19230769230769232,0.12432432432432433
NASA,PC3,LogisticRegression,1057,37,0.12488174077578051,1,5,0.2982456140350877,0.6538461538461539,0.40963855421686746,0.7158729024582593,0.7677725118483413,0.8035343035343036,0.3239528266473412,0.6538461538461539,0.21621621621621623
NASA,PC3,GaussianNB,1057,37,0.12488174077578051,1,5,0.11224489795918367,0.8461538461538461,0.1981981981981982,0.22430303232870105,0.15639810426540285,0.6746361746361746,-0.12072845683452597,0.8461538461538461,0.9405405405405406
NASA,PC3,DecisionTree,1057,37,0.12488174077578051,1,5,0.2571428571428571,0.34615384615384615,0.29508196721311475,0.5454403702561789,0.7962085308056872,0.6041580041580041,0.1816909925164612,0.34615384615384615,0.14054054054054055
NASA,PC3,RandomForest,1057,37,0.12488174077578051,1,5,0.3333333333333333,0.19230769230769232,0.24390243902439024,0.426512229499556,0.8530805687203792,0.8016632016632017,0.17683793787436075,0.19230769230769232,0.05405405405405406
NASA,PC3,KNN,1057,37,0.12488174077578051,1,5,0.2,0.11538461538461539,0.14634146341463414,0.3284816705696193,0.8341232227488151,0.6695426195426196,0.06461897579469122,0.11538461538461539,0.06486486486486487
NASA,PC3,Dummy,1057,37,0.12488174077578051,2,1,0.07142857142857142,0.07407407407407407,0.07272727272727272,0.2523165941107791,0.7594339622641509,0.46676676676676676,-0.06544589485010019,0.07407407407407407,0.14054054054054055
NASA,PC3,LogisticRegression,1057,37,0.12488174077578051,2,1,0.34375,0.8148148148148148,0.4835164835164835,0.7936181889484576,0.7783018867924528,0.8910910910910911,0.42684230872616274,0.8148148148148148,0.22702702702702704
NASA,PC3,GaussianNB,1057,37,0.12488174077578051,2,1,0.11734693877551021,0.8518518518518519,0.2062780269058296,0.23506436406919543,0.1650943396226415,0.6948948948948948,-0.10510843199455458,0.8518518518518519,0.9351351351351351
NASA,PC3,DecisionTree,1057,37,0.12488174077578051,2,1,0.2777777777777778,0.37037037037037035,0.31746031746031744,0.5641970562829253,0.7971698113207547,0.6238238238238237,0.2040640762057417,0.37037037037037035,0.14054054054054055
NASA,PC3,RandomForest,1057,37,0.12488174077578051,2,1,0.4166666666666667,0.18518518518518517,0.2564102564102564,0.4221115707703097,0.8632075471698113,0.8546546546546546,0.21257121125210376,0.18518518518518517,0.03783783783783784
NASA,PC3,KNN,1057,37,0.12488174077578051,2,1,0.35714285714285715,0.18518518518518517,0.24390243902439024,0.4197334584902378,0.8537735849056604,0.7860860860860861,0.18328208445238547,0.18518518518518517,0.04864864864864865
NASA,PC3,Dummy,1057,37,0.12488174077578051,2,2,0.10714285714285714,0.1111111111111111,0.10909090909090909,0.3099937033168514,0.7688679245283019,0.48798798798798804,-0.023655142716903683,0.1111111111111111,0.13513513513513514
NASA,PC3,LogisticRegression,1057,37,0.12488174077578051,2,2,0.3,0.7777777777777778,0.4329896907216495,0.7561559176332431,0.7405660377358491,0.8048048048048048,0.36359523824153667,0.7777777777777778,0.2648648648648649
NASA,PC3,GaussianNB,1057,37,0.12488174077578051,2,2,0.13106796116504854,1.0,0.2317596566523605,0.18009006755629928,0.15566037735849056,0.7985985985985985,0.06519856435951726,1.0,0.9675675675675676
NASA,PC3,DecisionTree,1057,37,0.12488174077578051,2,2,0.3939393939393939,0.48148148148148145,0.43333333333333335,0.6553086520330931,0.839622641509434,0.6964964964964965,0.3433425311194749,0.48148148148148145,0.10810810810810811
NASA,PC3,RandomForest,1057,37,0.12488174077578051,2,2,0.5454545454545454,0.2222222222222222,0.3157894736842105,0.46499055497527714,0.8773584905660378,0.807007007007007,0.293388102372765,0.2222222222222222,0.02702702702702703
NASA,PC3,KNN,1057,37,0.12488174077578051,2,2,0.35294117647058826,0.2222222222222222,0.2727272727272727,0.4571750310428261,0.8490566037735849,0.7320320320320319,0.1997933518583519,0.2222222222222222,0.05945945945945946
NASA,PC3,Dummy,1057,37,0.12488174077578051,2,3,0.2857142857142857,0.3076923076923077,0.2962962962962963,0.5238590215203652,0.8199052132701422,0.5997920997920998,0.19337224278078324,0.3076923076923077,0.10810810810810811
NASA,PC3,LogisticRegression,1057,37,0.12488174077578051,2,3,0.25757575757575757,0.6538461538461539,0.3695652173913043,0.6933002817432579,0.7251184834123223,0.7596673596673597,0.27576889596094495,0.6538461538461539,0.2648648648648649
NASA,PC3,GaussianNB,1057,37,0.12488174077578051,2,3,0.24,0.46153846153846156,0.3157894736842105,0.605587290764896,0.7535545023696683,0.7415800415800415,0.19798862040074286,0.46153846153846156,0.20540540540540542
NASA,PC3,DecisionTree,1057,37,0.12488174077578051,2,3,0.25,0.23076923076923078,0.24,0.4564164855874603,0.8199052132701422,0.567983367983368,0.138177097485006,0.23076923076923078,0.0972972972972973
NASA,PC3,RandomForest,1057,37,0.12488174077578051,2,3,0.3333333333333333,0.15384615384615385,0.21052631578947367,0.3836578517290467,0.8578199052132701,0.7758835758835759,0.15697190644841122,0.15384615384615385,0.043243243243243246
NASA,PC3,KNN,1057,37,0.12488174077578051,2,3,0.25,0.11538461538461539,0.15789473684210525,0.33131753616630344,0.8483412322274881,0.6163201663201663,0.09471425182319548,0.11538461538461539,0.04864864864864865
NASA,PC3,Dummy,1057,37,0.12488174077578051,2,4,0.07142857142857142,0.07692307692307693,0.07407407407407407,0.2571230563606969,0.7630331753554502,0.46819126819126816,-0.061637402386374655,0.07692307692307693,0.14054054054054055
NASA,PC3,LogisticRegression,1057,37,0.12488174077578051,2,4,0.3088235294117647,0.8076923076923077,0.44680851063829785,0.776205386798367,0.7535545023696683,0.8382536382536383,0.3893822525610134,0.8076923076923077,0.25405405405405407
NASA,PC3,GaussianNB,1057,37,0.12488174077578051,2,4,0.12376237623762376,0.9615384615384616,0.21929824561403508,0.20391184757154643,0.15639810426540285,0.8072765072765073,0.0077778284212279,0.9615384615384616,0.9567567567567568
NASA,PC3,DecisionTree,1057,37,0.12488174077578051,2,4,0.36666666666666664,0.4230769230769231,0.39285714285714285,0.6161377927264158,0.8388625592417062,0.6651767151767152,0.3015297625704266,0.4230769230769231,0.10270270270270271
NASA,PC3,RandomForest,1057,37,0.12488174077578051,2,4,0.6,0.11538461538461539,0.1935483870967742,0.33784199581640845,0.8815165876777251,0.8742203742203742,0.22598355404682582,0.11538461538461539,0.010810810810810811
NASA,PC3,KNN,1057,37,0.12488174077578051,2,4,0.375,0.11538461538461539,0.17647058823529413,0.335061355972473,0.8672985781990521,0.7418918918918919,0.1520629387696926,0.11538461538461539,0.02702702702702703
NASA,PC3,Dummy,1057,37,0.12488174077578051,2,5,0.10714285714285714,0.11538461538461539,0.1111111111111111,0.31589887589559384,0.7725118483412322,0.49012474012474017,-0.019135794858515007,0.11538461538461539,0.13513513513513514
NASA,PC3,LogisticRegression,1057,37,0.12488174077578051,2,5,0.3,0.8076923076923077,0.4375,0.7705601817917883,0.7440758293838863,0.840956340956341,0.37894463018753666,0.8076923076923077,0.2648648648648649
NASA,PC3,GaussianNB,1057,37,0.12488174077578051,2,5,0.11557788944723618,0.8846153846153846,0.20444444444444446,0.2074496156548453,0.15165876777251186,0.7347193347193347,-0.09471425182319548,0.8846153846153846,0.9513513513513514
NASA,PC3,DecisionTree,1057,37,0.12488174077578051,2,5,0.35714285714285715,0.38461538461538464,0.37037037037037035,0.589231149204917,0.8388625592417062,0.6442827442827442,0.2783754578365025,0.38461538461538464,0.0972972972972973
NASA,PC3,RandomForest,1057,37,0.12488174077578051,2,5,0.2,0.07692307692307693,0.1111111111111111,0.27128706861307195,0.8483412322274881,0.8409563409563409,0.052100806690277265,0.07692307692307693,0.043243243243243246
NASA,PC3,KNN,1057,37,0.12488174077578051,2,5,0.5454545454545454,0.23076923076923078,0.32432432432432434,0.47384831384339077,0.8815165876777251,0.7695426195426196,0.3012605031495014,0.23076923076923078,0.02702702702702703
NASA,PC3,Dummy,1057,37,0.12488174077578051,3,1,0.14285714285714285,0.14814814814814814,0.14545454545454545,0.35906674717791526,0.7783018867924528,0.5092092092092092,0.018135609416292824,0.14814814814814814,0.12972972972972974
NASA,PC3,LogisticRegression,1057,37,0.12488174077578051,3,1,0.3157894736842105,0.6666666666666666,0.42857142857142855,0.7253455218901721,0.7735849056603774,0.7928928928928929,0.3427614784390596,0.6666666666666666,0.21081081081081082
NASA,PC3,GaussianNB,1057,37,0.12488174077578051,3,1,0.12682926829268293,0.9629629629629629,0.22413793103448276,0.17672360122867356,0.1509433962264151,0.7746746746746747,-0.008590810498523246,0.9629629629629629,0.9675675675675676
NASA,PC3,DecisionTree,1057,37,0.12488174077578051,3,1,0.32142857142857145,0.3333333333333333,0.32727272727272727,0.546899532911758,0.8254716981132075,0.6160160160160159,0.22708937008227534,0.3333333333333333,0.10270270270270271
NASA,PC3,RandomForest,1057,37,0.12488174077578051,3,1,0.375,0.1111111111111111,0.17142857142857143,0.3287979746107146,0.8632075471698113,0.8145145145145145,0.14710297870936773,0.1111111111111111,0.02702702702702703
NASA,PC3,KNN,1057,37,0.12488174077578051,3,1,0.375,0.1111111111111111,0.17142857142857143,0.3287979746107146,0.8632075471698113,0.7346346346346346,0.14710297870936773,0.1111111111111111,0.02702702702702703
NASA,PC3,Dummy,1057,37,0.12488174077578051,3,2,0.10714285714285714,0.1111111111111111,0.10909090909090909,0.3099937033168514,0.7688679245283019,0.48798798798798804,-0.023655142716903683,0.1111111111111111,0.13513513513513514
NASA,PC3,LogisticRegression,1057,37,0.12488174077578051,3,2,0.25,0.7407407407407407,0.37383177570093457,0.7074605999633481,0.6839622641509434,0.776976976976977,0.28639381165581895,0.7407407407407407,0.32432432432432434
NASA,PC3,GaussianNB,1057,37,0.12488174077578051,3,2,0.12315270935960591,0.9259259259259259,0.21739130434782608,0.18717648098795703,0.1509433962264151,0.7423423423423423,-0.05991582655608291,0.9259259259259259,0.9621621621621622
NASA,PC3,DecisionTree,1057,37,0.12488174077578051,3,2,0.19444444444444445,0.25925925925925924,0.2222222222222222,0.46756669964681896,0.7688679245283019,0.5579579579579581,0.09101115593844926,0.25925925925925924,0.15675675675675677
NASA,PC3,RandomForest,1057,37,0.12488174077578051,3,2,0.46153846153846156,0.2222222222222222,0.3,0.4624000581896739,0.8679245283018868,0.8456456456456455,0.2562085800614567,0.2222222222222222,0.03783783783783784
NASA,PC3,KNN,1057,37,0.12488174077578051,3,2,0.3125,0.18518518518518517,0.23255813953488372,0.4173417953838007,0.8443396226415094,0.70990990990991,0.1586733059917795,0.18518518518518517,0.05945945945945946
NASA,PC3,Dummy,1057,37,0.12488174077578051,3,3,0.07142857142857142,0.07692307692307693,0.07407407407407407,0.2571230563606969,0.7630331753554502,0.46819126819126816,-0.061637402386374655,0.07692307692307693,0.14054054054054055
NASA,PC3,LogisticRegression,1057,37,0.12488174077578051,3,3,0.3,0.8076923076923077,0.4375,0.7705601817917883,0.7440758293838863,0.8498960498960499,0.37894463018753666,0.8076923076923077,0.2648648648648649
NASA,PC3,GaussianNB,1057,37,0.12488174077578051,3,3,0.12682926829268293,1.0,0.22510822510822512,0.18009006755629928,0.15165876777251186,0.859043659043659,0.06413565057249583,1.0,0.9675675675675676
NASA,PC3,DecisionTree,1057,37,0.12488174077578051,3,3,0.2571428571428571,0.34615384615384615,0.29508196721311475,0.5454403702561789,0.7962085308056872,0.6056133056133056,0.1816909925164612,0.34615384615384615,0.14054054054054055
NASA,PC3,RandomForest,1057,37,0.12488174077578051,3,3,0.6,0.23076923076923078,0.3333333333333333,0.47516273610167054,0.8862559241706162,0.8750519750519751,0.323539577348265,0.23076923076923078,0.021621621621621623
NASA,PC3,KNN,1057,37,0.12488174077578051,3,3,0.3333333333333333,0.11538461538461539,0.17142857142857143,0.33412933370539566,0.8625592417061612,0.7875259875259876,0.1349284147856492,0.11538461538461539,0.032432432432432434
NASA,PC3,Dummy,1057,37,0.12488174077578051,3,4,0.14285714285714285,0.15384615384615385,0.14814814814814814,0.3659067283991016,0.7819905213270142,0.512058212058212,0.023365812669344642,0.15384615384615385,0.12972972972972974
NASA,PC3,LogisticRegression,1057,37,0.12488174077578051,3,4,0.2903225806451613,0.6923076923076923,0.4090909090909091,0.7263957100993422,0.7535545023696683,0.8276507276507277,0.3279356567427744,0.6923076923076923,0.23783783783783785
NASA,PC3,GaussianNB,1057,37,0.12488174077578051,3,4,0.19090909090909092,0.8076923076923077,0.3088235294117647,0.6474000456648262,0.5545023696682464,0.7068607068607068,0.21490504821556933,0.8076923076923077,0.4810810810810811
NASA,PC3,DecisionTree,1057,37,0.12488174077578051,3,4,0.23529411764705882,0.3076923076923077,0.26666666666666666,0.5142461127213938,0.7914691943127962,0.5855509355509355,0.14943675173807386,0.3076923076923077,0.14054054054054055
NASA,PC3,RandomForest,1057,37,0.12488174077578051,3,4,0.35714285714285715,0.19230769230769232,0.25,0.42772909995952224,0.8578199052132701,0.8018711018711018,0.18971793035844578,0.19230769230769232,0.04864864864864865
NASA,PC3,KNN,1057,37,0.12488174077578051,3,4,0.2727272727272727,0.11538461538461539,0.16216216216216217,0.332257445958718,0.8530805687203792,0.7442827442827443,0.10667081080905816,0.11538461538461539,0.043243243243243246
NASA,PC3,Dummy,1057,37,0.12488174077578051,3,5,0.14285714285714285,0.15384615384615385,0.14814814814814814,0.3659067283991016,0.7819905213270142,0.512058212058212,0.023365812669344642,0.15384615384615385,0.12972972972972974
NASA,PC3,LogisticRegression,1057,37,0.12488174077578051,3,5,0.3142857142857143,0.8461538461538461,0.4583333333333333,0.7915877883161327,0.7535545023696683,0.8463617463617463,0.4095678844845762,0.8461538461538461,0.2594594594594595
NASA,PC3,GaussianNB,1057,37,0.12488174077578051,3,5,0.11616161616161616,0.8846153846153846,0.20535714285714285,0.21867109506527793,0.15639810426540285,0.6833679833679833,-0.083838829528099,0.8846153846153846,0.9459459459459459
NASA,PC3,DecisionTree,1057,37,0.12488174077578051,3,5,0.3142857142857143,0.4230769230769231,0.36065573770491804,0.6067876631831502,0.8151658767772512,0.65,0.259217381638753,0.4230769230769231,0.12972972972972974
NASA,PC3,RandomForest,1057,37,0.12488174077578051,3,5,0.1875,0.11538461538461539,0.14285714285714285,0.32753092567955666,0.8293838862559242,0.8203742203742204,0.05601571691593972,0.11538461538461539,0.07027027027027027
NASA,PC3,KNN,1057,37,0.12488174077578051,3,5,0.3125,0.19230769230769232,0.23809523809523808,0.4252918772715756,0.8483412322274881,0.7125779625779627,0.16494950741606212,0.19230769230769232,0.05945945945945946
NASA,PC4,Dummy,1272,37,0.1391509433962264,1,1,0.1794871794871795,0.19444444444444445,0.18666666666666668,0.4074708220559987,0.7607843137254902,0.5241628614916286,0.04675117050987418,0.19444444444444445,0.1461187214611872
NASA,PC4,LogisticRegression,1272,37,0.1391509433962264,1,1,0.45901639344262296,0.7777777777777778,0.5773195876288659,0.8127597348575923,0.8392156862745098,0.913115169964485,0.5118460684948696,0.7777777777777778,0.1506849315068493
NASA,PC4,GaussianNB,1272,37,0.1391509433962264,1,1,0.2857142857142857,0.16666666666666666,0.21052631578947367,0.3940192146996278,0.8235294117647058,0.7891933028919331,0.12435122754518717,0.16666666666666666,0.0684931506849315
NASA,PC4,DecisionTree,1272,37,0.1391509433962264,1,1,0.4666666666666667,0.5833333333333334,0.5185185185185185,0.7206985449507054,0.8470588235294118,0.7406773211567732,0.432714445903816,0.5833333333333334,0.1095890410958904
NASA,PC4,RandomForest,1272,37,0.1391509433962264,1,1,0.6,0.5,0.5454545454545454,0.6874610823355948,0.8823529411764706,0.9313800101471335,0.48115158662844343,0.5,0.0547945205479452
NASA,PC4,KNN,1272,37,0.1391509433962264,1,1,0.5833333333333334,0.3888888888888889,0.4666666666666667,0.6092055526486776,0.8745098039215686,0.8541983764586504,0.40930106403540134,0.3888888888888889,0.045662100456621
NASA,PC4,Dummy,1272,37,0.1391509433962264,1,2,0.05128205128205128,0.05555555555555555,0.05333333333333334,0.21487079170599535,0.7215686274509804,0.44330289193302896,-0.10969959694442917,0.05555555555555555,0.1689497716894977
NASA,PC4,LogisticRegression,1272,37,0.1391509433962264,1,2,0.38372093023255816,0.9166666666666666,0.5409836065573771,0.8335616125687708,0.7803921568627451,0.9311263318112633,0.496894402647604,0.9166666666666666,0.2420091324200913
NASA,PC4,GaussianNB,1272,37,0.1391509433962264,1,2,0.7368421052631579,0.3888888888888889,0.509090909090909,0.6164496306539852,0.8941176470588236,0.8741755454084221,0.48538932073068924,0.3888888888888889,0.0228310502283105
NASA,PC4,DecisionTree,1272,37,0.1391509433962264,1,2,0.4222222222222222,0.5277777777777778,0.4691358024691358,0.6819965020569086,0.8313725490196079,0.7126458650431252,0.37362893923421864,0.5277777777777778,0.1187214611872146
NASA,PC4,RandomForest,1272,37,0.1391509433962264,1,2,0.5,0.4166666666666667,0.45454545454545453,0.6229990801608607,0.8588235294117647,0.9076610857432775,0.37628521518378266,0.4166666666666667,0.0684931506849315
NASA,PC4,KNN,1272,37,0.1391509433962264,1,2,0.6363636363636364,0.3888888888888889,0.4827586206896552,0.6121134715721933,0.8823529411764706,0.8344114662607813,0.43698812232772294,0.3888888888888889,0.0365296803652968
NASA,PC4,Dummy,1272,37,0.1391509433962264,1,3,0.1,0.11428571428571428,0.10666666666666667,0.3090291596701172,0.7362204724409449,0.47495107632093936,-0.047406540354698996,0.11428571428571428,0.1643835616438356
NASA,PC4,LogisticRegression,1272,37,0.1391509433962264,1,3,0.42028985507246375,0.8285714285714286,0.5576923076923077,0.8229423924818616,0.8188976377952756,0.8840182648401826,0.5005257639494117,0.8285714285714286,0.182648401826484
NASA,PC4,GaussianNB,1272,37,0.1391509433962264,1,3,0.36,0.2571428571428571,0.3,0.48821733314535404,0.8346456692913385,0.7514677103718199,0.21300175837792515,0.2571428571428571,0.0730593607305936
NASA,PC4,DecisionTree,1272,37,0.1391509433962264,1,3,0.4782608695652174,0.6285714285714286,0.5432098765432098,0.7481222416517315,0.8543307086614174,0.756099151989563,0.4645132599892734,0.6285714285714286,0.1095890410958904
NASA,PC4,RandomForest,1272,37,0.1391509433962264,1,3,0.5625,0.5142857142857142,0.5373134328358209,0.6938364374670353,0.8779527559055118,0.9118069145466405,0.4678032460971761,0.5142857142857142,0.0639269406392694
NASA,PC4,KNN,1272,37,0.1391509433962264,1,3,0.631578947368421,0.34285714285714286,0.4444444444444444,0.5761061002519882,0.8818897637795275,0.8241356816699282,0.4073401614007722,0.34285714285714286,0.0319634703196347
NASA,PC4,Dummy,1272,37,0.1391509433962264,1,4,0.2,0.22857142857142856,0.21333333333333335,0.44178372951707306,0.7677165354330708,0.5412263535551207,0.07802326433377543,0.22857142857142856,0.1461187214611872
NASA,PC4,LogisticRegression,1272,37,0.1391509433962264,1,4,0.3918918918918919,0.8285714285714286,0.5321100917431193,0.8113673800691725,0.7992125984251969,0.9037181996086106,0.47266791825679005,0.8285714285714286,0.2054794520547945
NASA,PC4,GaussianNB,1272,37,0.1391509433962264,1,4,0.2777777777777778,0.14285714285714285,0.18867924528301888,0.36657473792751666,0.8307086614173228,0.757208088714938,0.11215835742161934,0.14285714285714285,0.0593607305936073
NASA,PC4,DecisionTree,1272,37,0.1391509433962264,1,4,0.4883720930232558,0.6,0.5384615384615384,0.7346604844397583,0.8582677165354331,0.7553163731245923,0.4591491993175395,0.6,0.1004566210045662
NASA,PC4,RandomForest,1272,37,0.1391509433962264,1,4,0.5862068965517241,0.4857142857142857,0.53125,0.6775690402499834,0.8818897637795275,0.9318982387475538,0.46704877367107067,0.4857142857142857,0.0547945205479452
NASA,PC4,KNN,1272,37,0.1391509433962264,1,4,0.6666666666666666,0.34285714285714286,0.4528301886792453,0.5774632425336657,0.8858267716535433,0.8910632746249185,0.4237482941335556,0.34285714285714286,0.0273972602739726
NASA,PC4,Dummy,1272,37,0.1391509433962264,1,5,0.15,0.17142857142857143,0.16,0.38054446523313074,0.7519685039370079,0.5080887149380301,0.015308361989538216,0.17142857142857143,0.1552511415525114
NASA,PC4,LogisticRegression,1272,37,0.1391509433962264,1,5,0.4727272727272727,0.7428571428571429,0.5777777777777777,0.8028000573985811,0.8503937007874016,0.9099804305283757,0.5108449243113039,0.7428571428571429,0.1324200913242009
NASA,PC4,GaussianNB,1272,37,0.1391509433962264,1,5,0.5,0.2,0.2857142857142857,0.4400083021217589,0.8622047244094488,0.8241356816699282,0.25379913917139285,0.2,0.0319634703196347
NASA,PC4,DecisionTree,1272,37,0.1391509433962264,1,5,0.5,0.4857142857142857,0.4927536231884058,0.6693358178459695,0.8622047244094488,0.7085453359425963,0.41310444295875964,0.4857142857142857,0.0776255707762557
NASA,PC4,RandomForest,1272,37,0.1391509433962264,1,5,0.6666666666666666,0.4,0.5,0.6222657084173497,0.889763779527559,0.9399869536855838,0.46063761473060655,0.4,0.0319634703196347
NASA,PC4,KNN,1272,37,0.1391509433962264,1,5,0.4166666666666667,0.2857142857142857,0.3389830508474576,0.5171551464808576,0.8464566929133859,0.8337247227658187,0.2613504805130597,0.2857142857142857,0.0639269406392694
NASA,PC4,Dummy,1272,37,0.1391509433962264,2,1,0.20512820512820512,0.2222222222222222,0.21333333333333335,0.4367677970894005,0.7686274509803922,0.5403348554033485,0.07804132400073485,0.2222222222222222,0.1415525114155251
NASA,PC4,LogisticRegression,1272,37,0.1391509433962264,2,1,0.35064935064935066,0.75,0.4778761061946903,0.7607674567748487,0.7686274509803922,0.8661846778285135,0.39566718936713585,0.75,0.228310502283105
NASA,PC4,GaussianNB,1272,37,0.1391509433962264,2,1,0.3684210526315789,0.19444444444444445,0.2545454545454545,0.42870730614009783,0.8392156862745098,0.7926179604261796,0.18517451217064756,0.19444444444444445,0.0547945205479452
NASA,PC4,DecisionTree,1272,37,0.1391509433962264,2,1,0.4358974358974359,0.4722222222222222,0.4533333333333333,0.6517548414967935,0.8392156862745098,0.6875951293759514,0.3596527054184809,0.4722222222222222,0.1004566210045662
NASA,PC4,RandomForest,1272,37,0.1391509433962264,2,1,0.5483870967741935,0.4722222222222222,0.5074626865671642,0.6648567516793963,0.8705882352941177,0.9208523592085236,0.4350536461530205,0.4722222222222222,0.0639269406392694
NASA,PC4,KNN,1272,37,0.1391509433962264,2,1,0.5789473684210527,0.3055555555555556,0.4,0.5425806011803872,0.8705882352941177,0.9173642820903094,0.35672583134781427,0.3055555555555556,0.0365296803652968
NASA,PC4,Dummy,1272,37,0.1391509433962264,2,2,0.1282051282051282,0.1388888888888889,0.13333333333333333,0.34252916713752857,0.7450980392156863,0.4918188736681887,-0.015829136471847163,0.1388888888888889,0.1552511415525114
NASA,PC4,LogisticRegression,1272,37,0.1391509433962264,2,2,0.5161290322580645,0.8888888888888888,0.6530612244897959,0.8758557459257962,0.8666666666666667,0.945459157787925,0.6103239152549021,0.8888888888888888,0.136986301369863
NASA,PC4,GaussianNB,1272,37,0.1391509433962264,2,2,0.3888888888888889,0.19444444444444445,0.25925925925925924,0.4297415834119907,0.8431372549019608,0.8451293759512938,0.19605446221590403,0.19444444444444445,0.0502283105022831
NASA,PC4,DecisionTree,1272,37,0.1391509433962264,2,2,0.46875,0.4166666666666667,0.4411764705882353,0.6199376410924141,0.8509803921568627,0.6711060375443938,0.35636761478268597,0.4166666666666667,0.0776255707762557
NASA,PC4,RandomForest,1272,37,0.1391509433962264,2,2,0.7777777777777778,0.3888888888888889,0.5185185185185185,0.6178882548523849,0.8980392156862745,0.9485032978183663,0.5038444490720067,0.3888888888888889,0.0182648401826484
NASA,PC4,KNN,1272,37,0.1391509433962264,2,2,0.6190476190476191,0.3611111111111111,0.45614035087719296,0.5898473002785255,0.8784313725490196,0.8561009639776763,0.41113022130249866,0.3611111111111111,0.0365296803652968
NASA,PC4,Dummy,1272,37,0.1391509433962264,2,3,0.125,0.14285714285714285,0.13333333333333333,0.3464478209324347,0.7440944881889764,0.4915198956294846,-0.016049089182580387,0.14285714285714285,0.1598173515981735
NASA,PC4,LogisticRegression,1272,37,0.1391509433962264,2,3,0.44776119402985076,0.8571428571428571,0.5882352941176471,0.8439957151095541,0.8346456692913385,0.9200260926288323,0.5382799206991591,0.8571428571428571,0.1689497716894977
NASA,PC4,GaussianNB,1272,37,0.1391509433962264,2,3,0.47368421052631576,0.2571428571428571,0.3333333333333333,0.4953798281806572,0.8582677165354331,0.8249184605348989,0.277087033835775,0.2571428571428571,0.045662100456621
NASA,PC4,DecisionTree,1272,37,0.1391509433962264,2,3,0.425,0.4857142857142857,0.4533333333333333,0.6593202532510525,0.8385826771653543,0.6939986953685584,0.3602403248828429,0.4857142857142857,0.1050228310502283
NASA,PC4,RandomForest,1272,37,0.1391509433962264,2,3,0.5925925925925926,0.45714285714285713,0.5161290322580645,0.6589243839549306,0.8818897637795275,0.9149380300065232,0.45505562225518276,0.45714285714285713,0.0502283105022831
NASA,PC4,KNN,1272,37,0.1391509433962264,2,3,0.5882352941176471,0.2857142857142857,0.38461538461538464,0.5259105110405776,0.8740157480314961,0.8037181996086107,0.34999745981512564,0.2857142857142857,0.0319634703196347
NASA,PC4,Dummy,1272,37,0.1391509433962264,2,4,0.125,0.14285714285714285,0.13333333333333333,0.3464478209324347,0.7440944881889764,0.4915198956294846,-0.016049089182580387,0.14285714285714285,0.1598173515981735
NASA,PC4,LogisticRegression,1272,37,0.1391509433962264,2,4,0.4027777777777778,0.8285714285714286,0.5420560747663551,0.8160170879348643,0.8070866141732284,0.8974559686888454,0.4835321861025518,0.8285714285714286,0.1963470319634703
NASA,PC4,GaussianNB,1272,37,0.1391509433962264,2,4,0.3870967741935484,0.34285714285714286,0.36363636363636365,0.5595637103925328,0.8346456692913385,0.7444227005870842,0.2696689483914147,0.34285714285714286,0.0867579908675799
NASA,PC4,DecisionTree,1272,37,0.1391509433962264,2,4,0.5135135135135135,0.5428571428571428,0.5277777777777778,0.7058602889763781,0.8661417322834646,0.7339204174820612,0.45010196508072803,0.5428571428571428,0.0821917808219178
NASA,PC4,RandomForest,1272,37,0.1391509433962264,2,4,0.6666666666666666,0.5142857142857142,0.5806451612903226,0.7022468831767833,0.8976377952755905,0.9296803652968036,0.5291717672072933,0.5142857142857142,0.0410958904109589
NASA,PC4,KNN,1272,37,0.1391509433962264,2,4,0.5909090909090909,0.37142857142857144,0.45614035087719296,0.5967950934463552,0.8779527559055118,0.7804305283757338,0.4048109848454303,0.37142857142857144,0.0410958904109589
NASA,PC4,Dummy,1272,37,0.1391509433962264,2,5,0.1,0.11428571428571428,0.10666666666666667,0.3090291596701172,0.7362204724409449,0.47495107632093936,-0.047406540354698996,0.11428571428571428,0.1643835616438356
NASA,PC4,LogisticRegression,1272,37,0.1391509433962264,2,5,0.37037037037037035,0.8571428571428571,0.5172413793103449,0.8108848540793832,0.7795275590551181,0.9033268101761253,0.4617004539058879,0.8571428571428571,0.2328767123287671
NASA,PC4,GaussianNB,1272,37,0.1391509433962264,2,5,0.3333333333333333,0.08571428571428572,0.13636363636363635,0.2887316212668328,0.8503937007874016,0.8056751467710372,0.10872943884511534,0.08571428571428572,0.0273972602739726
NASA,PC4,DecisionTree,1272,37,0.1391509433962264,2,5,0.4444444444444444,0.5714285714285714,0.5,0.7114752275010594,0.84251968503937,0.7338551859099804,0.41281221813736046,0.5714285714285714,0.1141552511415525
NASA,PC4,RandomForest,1272,37,0.1391509433962264,2,5,0.6,0.5142857142857142,0.5538461538461539,0.6972127904354387,0.8858267716535433,0.9175472928897587,0.4907368100294903,0.5142857142857142,0.0547945205479452
NASA,PC4,KNN,1272,37,0.1391509433962264,2,5,0.46153846153846156,0.34285714285714286,0.39344262295081966,0.5665150789149083,0.8543307086614174,0.8033268101761253,0.31717395947725807,0.34285714285714286,0.0639269406392694
NASA,PC4,Dummy,1272,37,0.1391509433962264,3,1,0.15384615384615385,0.16666666666666666,0.16,0.37623464940848433,0.7529411764705882,0.5079908675799087,0.015461017019013508,0.16666666666666666,0.1506849315068493
NASA,PC4,LogisticRegression,1272,37,0.1391509433962264,3,1,0.4027777777777778,0.8055555555555556,0.5370370370370371,0.8046036994325454,0.803921568627451,0.9089294774226282,0.47124579261381455,0.8055555555555556,0.1963470319634703
NASA,PC4,GaussianNB,1272,37,0.1391509433962264,3,1,0.41379310344827586,0.3333333333333333,0.36923076923076925,0.554489082917402,0.8392156862745098,0.8096778285134449,0.2804555258879356,0.3333333333333333,0.0776255707762557
NASA,PC4,DecisionTree,1272,37,0.1391509433962264,3,1,0.43333333333333335,0.7222222222222222,0.5416666666666666,0.7810866774997707,0.8274509803921568,0.7973110096397767,0.4654159733570216,0.7222222222222222,0.1552511415525114
NASA,PC4,RandomForest,1272,37,0.1391509433962264,3,1,0.65625,0.5833333333333334,0.6176470588235294,0.7443342565946665,0.8980392156862745,0.932521562658549,0.5603490777896106,0.5833333333333334,0.0502283105022831
NASA,PC4,KNN,1272,37,0.1391509433962264,3,1,0.5357142857142857,0.4166666666666667,0.46875,0.6260455485979677,0.8666666666666667,0.8739852866565194,0.39794366454398233,0.4166666666666667,0.0593607305936073
NASA,PC4,Dummy,1272,37,0.1391509433962264,3,2,0.07692307692307693,0.08333333333333333,0.08,0.26388388203212987,0.7294117647058823,0.4594748858447488,-0.0784094434535685,0.08333333333333333,0.1643835616438356
NASA,PC4,LogisticRegression,1272,37,0.1391509433962264,3,2,0.42424242424242425,0.7777777777777778,0.5490196078431373,0.8017611259564009,0.8196078431372549,0.8949771689497718,0.4803917883874481,0.7777777777777778,0.1735159817351598
NASA,PC4,GaussianNB,1272,37,0.1391509433962264,3,2,0.21428571428571427,0.08333333333333333,0.12,0.28133190503651806,0.8274509803921568,0.7512049720953831,0.050605143464098244,0.08333333333333333,0.0502283105022831
NASA,PC4,DecisionTree,1272,37,0.1391509433962264,3,2,0.55,0.6111111111111112,0.5789473684210527,0.7489210910428601,0.8745098039215686,0.7680111618467783,0.5064231165167629,0.6111111111111112,0.0821917808219178
NASA,PC4,RandomForest,1272,37,0.1391509433962264,3,2,0.6666666666666666,0.3888888888888889,0.49122807017543857,0.6135622628806738,0.8862745098039215,0.9381024860476915,0.4520986489821146,0.3888888888888889,0.0319634703196347
NASA,PC4,KNN,1272,37,0.1391509433962264,3,2,0.5,0.19444444444444445,0.28,0.4338540367630876,0.8588235294117647,0.780568239472349,0.2483723707950569,0.19444444444444445,0.0319634703196347
NASA,PC4,Dummy,1272,37,0.1391509433962264,3,3,0.15,0.17142857142857143,0.16,0.38054446523313074,0.7519685039370079,0.5080887149380301,0.015308361989538216,0.17142857142857143,0.1552511415525114
NASA,PC4,LogisticRegression,1272,37,0.1391509433962264,3,3,0.3815789473684211,0.8285714285714286,0.5225225225225225,0.8066908720686817,0.7913385826771654,0.8932811480756686,0.4621458377186058,0.8285714285714286,0.2146118721461187
NASA,PC4,GaussianNB,1272,37,0.1391509433962264,3,3,0.65,0.37142857142857144,0.4727272727272727,0.5996302404897954,0.8858267716535433,0.8171559034572733,0.4344384805635058,0.37142857142857144,0.0319634703196347
NASA,PC4,DecisionTree,1272,37,0.1391509433962264,3,3,0.37142857142857144,0.37142857142857144,0.37142857142857144,0.5780277780507647,0.8267716535433071,0.6390084801043705,0.27097195042400524,0.37142857142857144,0.1004566210045662
NASA,PC4,RandomForest,1272,37,0.1391509433962264,3,3,0.6363636363636364,0.4,0.49122807017543857,0.6207963658510586,0.8858267716535433,0.9195042400521853,0.4454199856948534,0.4,0.0365296803652968
NASA,PC4,KNN,1272,37,0.1391509433962264,3,3,0.5555555555555556,0.42857142857142855,0.4838709677419355,0.6364652878376865,0.8740157480314961,0.8207436399217221,0.4179975497791275,0.42857142857142855,0.0547945205479452
NASA,PC4,Dummy,1272,37,0.1391509433962264,3,4,0.15,0.17142857142857143,0.16,0.38054446523313074,0.7519685039370079,0.5080887149380301,0.015308361989538216,0.17142857142857143,0.1552511415525114
NASA,PC4,LogisticRegression,1272,37,0.1391509433962264,3,4,0.46774193548387094,0.8285714285714286,0.5979381443298969,0.8388791328961585,0.8464566929133859,0.9249836921069798,0.5439595473397811,0.8285714285714286,0.1506849315068493
NASA,PC4,GaussianNB,1272,37,0.1391509433962264,3,4,0.36363636363636365,0.11428571428571428,0.17391304347826086,0.33261501206227084,0.8503937007874016,0.8377690802348337,0.13940353933767746,0.11428571428571428,0.0319634703196347
NASA,PC4,DecisionTree,1272,37,0.1391509433962264,3,4,0.5348837209302325,0.6571428571428571,0.5897435897435898,0.7727417491170261,0.8740157480314961,0.7880626223091975,0.5200653114233922,0.6571428571428571,0.091324200913242
NASA,PC4,RandomForest,1272,37,0.1391509433962264,3,4,0.6071428571428571,0.4857142857142857,0.5396825396825397,0.6792037085853064,0.8858267716535433,0.9356816699282453,0.4792885097166499,0.4857142857142857,0.0502283105022831
NASA,PC4,KNN,1272,37,0.1391509433962264,3,4,0.631578947368421,0.34285714285714286,0.4444444444444444,0.5761061002519882,0.8818897637795275,0.88382257012394,0.4073401614007722,0.34285714285714286,0.0319634703196347
NASA,PC4,Dummy,1272,37,0.1391509433962264,3,5,0.125,0.14285714285714285,0.13333333333333333,0.3464478209324347,0.7440944881889764,0.4915198956294846,-0.016049089182580387,0.14285714285714285,0.1598173515981735
NASA,PC4,LogisticRegression,1272,37,0.1391509433962264,3,5,0.4411764705882353,0.8571428571428571,0.5825242718446602,0.8416738517967838,0.8307086614173228,0.8935420743639921,0.5321870212137961,0.8571428571428571,0.1735159817351598
NASA,PC4,GaussianNB,1272,37,0.1391509433962264,3,5,0.42857142857142855,0.2571428571428571,0.32142857142857145,0.493003892046894,0.8503937007874016,0.7690802348336595,0.2532608792793941,0.2571428571428571,0.0547945205479452
NASA,PC4,DecisionTree,1272,37,0.1391509433962264,3,5,0.4473684210526316,0.4857142857142857,0.4657534246575342,0.6626755942756095,0.8464566929133859,0.6970645792563601,0.3767088642992783,0.4857142857142857,0.0958904109589041
NASA,PC4,RandomForest,1272,37,0.1391509433962264,3,5,0.5925925925925926,0.45714285714285713,0.5161290322580645,0.6589243839549306,0.8818897637795275,0.917286366601435,0.45505562225518276,0.45714285714285713,0.0502283105022831
NASA,PC4,KNN,1272,37,0.1391509433962264,3,5,0.5555555555555556,0.2857142857142857,0.37735849056603776,0.5246686899190228,0.8700787401574803,0.777495107632094,0.33472259793014525,0.2857142857142857,0.0365296803652968
NASA,PC5,Dummy,1718,38,0.27357392316647267,1,1,0.34444444444444444,0.32978723404255317,0.33695652173913043,0.5019536301377954,0.6453488372093024,0.5468936170212766,0.09509102878076285,0.32978723404255317,0.236
NASA,PC5,LogisticRegression,1718,38,0.27357392316647267,1,1,0.4397163120567376,0.6595744680851063,0.5276595744680851,0.6716762137892132,0.6773255813953488,0.7385106382978723,0.3113129871376416,0.6595744680851063,0.316
NASA,PC5,GaussianNB,1718,38,0.27357392316647267,1,1,0.7692307692307693,0.10638297872340426,0.18691588785046728,0.3242011458627551,0.747093023255814,0.6996595744680851,0.22056771172660797,0.10638297872340426,0.012
NASA,PC5,DecisionTree,1718,38,0.27357392316647267,1,1,0.45098039215686275,0.48936170212765956,0.46938775510204084,0.6162342743235432,0.6976744186046512,0.6389787234042553,0.25891928944575504,0.48936170212765956,0.224
NASA,PC5,RandomForest,1718,38,0.27357392316647267,1,1,0.6417910447761194,0.4574468085106383,0.5341614906832298,0.6430644718017137,0.7819767441860465,0.8080851063829788,0.4067251609024112,0.4574468085106383,0.096
NASA,PC5,KNN,1718,38,0.27357392316647267,1,1,0.6,0.44680851063829785,0.5121951219512195,0.6298936080377451,0.7674418604651163,0.7480425531914894,0.3706006005040449,0.44680851063829785,0.112
NASA,PC5,Dummy,1718,38,0.27357392316647267,1,2,0.3,0.2872340425531915,0.29347826086956524,0.4635202949491934,0.622093023255814,0.5176170212765957,0.03572385291763686,0.2872340425531915,0.252
NASA,PC5,LogisticRegression,1718,38,0.27357392316647267,1,2,0.42953020134228187,0.6808510638297872,0.5267489711934157,0.6703444652771138,0.6656976744186046,0.740468085106383,0.3065407001850763,0.6808510638297872,0.34
NASA,PC5,GaussianNB,1718,38,0.27357392316647267,1,2,0.6521739130434783,0.1595744680851064,0.2564102564102564,0.39302428055577304,0.747093023255814,0.7134893617021277,0.22760471951628214,0.1595744680851064,0.032
NASA,PC5,DecisionTree,1718,38,0.27357392316647267,1,2,0.42857142857142855,0.5425531914893617,0.4788732394366197,0.6284733275201544,0.6773255813953488,0.6451702127659574,0.2534672498390391,0.5425531914893617,0.272
NASA,PC5,RandomForest,1718,38,0.27357392316647267,1,2,0.5753424657534246,0.44680851063829785,0.5029940119760479,0.625623093658753,0.7587209302325582,0.7834042553191489,0.3518299703612357,0.44680851063829785,0.124
NASA,PC5,KNN,1718,38,0.27357392316647267,1,2,0.5679012345679012,0.48936170212765956,0.5257142857142857,0.6487303475480295,0.7587209302325582,0.7643191489361703,0.3669347494882652,0.48936170212765956,0.14
NASA,PC5,Dummy,1718,38,0.27357392316647267,1,3,0.3,0.2872340425531915,0.29347826086956524,0.4635202949491934,0.622093023255814,0.5176170212765957,0.03572385291763686,0.2872340425531915,0.252
NASA,PC5,LogisticRegression,1718,38,0.27357392316647267,1,3,0.4266666666666667,0.6808510638297872,0.5245901639344263,0.6683100312522179,0.6627906976744186,0.7540851063829788,0.30270901848482806,0.6808510638297872,0.344
NASA,PC5,GaussianNB,1718,38,0.27357392316647267,1,3,0.5,0.1276595744680851,0.2033898305084746,0.34861427809775236,0.7267441860465116,0.688936170212766,0.13934497219704678,0.1276595744680851,0.048
NASA,PC5,DecisionTree,1718,38,0.27357392316647267,1,3,0.4954954954954955,0.5851063829787234,0.5365853658536586,0.6738267976204935,0.7238372093023255,0.6916382978723405,0.3442148847213915,0.5851063829787234,0.224
NASA,PC5,RandomForest,1718,38,0.27357392316647267,1,3,0.5967741935483871,0.39361702127659576,0.47435897435897434,0.5951935140346677,0.7616279069767442,0.7774468085106383,0.34040408305799585,0.39361702127659576,0.1
NASA,PC5,KNN,1718,38,0.27357392316647267,1,3,0.5526315789473685,0.44680851063829785,0.49411764705882355,0.6213232276291377,0.75,0.7409148936170213,0.33385096832943817,0.44680851063829785,0.136
NASA,PC5,Dummy,1718,38,0.27357392316647267,1,4,0.37777777777777777,0.3617021276595745,0.3695652173913043,0.529486037975351,0.6618075801749271,0.568401264633,0.1386999204308513,0.3617021276595745,0.2248995983935743
NASA,PC5,LogisticRegression,1718,38,0.27357392316647267,1,4,0.47058823529411764,0.6808510638297872,0.5565217391304348,0.6956856093521903,0.7026239067055393,0.7650602409638555,0.35715470636356583,0.6808510638297872,0.2891566265060241
NASA,PC5,GaussianNB,1718,38,0.27357392316647267,1,4,0.6538461538461539,0.18085106382978725,0.2833333333333333,0.41750961472780046,0.749271137026239,0.6818337178501239,0.24385703622917815,0.18085106382978725,0.03614457831325301
NASA,PC5,DecisionTree,1718,38,0.27357392316647267,1,4,0.48214285714285715,0.574468085106383,0.5242718446601942,0.6638194347781885,0.7142857142857143,0.688733658036401,0.3248519980451434,0.574468085106383,0.23293172690763053
NASA,PC5,RandomForest,1718,38,0.27357392316647267,1,4,0.6984126984126984,0.46808510638297873,0.5605095541401274,0.6575467808058473,0.7988338192419825,0.7941126206955481,0.45129076345112423,0.46808510638297873,0.07630522088353414
NASA,PC5,KNN,1718,38,0.27357392316647267,1,4,0.5942028985507246,0.43617021276595747,0.5030674846625767,0.6221920603196457,0.7638483965014577,0.7441895240536613,0.3601918319494632,0.43617021276595747,0.11244979919678715
NASA,PC5,Dummy,1718,38,0.27357392316647267,1,5,0.28888888888888886,0.2765957446808511,0.2826086956521739,0.45332423552451434,0.6151603498542274,0.5097838161155259,0.019839026719965614,0.2765957446808511,0.2570281124497992
NASA,PC5,LogisticRegression,1718,38,0.27357392316647267,1,5,0.4413793103448276,0.6808510638297872,0.5355648535564853,0.6777679488316565,0.6763848396501457,0.7387422028539691,0.3210314015857194,0.6808510638297872,0.3253012048192771
NASA,PC5,GaussianNB,1718,38,0.27357392316647267,1,5,0.6153846153846154,0.1702127659574468,0.26666666666666666,0.4041990993346359,0.7434402332361516,0.7407929590703237,0.21916174144718578,0.1702127659574468,0.040160642570281124
NASA,PC5,DecisionTree,1718,38,0.27357392316647267,1,5,0.3565217391304348,0.43617021276595747,0.3923444976076555,0.5536653594520782,0.6297376093294461,0.5857686063402546,0.13131191025378477,0.43617021276595747,0.2971887550200803
NASA,PC5,RandomForest,1718,38,0.27357392316647267,1,5,0.5964912280701754,0.3617021276595745,0.4503311258278146,0.5729676177308172,0.7580174927113703,0.7783901563701614,0.3227246657966587,0.3617021276595745,0.09236947791164658
NASA,PC5,KNN,1718,38,0.27357392316647267,1,5,0.525,0.44680851063829785,0.4827586206896552,0.6153217584682841,0.7376093294460642,0.7201572246432539,0.31029912453108366,0.44680851063829785,0.15261044176706828
NASA,PC5,Dummy,1718,38,0.27357392316647267,2,1,0.3333333333333333,0.3191489361702128,0.32608695652173914,0.49249689490326914,0.6395348837209303,0.5395744680851065,0.08024923481498136,0.3191489361702128,0.24
NASA,PC5,LogisticRegression,1718,38,0.27357392316647267,2,1,0.41379310344827586,0.6382978723404256,0.502092050209205,0.6490582375601445,0.6540697674418605,0.7130212765957448,0.2691990652319579,0.6382978723404256,0.34
NASA,PC5,GaussianNB,1718,38,0.27357392316647267,2,1,0.5,0.09574468085106383,0.16071428571428573,0.30380564896068923,0.7267441860465116,0.693468085106383,0.1195606105292702,0.09574468085106383,0.036
NASA,PC5,DecisionTree,1718,38,0.27357392316647267,2,1,0.4537037037037037,0.5212765957446809,0.48514851485148514,0.6310747334103436,0.6976744186046512,0.6503829787234043,0.2739253310965139,0.5212765957446809,0.236
NASA,PC5,RandomForest,1718,38,0.27357392316647267,2,1,0.5641025641025641,0.46808510638297873,0.5116279069767442,0.6359445981490004,0.7558139534883721,0.766,0.3534233262433417,0.46808510638297873,0.136
NASA,PC5,KNN,1718,38,0.27357392316647267,2,1,0.5394736842105263,0.43617021276595747,0.4823529411764706,0.6124592908746861,0.7441860465116279,0.740063829787234,0.3181274287476574,0.43617021276595747,0.14
NASA,PC5,Dummy,1718,38,0.27357392316647267,2,2,0.35555555555555557,0.3404255319148936,0.34782608695652173,0.5113186956396552,0.6511627906976745,0.5542127659574468,0.10993282274654435,0.3404255319148936,0.232
NASA,PC5,LogisticRegression,1718,38,0.27357392316647267,2,2,0.45569620253164556,0.7659574468085106,0.5714285714285714,0.7088498325501551,0.686046511627907,0.7714042553191489,0.37732672953178176,0.7659574468085106,0.344
NASA,PC5,GaussianNB,1718,38,0.27357392316647267,2,2,0.6666666666666666,0.1702127659574468,0.2711864406779661,0.40591373153270943,0.75,0.7317872340425532,0.24176948167521795,0.1702127659574468,0.032
NASA,PC5,DecisionTree,1718,38,0.27357392316647267,2,2,0.41818181818181815,0.48936170212765956,0.45098039215686275,0.6033946522658108,0.6744186046511628,0.622,0.22297657676679605,0.48936170212765956,0.256
NASA,PC5,RandomForest,1718,38,0.27357392316647267,2,2,0.6428571428571429,0.4787234042553192,0.5487804878048781,0.6563924617405256,0.7848837209302325,0.8204893617021277,0.41921013529308593,0.4787234042553192,0.1
NASA,PC5,KNN,1718,38,0.27357392316647267,2,2,0.6,0.5106382978723404,0.5517241379310345,0.667290488276793,0.7732558139534884,0.7796382978723404,0.4036225391304762,0.5106382978723404,0.128
NASA,PC5,Dummy,1718,38,0.27357392316647267,2,3,0.24444444444444444,0.23404255319148937,0.2391304347826087,0.4127747312074762,0.5930232558139535,0.4810212765957447,-0.03848511691127063,0.23404255319148937,0.272
NASA,PC5,LogisticRegression,1718,38,0.27357392316647267,2,3,0.45384615384615384,0.6276595744680851,0.5267857142857143,0.6703762043204912,0.6918604651162791,0.7417446808510638,0.3158521346053124,0.6276595744680851,0.284
NASA,PC5,GaussianNB,1718,38,0.27357392316647267,2,3,0.6538461538461539,0.18085106382978725,0.2833333333333333,0.4175409267747473,0.75,0.7077872340425533,0.24420546929432244,0.18085106382978725,0.036
NASA,PC5,DecisionTree,1718,38,0.27357392316647267,2,3,0.4608695652173913,0.5638297872340425,0.507177033492823,0.6511528238439882,0.7005813953488372,0.6634255319148936,0.298346094805968,0.5638297872340425,0.248
NASA,PC5,RandomForest,1718,38,0.27357392316647267,2,3,0.5857142857142857,0.43617021276595747,0.5,0.6209464293198781,0.7616279069767442,0.792,0.35439742224103127,0.43617021276595747,0.116
NASA,PC5,KNN,1718,38,0.27357392316647267,2,3,0.5609756097560976,0.48936170212765956,0.5227272727272727,0.6472199139560498,0.7558139534883721,0.7240638297872342,0.36120232353707715,0.48936170212765956,0.144
NASA,PC5,Dummy,1718,38,0.27357392316647267,2,4,0.35555555555555557,0.3404255319148936,0.34782608695652173,0.5110084391499897,0.6501457725947521,0.5537469025036316,0.10898469700312988,0.3404255319148936,0.23293172690763053
NASA,PC5,LogisticRegression,1718,38,0.27357392316647267,2,4,0.4925373134328358,0.7021276595744681,0.5789473684210527,0.714410213634503,0.7201166180758017,0.7741818337178501,0.3922212093725723,0.7021276595744681,0.27309236947791166
NASA,PC5,GaussianNB,1718,38,0.27357392316647267,2,4,0.5,0.11702127659574468,0.1896551724137931,0.3344423148571619,0.7259475218658892,0.7113347005041444,0.1326163059409119,0.11702127659574468,0.04417670682730924
NASA,PC5,DecisionTree,1718,38,0.27357392316647267,2,4,0.41739130434782606,0.5106382978723404,0.45933014354066987,0.6109317730946476,0.6705539358600583,0.6238357686063402,0.22823164481244979,0.5106382978723404,0.26907630522088355
NASA,PC5,RandomForest,1718,38,0.27357392316647267,2,4,0.6153846153846154,0.425531914893617,0.5031446540880503,0.6187146572151757,0.7696793002915452,0.7946893958813981,0.3700342980140381,0.425531914893617,0.10040160642570281
NASA,PC5,KNN,1718,38,0.27357392316647267,2,4,0.475,0.40425531914893614,0.4367816091954023,0.5797134421031995,0.7142857142857143,0.7281466290694694,0.2484736236805686,0.40425531914893614,0.1686746987951807
NASA,PC5,Dummy,1718,38,0.27357392316647267,2,5,0.3,0.2872340425531915,0.29347826086956524,0.46320661603232627,0.6209912536443148,0.5171109971802101,0.034696638433826324,0.2872340425531915,0.25301204819277107
NASA,PC5,LogisticRegression,1718,38,0.27357392316647267,2,5,0.4125874125874126,0.6276595744680851,0.4978902953586498,0.6449178204464922,0.6530612244897959,0.7238528582414765,0.26262909924867894,0.6276595744680851,0.3373493975903614
NASA,PC5,GaussianNB,1718,38,0.27357392316647267,2,5,0.7307692307692307,0.20212765957446807,0.31666666666666665,0.4432215652375815,0.760932944606414,0.6979193369221568,0.2932476257931628,0.20212765957446807,0.028112449799196786
NASA,PC5,DecisionTree,1718,38,0.27357392316647267,2,5,0.43137254901960786,0.46808510638297873,0.4489795918367347,0.5992105090979709,0.685131195335277,0.630009399299325,0.22945959235767377,0.46808510638297873,0.23293172690763053
NASA,PC5,RandomForest,1718,38,0.27357392316647267,2,5,0.5614035087719298,0.3404255319148936,0.423841059602649,0.5533952128834455,0.7463556851311953,0.8014825258480731,0.28760583319251726,0.3404255319148936,0.10040160642570281
NASA,PC5,KNN,1718,38,0.27357392316647267,2,5,0.5362318840579711,0.39361702127659576,0.4539877300613497,0.5856890824261435,0.7405247813411079,0.7614073314534735,0.294970346739662,0.39361702127659576,0.1285140562248996
NASA,PC5,Dummy,1718,38,0.27357392316647267,3,1,0.26666666666666666,0.2553191489361702,0.2608695652173913,0.43349151504616706,0.6046511627906976,0.49565957446808506,-0.008801528979707632,0.2553191489361702,0.264
NASA,PC5,LogisticRegression,1718,38,0.27357392316647267,3,1,0.3961038961038961,0.648936170212766,0.49193548387096775,0.6383822639246934,0.6337209302325582,0.7207234042553191,0.24818552718436798,0.648936170212766,0.372
NASA,PC5,GaussianNB,1718,38,0.27357392316647267,3,1,0.38461538461538464,0.05319148936170213,0.09345794392523364,0.22691267417693456,0.7180232558139535,0.6588510638297873,0.04952331850308871,0.05319148936170213,0.032
NASA,PC5,DecisionTree,1718,38,0.27357392316647267,3,1,0.4563106796116505,0.5,0.47715736040609136,0.6228964600958975,0.7005813953488372,0.6366170212765958,0.26854426344969035,0.5,0.224
NASA,PC5,RandomForest,1718,38,0.27357392316647267,3,1,0.463768115942029,0.3404255319148936,0.39263803680981596,0.538555988910614,0.7122093023255814,0.7237021276595745,0.2141439132069635,0.3404255319148936,0.148
NASA,PC5,KNN,1718,38,0.27357392316647267,3,1,0.49295774647887325,0.3723404255319149,0.42424242424242425,0.564555935453095,0.7238372093023255,0.7155531914893617,0.25142371508523575,0.3723404255319149,0.144
NASA,PC5,Dummy,1718,38,0.27357392316647267,3,2,0.3888888888888889,0.3723404255319149,0.3804347826086957,0.5389114323475552,0.6686046511627907,0.5761702127659575,0.15445820464388885,0.3723404255319149,0.22
NASA,PC5,LogisticRegression,1718,38,0.27357392316647267,3,2,0.5116279069767442,0.7021276595744681,0.5919282511210763,0.7247009654759003,0.7354651162790697,0.8097021276595744,0.41433874516472735,0.7021276595744681,0.252
NASA,PC5,GaussianNB,1718,38,0.27357392316647267,3,2,0.64,0.1702127659574468,0.2689075630252101,0.4050741986142523,0.747093023255814,0.7451914893617021,0.2303893566392291,0.1702127659574468,0.036
NASA,PC5,DecisionTree,1718,38,0.27357392316647267,3,2,0.47572815533980584,0.5212765957446809,0.49746192893401014,0.6392815115923733,0.7122093023255814,0.663340425531915,0.29702999475610214,0.5212765957446809,0.216
NASA,PC5,RandomForest,1718,38,0.27357392316647267,3,2,0.6461538461538462,0.44680851063829785,0.5283018867924528,0.6369475077740507,0.7819767441860465,0.8241276595744681,0.4038956536267627,0.44680851063829785,0.092
NASA,PC5,KNN,1718,38,0.27357392316647267,3,2,0.5223880597014925,0.3723404255319149,0.43478260869565216,0.5698077316637865,0.7354651162790697,0.7312340425531915,0.27494889026390923,0.3723404255319149,0.128
NASA,PC5,Dummy,1718,38,0.27357392316647267,3,3,0.36666666666666664,0.35106382978723405,0.358695652173913,0.5205970385967872,0.6569767441860465,0.5615319148936171,0.12477461671232586,0.35106382978723405,0.228
NASA,PC5,LogisticRegression,1718,38,0.27357392316647267,3,3,0.45806451612903226,0.7553191489361702,0.570281124497992,0.7081891801585344,0.688953488372093,0.7610851063829787,0.3755622010284566,0.7553191489361702,0.336
NASA,PC5,GaussianNB,1718,38,0.27357392316647267,3,3,0.7586206896551724,0.23404255319148937,0.35772357723577236,0.4769584486117503,0.7703488372093024,0.7480212765957447,0.33047345289895363,0.23404255319148937,0.028
NASA,PC5,DecisionTree,1718,38,0.27357392316647267,3,3,0.4485981308411215,0.5106382978723404,0.47761194029850745,0.624602000936971,0.6947674418604651,0.6527659574468085,0.26438022514032633,0.5106382978723404,0.236
NASA,PC5,RandomForest,1718,38,0.27357392316647267,3,3,0.6986301369863014,0.5425531914893617,0.6107784431137725,0.7034262652462573,0.811046511627907,0.8228297872340425,0.49541889578153436,0.5425531914893617,0.088
NASA,PC5,KNN,1718,38,0.27357392316647267,3,3,0.6153846153846154,0.5106382978723404,0.5581395348837209,0.6703444652771137,0.7790697674418605,0.7878723404255319,0.41573886915862085,0.5106382978723404,0.12
NASA,PC5,Dummy,1718,38,0.27357392316647267,3,4,0.28888888888888886,0.2765957446808511,0.2826086956521739,0.45332423552451434,0.6151603498542274,0.5097838161155259,0.019839026719965614,0.2765957446808511,0.2570281124497992
NASA,PC5,LogisticRegression,1718,38,0.27357392316647267,3,4,0.4552238805970149,0.648936170212766,0.5350877192982456,0.677263469454849,0.6909620991253644,0.7210330684439886,0.3252366072939065,0.648936170212766,0.2931726907630522
NASA,PC5,GaussianNB,1718,38,0.27357392316647267,3,4,0.6086956521739131,0.14893617021276595,0.23931623931623933,0.3788838016395457,0.7405247813411079,0.7019994873109459,0.20114137718562444,0.14893617021276595,0.03614457831325301
NASA,PC5,DecisionTree,1718,38,0.27357392316647267,3,4,0.3865546218487395,0.48936170212765956,0.431924882629108,0.5881277201072114,0.6472303206997084,0.6094377510040161,0.1838403292633334,0.48936170212765956,0.2931726907630522
NASA,PC5,RandomForest,1718,38,0.27357392316647267,3,4,0.5846153846153846,0.40425531914893614,0.4779874213836478,0.6003502352996563,0.7580174927113703,0.761492779629155,0.33667772397492773,0.40425531914893614,0.10843373493975904
NASA,PC5,KNN,1718,38,0.27357392316647267,3,4,0.5263157894736842,0.425531914893617,0.47058823529411764,0.6033317730759533,0.7376093294460642,0.7247714261300521,0.30174200886957697,0.425531914893617,0.14457831325301204
NASA,PC5,Dummy,1718,38,0.27357392316647267,3,5,0.2777777777777778,0.26595744680851063,0.2717391304347826,0.4433179491824498,0.60932944606414,0.5024566350508416,0.004981415006104903,0.26595744680851063,0.26104417670682734
NASA,PC5,LogisticRegression,1718,38,0.27357392316647267,3,5,0.4097222222222222,0.6276595744680851,0.4957983193277311,0.6429605539586789,0.6501457725947521,0.7097752712979577,0.25874277602288437,0.6276595744680851,0.3413654618473896
NASA,PC5,GaussianNB,1718,38,0.27357392316647267,3,5,0.5,0.13829787234042554,0.21666666666666667,0.3620462698265832,0.7259475218658892,0.6777535674613347,0.1450758571012087,0.13829787234042554,0.05220883534136546
NASA,PC5,DecisionTree,1718,38,0.27357392316647267,3,5,0.4166666666666667,0.425531914893617,0.42105263157894735,0.5743082431328963,0.6793002915451894,0.6034136546184738,0.1993335469773766,0.425531914893617,0.2248995983935743
NASA,PC5,RandomForest,1718,38,0.27357392316647267,3,5,0.5555555555555556,0.3723404255319149,0.445859872611465,0.5748659143209004,0.7463556851311953,0.7766384687686918,0.29936768964811217,0.3723404255319149,0.11244979919678715
NASA,PC5,KNN,1718,38,0.27357392316647267,3,5,0.578125,0.39361702127659576,0.46835443037974683,0.5923982254562482,0.7551020408163265,0.6891822609587285,0.32650931895762636,0.39361702127659576,0.10843373493975904
Promise,ant-1.7,Dummy,724,20,0.2292817679558011,1,1,0.2777777777777778,0.30303030303030304,0.2898550724637681,0.48237328147813363,0.6620689655172414,0.5354437229437229,0.06879720753901176,0.30303030303030304,0.23214285714285715
Promise,ant-1.7,LogisticRegression,724,20,0.2292817679558011,1,1,0.45652173913043476,0.6363636363636364,0.5316455696202531,0.7030776499208191,0.7448275862068966,0.7932900432900433,0.3722001489916858,0.6363636363636364,0.22321428571428573
Promise,ant-1.7,GaussianNB,724,20,0.2292817679558011,1,1,0.5,0.42424242424242425,0.45901639344262296,0.6092717958449424,0.7724137931034483,0.7840909090909091,0.3178463284769678,0.42424242424242425,0.125
Promise,ant-1.7,DecisionTree,724,20,0.2292817679558011,1,1,0.3888888888888889,0.42424242424242425,0.4057971014492754,0.5838742081211422,0.7172413793103448,0.6090367965367967,0.22109636926659504,0.42424242424242425,0.19642857142857142
Promise,ant-1.7,RandomForest,724,20,0.2292817679558011,1,1,0.6,0.45454545454545453,0.5172413793103449,0.6433980408433327,0.8068965517241379,0.8130411255411255,0.40542185821300153,0.45454545454545453,0.08928571428571429
Promise,ant-1.7,KNN,724,20,0.2292817679558011,1,1,0.5769230769230769,0.45454545454545453,0.5084745762711864,0.6402363605752155,0.8,0.7807088744588745,0.38945711197190575,0.45454545454545453,0.09821428571428571
Promise,ant-1.7,Dummy,724,20,0.2292817679558011,1,2,0.2777777777777778,0.30303030303030304,0.2898550724637681,0.48237328147813363,0.6620689655172414,0.5354437229437229,0.06879720753901176,0.30303030303030304,0.23214285714285715
Promise,ant-1.7,LogisticRegression,724,20,0.2292817679558011,1,2,0.575,0.696969696969697,0.6301369863013698,0.7688820804776593,0.8137931034482758,0.8081709956709956,0.5114279088768512,0.696969696969697,0.15178571428571427
Promise,ant-1.7,GaussianNB,724,20,0.2292817679558011,1,2,0.59375,0.5757575757575758,0.5846153846153846,0.7133922984085064,0.8137931034482758,0.831439393939394,0.46474335268910777,0.5757575757575758,0.11607142857142858
Promise,ant-1.7,DecisionTree,724,20,0.2292817679558011,1,2,0.3333333333333333,0.42424242424242425,0.37333333333333335,0.5640760748177662,0.6758620689655173,0.5945616883116884,0.16105589609560095,0.42424242424242425,0.25
Promise,ant-1.7,RandomForest,724,20,0.2292817679558011,1,2,0.5357142857142857,0.45454545454545453,0.4918032786885246,0.6338656910463873,0.7862068965517242,0.8214285714285714,0.3595169592447439,0.45454545454545453,0.11607142857142858
Promise,ant-1.7,KNN,724,20,0.2292817679558011,1,2,0.5625,0.2727272727272727,0.3673469387755102,0.5056498968474316,0.7862068965517242,0.7432359307359309,0.2813197294345585,0.2727272727272727,0.0625
Promise,ant-1.7,Dummy,724,20,0.2292817679558011,1,3,0.16666666666666666,0.18181818181818182,0.17391304347826086,0.36485186462026353,0.6068965517241379,0.45698051948051954,-0.08350195418857152,0.18181818181818182,0.26785714285714285
Promise,ant-1.7,LogisticRegression,724,20,0.2292817679558011,1,3,0.5306122448979592,0.7878787878787878,0.6341463414634146,0.791253594672562,0.7931034482758621,0.8287337662337663,0.5163502504603106,0.7878787878787878,0.20535714285714285
Promise,ant-1.7,GaussianNB,724,20,0.2292817679558011,1,3,0.6129032258064516,0.5757575757575758,0.59375,0.7169862370152331,0.8206896551724138,0.8093885281385282,0.47923511633551547,0.5757575757575758,0.10714285714285714
Promise,ant-1.7,DecisionTree,724,20,0.2292817679558011,1,3,0.5,0.6363636363636364,0.56,0.7190587281616534,0.7724137931034483,0.7422889610389609,0.4148939932027981,0.6363636363636364,0.1875
Promise,ant-1.7,RandomForest,724,20,0.2292817679558011,1,3,0.6428571428571429,0.5454545454545454,0.5901639344262295,0.7048072408490471,0.8275862068965517,0.8488906926406927,0.4845288515480721,0.5454545454545454,0.08928571428571429
Promise,ant-1.7,KNN,724,20,0.2292817679558011,1,3,0.6363636363636364,0.42424242424242425,0.509090909090909,0.6276459144608478,0.8137931034482758,0.8245400432900434,0.4123326393761763,0.42424242424242425,0.07142857142857142
Promise,ant-1.7,Dummy,724,20,0.2292817679558011,1,4,0.058823529411764705,0.058823529411764705,0.058823529411764705,0.20461034872794504,0.5586206896551724,0.38526762056173824,-0.2294647588765236,0.058823529411764705,0.2882882882882883
Promise,ant-1.7,LogisticRegression,724,20,0.2292817679558011,1,4,0.5555555555555556,0.5882352941176471,0.5714285714285714,0.7095383154500396,0.7931034482758621,0.7904080551139374,0.43552046481079265,0.5882352941176471,0.14414414414414414
Promise,ant-1.7,GaussianNB,724,20,0.2292817679558011,1,4,0.5483870967741935,0.5,0.5230769230769231,0.661012055061734,0.7862068965517242,0.7745098039215687,0.38636056567773513,0.5,0.12612612612612611
Promise,ant-1.7,DecisionTree,724,20,0.2292817679558011,1,4,0.5517241379310345,0.47058823529411764,0.5079365079365079,0.6445729577225832,0.7862068965517242,0.6829623741388448,0.37439228270098185,0.47058823529411764,0.11711711711711711
Promise,ant-1.7,RandomForest,724,20,0.2292817679558011,1,4,0.8095238095238095,0.5,0.6181818181818182,0.6942492218086974,0.8551724137931035,0.8396926338102808,0.5585534108644977,0.5,0.036036036036036036
Promise,ant-1.7,KNN,724,20,0.2292817679558011,1,4,0.5714285714285714,0.35294117647058826,0.43636363636363634,0.5694947974514994,0.7862068965517242,0.7636459989401166,0.32728486553225283,0.35294117647058826,0.08108108108108109
Promise,ant-1.7,Dummy,724,20,0.2292817679558011,1,5,0.2222222222222222,0.24242424242424243,0.2318840579710145,0.42576070893423373,0.6319444444444444,0.4950859950859951,-0.009539396783869041,0.24242424242424243,0.25225225225225223
Promise,ant-1.7,LogisticRegression,724,20,0.2292817679558011,1,5,0.4807692307692308,0.7575757575757576,0.5882352941176471,0.7571661464306056,0.7569444444444444,0.8372918372918372,0.4500563084898937,0.7575757575757576,0.24324324324324326
Promise,ant-1.7,GaussianNB,724,20,0.2292817679558011,1,5,0.5641025641025641,0.6666666666666666,0.6111111111111112,0.7513751157474969,0.8055555555555556,0.8288288288288288,0.485672354450648,0.6666666666666666,0.15315315315315314
Promise,ant-1.7,DecisionTree,724,20,0.2292817679558011,1,5,0.43478260869565216,0.6060606060606061,0.5063291139240507,0.681249193834726,0.7291666666666666,0.6849576849576848,0.335171200221239,0.6060606060606061,0.23423423423423423
Promise,ant-1.7,RandomForest,724,20,0.2292817679558011,1,5,0.6296296296296297,0.5151515151515151,0.5666666666666667,0.6846469665027873,0.8194444444444444,0.8681408681408681,0.45771520567183427,0.5151515151515151,0.09009009009009009
Promise,ant-1.7,KNN,724,20,0.2292817679558011,1,5,0.65,0.3939393939393939,0.49056603773584906,0.6075330189350774,0.8125,0.8323778323778324,0.40212245016695025,0.3939393939393939,0.06306306306306306
Promise,ant-1.7,Dummy,724,20,0.2292817679558011,2,1,0.2222222222222222,0.24242424242424243,0.2318840579710145,0.4264014327112209,0.6344827586206897,0.4962121212121212,-0.007352373324779882,0.24242424242424243,0.25
Promise,ant-1.7,LogisticRegression,724,20,0.2292817679558011,2,1,0.5111111111111111,0.696969696969697,0.5897435897435898,0.7483748626623794,0.7793103448275862,0.8116883116883117,0.4536276207177185,0.696969696969697,0.19642857142857142
Promise,ant-1.7,GaussianNB,724,20,0.2292817679558011,2,1,0.5588235294117647,0.5757575757575758,0.5671641791044776,0.706149549420791,0.8,0.8166937229437229,0.43723936564476823,0.5757575757575758,0.13392857142857142
Promise,ant-1.7,DecisionTree,724,20,0.2292817679558011,2,1,0.46153846153846156,0.5454545454545454,0.5,0.6657190234489458,0.7517241379310344,0.6873647186147186,0.3384609949437275,0.5454545454545454,0.1875
Promise,ant-1.7,RandomForest,724,20,0.2292817679558011,2,1,0.6551724137931034,0.5757575757575758,0.6129032258064516,0.7241206041472991,0.8344827586206897,0.8423971861471862,0.509912563593821,0.5757575757575758,0.08928571428571429
Promise,ant-1.7,KNN,724,20,0.2292817679558011,2,1,0.7368421052631579,0.42424242424242425,0.5384615384615384,0.6366341416410451,0.8344827586206897,0.8054653679653678,0.4716606191065725,0.42424242424242425,0.044642857142857144
Promise,ant-1.7,Dummy,724,20,0.2292817679558011,2,2,0.2777777777777778,0.30303030303030304,0.2898550724637681,0.48237328147813363,0.6620689655172414,0.5354437229437229,0.06879720753901176,0.30303030303030304,0.23214285714285715
Promise,ant-1.7,LogisticRegression,724,20,0.2292817679558011,2,2,0.4339622641509434,0.696969696969697,0.5348837209302325,0.7143398247902641,0.7241379310344828,0.7949134199134199,0.3735986973117018,0.696969696969697,0.26785714285714285
Promise,ant-1.7,GaussianNB,724,20,0.2292817679558011,2,2,0.4594594594594595,0.5151515151515151,0.4857142857142857,0.650507627288238,0.7517241379310344,0.7586580086580086,0.3236992247666365,0.5151515151515151,0.17857142857142858
Promise,ant-1.7,DecisionTree,724,20,0.2292817679558011,2,2,0.36363636363636365,0.48484848484848486,0.4155844155844156,0.6030226891555273,0.6896551724137931,0.6325757575757577,0.2141739856764195,0.48484848484848486,0.25
Promise,ant-1.7,RandomForest,724,20,0.2292817679558011,2,2,0.6060606060606061,0.6060606060606061,0.6060606060606061,0.7319250547113999,0.8206896551724138,0.8260281385281385,0.4899891774891775,0.6060606060606061,0.11607142857142858
Promise,ant-1.7,KNN,724,20,0.2292817679558011,2,2,0.5714285714285714,0.36363636363636365,0.4444444444444444,0.5782867665921333,0.7931034482758621,0.7670454545454546,0.3374894571692588,0.36363636363636365,0.08035714285714286
Promise,ant-1.7,Dummy,724,20,0.2292817679558011,2,3,0.1388888888888889,0.15151515151515152,0.14492753623188406,0.33102556106428105,0.593103448275862,0.43736471861471865,-0.12157674462046734,0.15151515151515152,0.2767857142857143
Promise,ant-1.7,LogisticRegression,724,20,0.2292817679558011,2,3,0.4772727272727273,0.6363636363636364,0.5454545454545454,0.7111130839619098,0.7586206896551724,0.8079004329004329,0.39306354744531824,0.6363636363636364,0.20535714285714285
Promise,ant-1.7,GaussianNB,724,20,0.2292817679558011,2,3,0.5,0.45454545454545453,0.47619047619047616,0.6274303396942414,0.7724137931034483,0.7556818181818182,0.3318507637755376,0.45454545454545453,0.13392857142857142
Promise,ant-1.7,DecisionTree,724,20,0.2292817679558011,2,3,0.46875,0.45454545454545453,0.46153846153846156,0.6209282954190025,0.7586206896551724,0.6584145021645021,0.3060905306998891,0.45454545454545453,0.15178571428571427
Promise,ant-1.7,RandomForest,724,20,0.2292817679558011,2,3,0.5909090909090909,0.3939393939393939,0.4727272727272727,0.6018999499780257,0.8,0.8173701298701298,0.36648276766640214,0.3939393939393939,0.08035714285714286
Promise,ant-1.7,KNN,724,20,0.2292817679558011,2,3,0.5454545454545454,0.36363636363636365,0.43636363636363634,0.5754727023663513,0.7862068965517242,0.7528409090909092,0.3206328959566279,0.36363636363636365,0.08928571428571429
Promise,ant-1.7,Dummy,724,20,0.2292817679558011,2,4,0.20588235294117646,0.20588235294117646,0.20588235294117646,0.39471871210422066,0.6275862068965518,0.48131955484896666,-0.037360890302066775,0.20588235294117646,0.24324324324324326
Promise,ant-1.7,LogisticRegression,724,20,0.2292817679558011,2,4,0.5135135135135135,0.5588235294117647,0.5352112676056338,0.6842539715743434,0.7724137931034483,0.7893481717011128,0.38548555849599964,0.5588235294117647,0.16216216216216217
Promise,ant-1.7,GaussianNB,724,20,0.2292817679558011,2,4,0.6428571428571429,0.5294117647058824,0.5806451612903226,0.6940583629124973,0.8206896551724138,0.8314785373608903,0.47153250027276705,0.5294117647058824,0.09009009009009009
Promise,ant-1.7,DecisionTree,724,20,0.2292817679558011,2,4,0.4186046511627907,0.5294117647058824,0.4675324675324675,0.6404489681177697,0.7172413793103448,0.6743508214096449,0.28216726359184185,0.5294117647058824,0.22522522522522523
Promise,ant-1.7,RandomForest,724,20,0.2292817679558011,2,4,0.6666666666666666,0.47058823529411764,0.5517241379310345,0.6608115965112377,0.8206896551724138,0.7774244833068362,0.45430611482373695,0.47058823529411764,0.07207207207207207
Promise,ant-1.7,KNN,724,20,0.2292817679558011,2,4,0.6875,0.3235294117647059,0.44,0.5558381192742792,0.8068965517241379,0.7742448330683623,0.37657104334923264,0.3235294117647059,0.04504504504504504
Promise,ant-1.7,Dummy,724,20,0.2292817679558011,2,5,0.2222222222222222,0.24242424242424243,0.2318840579710145,0.42576070893423373,0.6319444444444444,0.4950859950859951,-0.009539396783869041,0.24242424242424243,0.25225225225225223
Promise,ant-1.7,LogisticRegression,724,20,0.2292817679558011,2,5,0.625,0.7575757575757576,0.684931506849315,0.8094446585163529,0.8402777777777778,0.855036855036855,0.584076485698013,0.7575757575757576,0.13513513513513514
Promise,ant-1.7,GaussianNB,724,20,0.2292817679558011,2,5,0.7333333333333333,0.6666666666666666,0.6984126984126984,0.7865231202060233,0.8680555555555556,0.8770133770133771,0.6153558916592214,0.6666666666666666,0.07207207207207207
Promise,ant-1.7,DecisionTree,724,20,0.2292817679558011,2,5,0.5,0.5151515151515151,0.5074626865671642,0.6604955989667427,0.7708333333333334,0.6927381927381927,0.35825252797352214,0.5151515151515151,0.15315315315315314
Promise,ant-1.7,RandomForest,724,20,0.2292817679558011,2,5,0.7894736842105263,0.45454545454545453,0.5769230769230769,0.6619406606074583,0.8472222222222222,0.8914823914823915,0.5197468770873754,0.45454545454545453,0.036036036036036036
Promise,ant-1.7,KNN,724,20,0.2292817679558011,2,5,0.6666666666666666,0.30303030303030304,0.4166666666666667,0.537940786128259,0.8055555555555556,0.8061698061698062,0.35495464556955025,0.30303030303030304,0.04504504504504504
Promise,ant-1.7,Dummy,724,20,0.2292817679558011,3,1,0.19444444444444445,0.21212121212121213,0.2028985507246377,0.39648073054937955,0.6206896551724138,0.4765963203463204,-0.04542716375667571,0.21212121212121213,0.25892857142857145
Promise,ant-1.7,LogisticRegression,724,20,0.2292817679558011,3,1,0.5142857142857142,0.5454545454545454,0.5294117647058824,0.6801928679884387,0.7793103448275862,0.8079004329004329,0.38571510560059785,0.5454545454545454,0.15178571428571427
Promise,ant-1.7,GaussianNB,724,20,0.2292817679558011,3,1,0.48148148148148145,0.3939393939393939,0.43333333333333335,0.5871089930302291,0.7655172413793103,0.7770562770562771,0.28966599679173627,0.3939393939393939,0.125
Promise,ant-1.7,DecisionTree,724,20,0.2292817679558011,3,1,0.34146341463414637,0.42424242424242425,0.3783783783783784,0.5674237366992123,0.6827586206896552,0.5960497835497836,0.1705352214128293,0.42424242424242425,0.24107142857142858
Promise,ant-1.7,RandomForest,724,20,0.2292817679558011,3,1,0.5,0.3333333333333333,0.4,0.5482656637937835,0.7724137931034483,0.8103354978354979,0.2747830242468537,0.3333333333333333,0.09821428571428571
Promise,ant-1.7,KNN,724,20,0.2292817679558011,3,1,0.5,0.2727272727272727,0.35294117647058826,0.5008110305411496,0.7724137931034483,0.796672077922078,0.24460509922302628,0.2727272727272727,0.08035714285714286
Promise,ant-1.7,Dummy,724,20,0.2292817679558011,3,2,0.25,0.2727272727272727,0.2608695652173913,0.4549511176824599,0.6482758620689655,0.515827922077922,0.03072241710711594,0.2727272727272727,0.24107142857142858
Promise,ant-1.7,LogisticRegression,724,20,0.2292817679558011,3,2,0.4230769230769231,0.6666666666666666,0.5176470588235295,0.6986381310057719,0.7172413793103448,0.7878787878787878,0.3486489456199369,0.6666666666666666,0.26785714285714285
Promise,ant-1.7,GaussianNB,724,20,0.2292817679558011,3,2,0.64,0.48484848484848486,0.5517241379310345,0.6677480407215328,0.8206896551724138,0.795319264069264,0.4489671689099536,0.48484848484848486,0.08035714285714286
Promise,ant-1.7,DecisionTree,724,20,0.2292817679558011,3,2,0.3902439024390244,0.48484848484848486,0.43243243243243246,0.6136964857512031,0.7103448275862069,0.6350108225108226,0.24358575938878277,0.48484848484848486,0.22321428571428573
Promise,ant-1.7,RandomForest,724,20,0.2292817679558011,3,2,0.6956521739130435,0.48484848484848486,0.5714285714285714,0.6741998624632421,0.8344827586206897,0.8260281385281385,0.48472239847264215,0.48484848484848486,0.0625
Promise,ant-1.7,KNN,724,20,0.2292817679558011,3,2,0.7058823529411765,0.36363636363636365,0.48,0.5894086845327251,0.8206896551724138,0.7951839826839826,0.4157367132903972,0.36363636363636365,0.044642857142857144
Promise,ant-1.7,Dummy,724,20,0.2292817679558011,3,3,0.2222222222222222,0.24242424242424243,0.2318840579710145,0.4264014327112209,0.6344827586206897,0.4962121212121212,-0.007352373324779882,0.24242424242424243,0.25
Promise,ant-1.7,LogisticRegression,724,20,0.2292817679558011,3,3,0.44,0.6666666666666666,0.5301204819277109,0.7071067811865476,0.7310344827586207,0.7575757575757575,0.3675428128779634,0.6666666666666666,0.25
Promise,ant-1.7,GaussianNB,724,20,0.2292817679558011,3,3,0.4888888888888889,0.6666666666666666,0.5641025641025641,0.727847446077751,0.7655172413793103,0.7943722943722944,0.41807302341822167,0.6666666666666666,0.20535714285714285
Promise,ant-1.7,DecisionTree,724,20,0.2292817679558011,3,3,0.5128205128205128,0.6060606060606061,0.5555555555555556,0.7093988675257054,0.7793103448275862,0.7192911255411254,0.4126512357099263,0.6060606060606061,0.16964285714285715
Promise,ant-1.7,RandomForest,724,20,0.2292817679558011,3,3,0.5625,0.5454545454545454,0.5538461538461539,0.6908492797077574,0.8,0.7970779220779222,0.4250801471918031,0.5454545454545454,0.125
Promise,ant-1.7,KNN,724,20,0.2292817679558011,3,3,0.5,0.3333333333333333,0.4,0.5482656637937835,0.7724137931034483,0.6792478354978355,0.2747830242468537,0.3333333333333333,0.09821428571428571
Promise,ant-1.7,Dummy,724,20,0.2292817679558011,3,4,0.29411764705882354,0.29411764705882354,0.29411764705882354,0.4801298181631174,0.6689655172413793,0.5389507154213037,0.07790143084260731,0.29411764705882354,0.21621621621621623
Promise,ant-1.7,LogisticRegression,724,20,0.2292817679558011,3,4,0.6,0.7941176470588235,0.6835443037974683,0.8156848732204343,0.8275862068965517,0.8648648648648648,0.5787369065432327,0.7941176470588235,0.16216216216216217
Promise,ant-1.7,GaussianNB,724,20,0.2292817679558011,3,4,0.6285714285714286,0.6470588235294118,0.6376811594202898,0.7558287898145013,0.8275862068965517,0.8247217806041336,0.5246850416597102,0.6470588235294118,0.11711711711711711
Promise,ant-1.7,DecisionTree,724,20,0.2292817679558011,3,4,0.4772727272727273,0.6176470588235294,0.5384615384615384,0.6997614855970284,0.7517241379310344,0.7099894011658717,0.37823650745285775,0.6176470588235294,0.2072072072072072
Promise,ant-1.7,RandomForest,724,20,0.2292817679558011,3,4,0.7307692307692307,0.5588235294117647,0.6333333333333333,0.7235899432243009,0.8482758620689655,0.8630100688924218,0.5475360075405681,0.5588235294117647,0.06306306306306306
Promise,ant-1.7,KNN,724,20,0.2292817679558011,3,4,0.6190476190476191,0.38235294117647056,0.4727272727272727,0.595647523660622,0.8,0.7913354531001591,0.37353857459870177,0.38235294117647056,0.07207207207207207
Promise,ant-1.7,Dummy,724,20,0.2292817679558011,3,5,0.1388888888888889,0.15151515151515152,0.14492753623188406,0.33045439806440646,0.5902777777777778,0.43611793611793614,-0.12401215819029753,0.15151515151515152,0.27927927927927926
Promise,ant-1.7,LogisticRegression,724,20,0.2292817679558011,3,5,0.4878048780487805,0.6060606060606061,0.5405405405405406,0.7009996372327817,0.7638888888888888,0.8228228228228228,0.38824872394687643,0.6060606060606061,0.1891891891891892
Promise,ant-1.7,GaussianNB,724,20,0.2292817679558011,3,5,0.6,0.5454545454545454,0.5714285714285714,0.6974858324629156,0.8125,0.8321048321048321,0.4526171434518241,0.5454545454545454,0.10810810810810811
Promise,ant-1.7,DecisionTree,724,20,0.2292817679558011,3,5,0.475,0.5757575757575758,0.5205479452054794,0.6832499299893612,0.7569444444444444,0.7044772044772044,0.36274223848613435,0.5757575757575758,0.1891891891891892
Promise,ant-1.7,RandomForest,724,20,0.2292817679558011,3,5,0.6428571428571429,0.5454545454545454,0.5901639344262295,0.704495916464032,0.8263888888888888,0.8318318318318318,0.4835813871406643,0.5454545454545454,0.09009009009009009
Promise,ant-1.7,KNN,724,20,0.2292817679558011,3,5,0.75,0.45454545454545453,0.5660377358490566,0.658840218922945,0.8402777777777778,0.8402948402948403,0.49767629971157207,0.45454545454545453,0.04504504504504504
Promise,camel-1.6,Dummy,884,20,0.2081447963800905,1,1,0.20588235294117646,0.1891891891891892,0.19718309859154928,0.39077193182558895,0.6779661016949152,0.4981660231660232,-0.003786005528687145,0.1891891891891892,0.19285714285714287
Promise,camel-1.6,LogisticRegression,884,20,0.2081447963800905,1,1,0.4,0.7567567567567568,0.5233644859813084,0.7278253428740509,0.711864406779661,0.7833976833976835,0.37984721938998395,0.7567567567567568,0.3
Promise,camel-1.6,GaussianNB,884,20,0.2081447963800905,1,1,0.45454545454545453,0.2702702702702703,0.3389830508474576,0.49709581280096005,0.7796610169491526,0.7164092664092664,0.22746565029296778,0.2702702702702703,0.08571428571428572
Promise,camel-1.6,DecisionTree,884,20,0.2081447963800905,1,1,0.2830188679245283,0.40540540540540543,0.3333333333333333,0.5434765821696418,0.6610169491525424,0.5715250965250966,0.11894489662332397,0.40540540540540543,0.2714285714285714
Promise,camel-1.6,RandomForest,884,20,0.2081447963800905,1,1,0.45454545454545453,0.2702702702702703,0.3389830508474576,0.49709581280096005,0.7796610169491526,0.7115830115830116,0.22746565029296778,0.2702702702702703,0.08571428571428572
Promise,camel-1.6,KNN,884,20,0.2081447963800905,1,1,0.5,0.16216216216216217,0.24489795918367346,0.39396999278162703,0.7909604519774012,0.6579150579150579,0.19297053463580194,0.16216216216216217,0.04285714285714286
Promise,camel-1.6,Dummy,884,20,0.2081447963800905,1,2,0.35294117647058826,0.32432432432432434,0.3380281690140845,0.5228375209939254,0.7344632768361582,0.5835907335907335,0.17256214672858253,0.32432432432432434,0.15714285714285714
Promise,camel-1.6,LogisticRegression,884,20,0.2081447963800905,1,2,0.3142857142857143,0.5945945945945946,0.411214953271028,0.6250868665502346,0.6440677966101694,0.7258687258687259,0.20934943959617033,0.5945945945945946,0.34285714285714286
Promise,camel-1.6,GaussianNB,884,20,0.2081447963800905,1,2,0.46153846153846156,0.32432432432432434,0.38095238095238093,0.5402702026688978,0.7796610169491526,0.6584942084942086,0.25767133084393695,0.32432432432432434,0.1
Promise,camel-1.6,DecisionTree,884,20,0.2081447963800905,1,2,0.2830188679245283,0.40540540540540543,0.3333333333333333,0.5434765821696418,0.6610169491525424,0.5601351351351352,0.11894489662332397,0.40540540540540543,0.2714285714285714
Promise,camel-1.6,RandomForest,884,20,0.2081447963800905,1,2,0.42105263157894735,0.21621621621621623,0.2857142857142857,0.44634941383158466,0.7740112994350282,0.715057915057915,0.18080869265981184,0.21621621621621623,0.07857142857142857
Promise,camel-1.6,KNN,884,20,0.2081447963800905,1,2,0.25925925925925924,0.1891891891891892,0.21875,0.4026936331284146,0.7175141242937854,0.5763513513513514,0.05239849945945729,0.1891891891891892,0.14285714285714285
Promise,camel-1.6,Dummy,884,20,0.2081447963800905,1,3,0.20588235294117646,0.1891891891891892,0.19718309859154928,0.39077193182558895,0.6779661016949152,0.4981660231660232,-0.003786005528687145,0.1891891891891892,0.19285714285714287
Promise,camel-1.6,LogisticRegression,884,20,0.2081447963800905,1,3,0.27941176470588236,0.5135135135135135,0.3619047619047619,0.5777402390207763,0.6214689265536724,0.6388030888030888,0.13669443212758303,0.5135135135135135,0.35
Promise,camel-1.6,GaussianNB,884,20,0.2081447963800905,1,3,0.42105263157894735,0.21621621621621623,0.2857142857142857,0.44634941383158466,0.7740112994350282,0.6464285714285715,0.18080869265981184,0.21621621621621623,0.07857142857142857
Promise,camel-1.6,DecisionTree,884,20,0.2081447963800905,1,3,0.3076923076923077,0.32432432432432434,0.3157894736842105,0.5116405591585383,0.7062146892655368,0.5669884169884171,0.12897643997918642,0.32432432432432434,0.19285714285714287
Promise,camel-1.6,RandomForest,884,20,0.2081447963800905,1,3,0.5,0.24324324324324326,0.32727272727272727,0.47708089209920956,0.7909604519774012,0.6615830115830116,0.2407576189395439,0.24324324324324326,0.06428571428571428
Promise,camel-1.6,KNN,884,20,0.2081447963800905,1,3,0.3333333333333333,0.08108108108108109,0.13043478260869565,0.27857885347990363,0.7740112994350282,0.6114864864864865,0.07074966939711756,0.08108108108108109,0.04285714285714286
Promise,camel-1.6,Dummy,884,20,0.2081447963800905,1,4,0.20588235294117646,0.1891891891891892,0.19718309859154928,0.39077193182558895,0.6779661016949152,0.4981660231660232,-0.003786005528687145,0.1891891891891892,0.19285714285714287
Promise,camel-1.6,LogisticRegression,884,20,0.2081447963800905,1,4,0.32727272727272727,0.4864864864864865,0.391304347826087,0.5982600253360222,0.6836158192090396,0.6855212355212357,0.1952311820040278,0.4864864864864865,0.2642857142857143
Promise,camel-1.6,GaussianNB,884,20,0.2081447963800905,1,4,0.4090909090909091,0.24324324324324326,0.3050847457627119,0.4697407483456919,0.768361581920904,0.6801158301158301,0.18535119411947898,0.24324324324324326,0.09285714285714286
Promise,camel-1.6,DecisionTree,884,20,0.2081447963800905,1,4,0.35135135135135137,0.35135135135135137,0.35135135135135137,0.539555086269874,0.7288135593220338,0.6012548262548263,0.1799227799227799,0.35135135135135137,0.17142857142857143
Promise,camel-1.6,RandomForest,884,20,0.2081447963800905,1,4,0.5,0.21621621621621623,0.3018867924528302,0.45150969409416214,0.7909604519774012,0.7048262548262548,0.22557418788006642,0.21621621621621623,0.05714285714285714
Promise,camel-1.6,KNN,884,20,0.2081447963800905,1,4,0.391304347826087,0.24324324324324326,0.3,0.4678877204190327,0.7627118644067796,0.6180501930501932,0.1732266660579854,0.24324324324324326,0.1
Promise,camel-1.6,Dummy,884,20,0.2081447963800905,1,5,0.20588235294117646,0.19444444444444445,0.2,0.39616214413349043,0.6818181818181818,0.5007936507936508,0.0016217768173329991,0.19444444444444445,0.19285714285714287
Promise,camel-1.6,LogisticRegression,884,20,0.2081447963800905,1,5,0.25925925925925924,0.3888888888888889,0.3111111111111111,0.5270462766947299,0.6477272727272727,0.6248015873015873,0.09024253367033361,0.3888888888888889,0.2857142857142857
Promise,camel-1.6,GaussianNB,884,20,0.2081447963800905,1,5,0.4117647058823529,0.19444444444444445,0.2641509433962264,0.42491829279939874,0.7784090909090909,0.629563492063492,0.16797838381388278,0.19444444444444445,0.07142857142857142
Promise,camel-1.6,DecisionTree,884,20,0.2081447963800905,1,5,0.3333333333333333,0.4444444444444444,0.38095238095238093,0.5855400437691199,0.7045454545454546,0.6236111111111111,0.19551857514700036,0.4444444444444444,0.22857142857142856
Promise,camel-1.6,RandomForest,884,20,0.2081447963800905,1,5,0.2222222222222222,0.05555555555555555,0.08888888888888889,0.22973414586817034,0.7670454545454546,0.6490079365079364,0.01017333329264,0.05555555555555555,0.05
Promise,camel-1.6,KNN,884,20,0.2081447963800905,1,5,0.2857142857142857,0.1111111111111111,0.16,0.3212080372198105,0.7613636363636364,0.5617063492063492,0.059155237499994434,0.1111111111111111,0.07142857142857142
Promise,camel-1.6,Dummy,884,20,0.2081447963800905,2,1,0.23529411764705882,0.21621621621621623,0.22535211267605634,0.4195971592632344,0.6892655367231638,0.5152509652509653,0.03148362492276679,0.21621621621621623,0.18571428571428572
Promise,camel-1.6,LogisticRegression,884,20,0.2081447963800905,2,1,0.3442622950819672,0.5675675675675675,0.42857142857142855,0.6367145399670133,0.6836158192090396,0.7301158301158301,0.24115377448593187,0.5675675675675675,0.2857142857142857
Promise,camel-1.6,GaussianNB,884,20,0.2081447963800905,2,1,0.5263157894736842,0.2702702702702703,0.35714285714285715,0.5028874157261771,0.7966101694915254,0.6990347490347492,0.2705790674165768,0.2702702702702703,0.06428571428571428
Promise,camel-1.6,DecisionTree,884,20,0.2081447963800905,2,1,0.25,0.3783783783783784,0.3010752688172043,0.5146502354656655,0.632768361581921,0.5537644787644788,0.06852900955632298,0.3783783783783784,0.3
Promise,camel-1.6,RandomForest,884,20,0.2081447963800905,2,1,0.36,0.24324324324324326,0.2903225806451613,0.4641594719964416,0.751412429378531,0.649034749034749,0.15056352859527553,0.24324324324324326,0.11428571428571428
Promise,camel-1.6,KNN,884,20,0.2081447963800905,2,1,0.5714285714285714,0.21621621621621623,0.3137254901960784,0.45491736277021455,0.8022598870056498,0.6436293436293437,0.2611882507162282,0.21621621621621623,0.04285714285714286
Promise,camel-1.6,Dummy,884,20,0.2081447963800905,2,2,0.35294117647058826,0.32432432432432434,0.3380281690140845,0.5228375209939254,0.7344632768361582,0.5835907335907335,0.17256214672858253,0.32432432432432434,0.15714285714285714
Promise,camel-1.6,LogisticRegression,884,20,0.2081447963800905,2,2,0.33766233766233766,0.7027027027027027,0.45614035087719296,0.6683697679564409,0.6497175141242938,0.6915057915057915,0.27756945561005053,0.7027027027027027,0.36428571428571427
Promise,camel-1.6,GaussianNB,884,20,0.2081447963800905,2,2,0.34782608695652173,0.21621621621621623,0.26666666666666666,0.43937477516374684,0.751412429378531,0.6779922779922779,0.13190440205223955,0.21621621621621623,0.10714285714285714
Promise,camel-1.6,DecisionTree,884,20,0.2081447963800905,2,2,0.3829787234042553,0.4864864864864865,0.42857142857142855,0.6210590034081188,0.7288135593220338,0.6428571428571428,0.257207155285363,0.4864864864864865,0.20714285714285716
Promise,camel-1.6,RandomForest,884,20,0.2081447963800905,2,2,0.5384615384615384,0.1891891891891892,0.28,0.4255362276952235,0.7966101694915254,0.7194980694980696,0.22809235309040207,0.1891891891891892,0.04285714285714286
Promise,camel-1.6,KNN,884,20,0.2081447963800905,2,2,0.3448275862068966,0.2702702702702703,0.30303030303030304,0.4833122526801215,0.7401129943502824,0.6554054054054055,0.14782164862848585,0.2702702702702703,0.1357142857142857
Promise,camel-1.6,Dummy,884,20,0.2081447963800905,2,3,0.20588235294117646,0.1891891891891892,0.19718309859154928,0.39077193182558895,0.6779661016949152,0.4981660231660232,-0.003786005528687145,0.1891891891891892,0.19285714285714287
Promise,camel-1.6,LogisticRegression,884,20,0.2081447963800905,2,3,0.32727272727272727,0.4864864864864865,0.391304347826087,0.5982600253360222,0.6836158192090396,0.6173745173745174,0.1952311820040278,0.4864864864864865,0.2642857142857143
Promise,camel-1.6,GaussianNB,884,20,0.2081447963800905,2,3,0.5238095238095238,0.2972972972972973,0.3793103448275862,0.5254158125349636,0.7966101694915254,0.67007722007722,0.2840200734032253,0.2972972972972973,0.07142857142857142
Promise,camel-1.6,DecisionTree,884,20,0.2081447963800905,2,3,0.3684210526315789,0.3783783783783784,0.37333333333333335,0.5599227745979918,0.7344632768361582,0.6055019305019306,0.2049418758625258,0.3783783783783784,0.17142857142857143
Promise,camel-1.6,RandomForest,884,20,0.2081447963800905,2,3,0.75,0.24324324324324326,0.3673469387755102,0.4878840928241953,0.8248587570621468,0.7357142857142857,0.35877531439569,0.24324324324324326,0.02142857142857143
Promise,camel-1.6,KNN,884,20,0.2081447963800905,2,3,0.29411764705882354,0.13513513513513514,0.18518518518518517,0.35149982013099745,0.751412429378531,0.6302123552123553,0.06820098286050406,0.13513513513513514,0.08571428571428572
Promise,camel-1.6,Dummy,884,20,0.2081447963800905,2,4,0.23529411764705882,0.21621621621621623,0.22535211267605634,0.4195971592632344,0.6892655367231638,0.5152509652509653,0.03148362492276679,0.21621621621621623,0.18571428571428572
Promise,camel-1.6,LogisticRegression,884,20,0.2081447963800905,2,4,0.3387096774193548,0.5675675675675675,0.42424242424242425,0.6335229682902991,0.6779661016949152,0.6835907335907335,0.23415058938240033,0.5675675675675675,0.29285714285714287
Promise,camel-1.6,GaussianNB,884,20,0.2081447963800905,2,4,0.4,0.2702702702702703,0.3225806451612903,0.4912359324324121,0.7627118644067796,0.6379343629343629,0.19045835578294584,0.2702702702702703,0.10714285714285714
Promise,camel-1.6,DecisionTree,884,20,0.2081447963800905,2,4,0.24489795918367346,0.32432432432432434,0.27906976744186046,0.4884772651925969,0.6497175141242938,0.5297297297297298,0.05456227678088577,0.32432432432432434,0.2642857142857143
Promise,camel-1.6,RandomForest,884,20,0.2081447963800905,2,4,0.35,0.1891891891891892,0.24561403508771928,0.4142724002653588,0.7570621468926554,0.6146718146718146,0.12372881163224314,0.1891891891891892,0.09285714285714286
Promise,camel-1.6,KNN,884,20,0.2081447963800905,2,4,0.21052631578947367,0.10810810810810811,0.14285714285714285,0.31068488300060004,0.7288135593220338,0.6253861003861003,0.0012679431462819905,0.10810810810810811,0.10714285714285714
Promise,camel-1.6,Dummy,884,20,0.2081447963800905,2,5,0.17647058823529413,0.16666666666666666,0.17142857142857143,0.3651483716701107,0.6704545454545454,0.4833333333333334,-0.034057313163992985,0.16666666666666666,0.2
Promise,camel-1.6,LogisticRegression,884,20,0.2081447963800905,2,5,0.30434782608695654,0.5833333333333334,0.4,0.6191391873668903,0.6420454545454546,0.6771825396825396,0.19868767025103753,0.5833333333333334,0.34285714285714286
Promise,camel-1.6,GaussianNB,884,20,0.2081447963800905,2,5,0.4375,0.19444444444444445,0.2692307692307692,0.4265494630689909,0.7840909090909091,0.6166666666666667,0.1826285153068233,0.19444444444444445,0.06428571428571428
Promise,camel-1.6,DecisionTree,884,20,0.2081447963800905,2,5,0.29545454545454547,0.3611111111111111,0.325,0.530236544997413,0.6931818181818182,0.5661706349206349,0.1301200097264711,0.3611111111111111,0.22142857142857142
Promise,camel-1.6,RandomForest,884,20,0.2081447963800905,2,5,0.42857142857142855,0.16666666666666666,0.24,0.3964124835860459,0.7840909090909091,0.7386904761904762,0.16326845549998464,0.16666666666666666,0.05714285714285714
Promise,camel-1.6,KNN,884,20,0.2081447963800905,2,5,0.25,0.08333333333333333,0.125,0.27924217173663163,0.7613636363636364,0.6689484126984127,0.030481997123947505,0.08333333333333333,0.06428571428571428
Promise,camel-1.6,Dummy,884,20,0.2081447963800905,3,1,0.14705882352941177,0.13513513513513514,0.14084507042253522,0.32732683535398854,0.655367231638418,0.46399613899613895,-0.07432526643159501,0.13513513513513514,0.20714285714285716
Promise,camel-1.6,LogisticRegression,884,20,0.2081447963800905,3,1,0.2878787878787879,0.5135135135135135,0.36893203883495146,0.5840545275226373,0.632768361581921,0.6714285714285714,0.1495069194851549,0.5135135135135135,0.3357142857142857
Promise,camel-1.6,GaussianNB,884,20,0.2081447963800905,3,1,0.32,0.21621621621621623,0.25806451612903225,0.4358456033521389,0.7401129943502824,0.6034749034749034,0.11066870140760521,0.21621621621621623,0.12142857142857143
Promise,camel-1.6,DecisionTree,884,20,0.2081447963800905,3,1,0.4098360655737705,0.6756756756756757,0.5102040816326531,0.7084705370941702,0.7288135593220338,0.7312741312741313,0.3580968377297947,0.6756756756756757,0.2571428571428571
Promise,camel-1.6,RandomForest,884,20,0.2081447963800905,3,1,0.5,0.2972972972972973,0.3728813559322034,0.5233910812559036,0.7909604519774012,0.6805019305019305,0.2695801064664566,0.2972972972972973,0.07857142857142857
Promise,camel-1.6,KNN,884,20,0.2081447963800905,3,1,0.23529411764705882,0.10810810810810811,0.14814814814814814,0.31316049889712794,0.7401129943502824,0.6043436293436293,0.021046397054608677,0.10810810810810811,0.09285714285714286
Promise,camel-1.6,Dummy,884,20,0.2081447963800905,3,2,0.23529411764705882,0.21621621621621623,0.22535211267605634,0.4195971592632344,0.6892655367231638,0.5152509652509653,0.03148362492276679,0.21621621621621623,0.18571428571428572
Promise,camel-1.6,LogisticRegression,884,20,0.2081447963800905,3,2,0.3055555555555556,0.5945945945945946,0.4036697247706422,0.6182551109690743,0.632768361581921,0.6955598455598456,0.19655284474124995,0.5945945945945946,0.35714285714285715
Promise,camel-1.6,GaussianNB,884,20,0.2081447963800905,3,2,0.5714285714285714,0.32432432432432434,0.41379310344827586,0.5508855629574109,0.807909604519774,0.6918918918918919,0.32698721271294406,0.32432432432432434,0.06428571428571428
Promise,camel-1.6,DecisionTree,884,20,0.2081447963800905,3,2,0.2037037037037037,0.2972972972972973,0.24175824175824176,0.45385521478171426,0.6101694915254238,0.4957528957528958,-0.00869472520152038,0.2972972972972973,0.30714285714285716
Promise,camel-1.6,RandomForest,884,20,0.2081447963800905,3,2,0.3333333333333333,0.10810810810810811,0.16326530612244897,0.3192655664654457,0.768361581920904,0.7096525096525097,0.08243401479587656,0.10810810810810811,0.05714285714285714
Promise,camel-1.6,KNN,884,20,0.2081447963800905,3,2,0.47058823529411764,0.21621621621621623,0.2962962962962963,0.44979617863717153,0.7853107344632768,0.653957528957529,0.2096647402781902,0.21621621621621623,0.06428571428571428
Promise,camel-1.6,Dummy,884,20,0.2081447963800905,3,3,0.14705882352941177,0.13513513513513514,0.14084507042253522,0.32732683535398854,0.655367231638418,0.46399613899613895,-0.07432526643159501,0.13513513513513514,0.20714285714285716
Promise,camel-1.6,LogisticRegression,884,20,0.2081447963800905,3,3,0.3469387755102041,0.4594594594594595,0.3953488372093023,0.5953487670602455,0.7062146892655368,0.7179536679536679,0.209827919710416,0.4594594594594595,0.22857142857142856
Promise,camel-1.6,GaussianNB,884,20,0.2081447963800905,3,3,0.375,0.16216216216216217,0.22641509433962265,0.38804529449427755,0.768361581920904,0.6277992277992278,0.12866488871799905,0.16216216216216217,0.07142857142857142
Promise,camel-1.6,DecisionTree,884,20,0.2081447963800905,3,3,0.2857142857142857,0.2702702702702703,0.2777777777777778,0.4711769540286558,0.7062146892655368,0.5483590733590733,0.09361609799716743,0.2702702702702703,0.17857142857142858
Promise,camel-1.6,RandomForest,884,20,0.2081447963800905,3,3,0.26666666666666666,0.10810810810810811,0.15384615384615385,0.3156166972989541,0.751412429378531,0.6754826254826254,0.043124434601706486,0.10810810810810811,0.07857142857142857
Promise,camel-1.6,KNN,884,20,0.2081447963800905,3,3,0.2631578947368421,0.13513513513513514,0.17857142857142858,0.34874291623145787,0.7401129943502824,0.6033783783783784,0.04615313052466445,0.13513513513513514,0.1
Promise,camel-1.6,Dummy,884,20,0.2081447963800905,3,4,0.11764705882352941,0.10810810810810811,0.11267605633802817,0.29144825431298255,0.6440677966101694,0.4469111969111969,-0.10959489688304894,0.10810810810810811,0.21428571428571427
Promise,camel-1.6,LogisticRegression,884,20,0.2081447963800905,3,4,0.3333333333333333,0.5405405405405406,0.41237113402061853,0.6213697660012001,0.6779661016949152,0.6272200772200772,0.21889734561215654,0.5405405405405406,0.2857142857142857
Promise,camel-1.6,GaussianNB,884,20,0.2081447963800905,3,4,0.45454545454545453,0.2702702702702703,0.3389830508474576,0.49709581280096005,0.7796610169491526,0.6167953667953668,0.22746565029296778,0.2702702702702703,0.08571428571428572
Promise,camel-1.6,DecisionTree,884,20,0.2081447963800905,3,4,0.34285714285714286,0.32432432432432434,0.3333333333333333,0.5206173941028777,0.7288135593220338,0.5826254826254826,0.16338472682031957,0.32432432432432434,0.16428571428571428
Promise,camel-1.6,RandomForest,884,20,0.2081447963800905,3,4,0.5294117647058824,0.24324324324324326,0.3333333333333333,0.4788983496981686,0.7966101694915254,0.6924710424710425,0.2568193260840856,0.24324324324324326,0.05714285714285714
Promise,camel-1.6,KNN,884,20,0.2081447963800905,3,4,0.46153846153846156,0.16216216216216217,0.24,0.3924972026066607,0.7853107344632768,0.6433397683397684,0.17483068225003115,0.16216216216216217,0.05
Promise,camel-1.6,Dummy,884,20,0.2081447963800905,3,5,0.2647058823529412,0.25,0.2571428571428571,0.4531634835874829,0.7045454545454546,0.5357142857142857,0.07297995677998496,0.25,0.17857142857142858
Promise,camel-1.6,LogisticRegression,884,20,0.2081447963800905,3,5,0.29850746268656714,0.5555555555555556,0.3883495145631068,0.6074928962939559,0.6420454545454546,0.7149801587301587,0.18263072444764772,0.5555555555555556,0.3357142857142857
Promise,camel-1.6,GaussianNB,884,20,0.2081447963800905,3,5,0.37037037037037035,0.2777777777777778,0.31746031746031744,0.4940117600296769,0.7556818181818182,0.7375,0.17499914747363424,0.2777777777777778,0.12142857142857143
Promise,camel-1.6,DecisionTree,884,20,0.2081447963800905,3,5,0.3090909090909091,0.4722222222222222,0.37362637362637363,0.5865557254410011,0.6761363636363636,0.6001984126984128,0.17473955057144486,0.4722222222222222,0.2714285714285714
Promise,camel-1.6,RandomForest,884,20,0.2081447963800905,3,5,0.43478260869565216,0.2777777777777778,0.3389830508474576,0.5019802057692384,0.7784090909090909,0.6870039682539684,0.2213048902124621,0.2777777777777778,0.09285714285714286
Promise,camel-1.6,KNN,884,20,0.2081447963800905,3,5,0.3684210526315789,0.19444444444444445,0.2545454545454545,0.4216370213557839,0.7670454545454546,0.6714285714285715,0.14133140083598483,0.19444444444444445,0.08571428571428572
Promise,jedit-4.3,Dummy,476,20,0.01680672268907563,1,1,1.0,0.5,0.6666666666666666,0.7071067811865476,0.9895833333333334,0.75,0.7033753209384469,0.5,0.0
Promise,jedit-4.3,LogisticRegression,476,20,0.01680672268907563,1,1,0.0,0.0,0.0,0.0,0.90625,0.2978723404255319,-0.0409077023890389,0.0,0.07446808510638298
Promise,jedit-4.3,GaussianNB,476,20,0.01680672268907563,1,1,0.2,0.5,0.2857142857142857,0.6918984060216639,0.9479166666666666,0.8829787234042553,0.29404501984647907,0.5,0.0425531914893617
Promise,jedit-4.3,DecisionTree,476,20,0.01680672268907563,1,1,0.0,0.0,0.0,0.0,0.9479166666666666,0.48404255319148937,-0.026198125853112302,0.0,0.031914893617021274
Promise,jedit-4.3,RandomForest,476,20,0.01680672268907563,1,1,0.0,0.0,0.0,0.0,0.9791666666666666,0.6063829787234043,0.0,0.0,0.0
Promise,jedit-4.3,KNN,476,20,0.01680672268907563,1,1,0.0,0.0,0.0,0.0,0.9791666666666666,0.4946808510638298,0.0,0.0,0.0
Promise,jedit-4.3,Dummy,476,20,0.01680672268907563,1,2,0.0,0.0,0.0,0.0,0.9789473684210527,0.4946808510638298,-0.010638297872340425,0.0,0.010638297872340425
Promise,jedit-4.3,LogisticRegression,476,20,0.01680672268907563,1,2,0.05263157894736842,1.0,0.1,0.8991721961325718,0.8105263157894737,0.9148936170212766,0.20628424925175867,1.0,0.19148936170212766
Promise,jedit-4.3,GaussianNB,476,20,0.01680672268907563,1,2,0.0,0.0,0.0,0.0,0.9368421052631579,0.9148936170212766,-0.024310831916315757,0.0,0.05319148936170213
Promise,jedit-4.3,DecisionTree,476,20,0.01680672268907563,1,2,0.0,0.0,0.0,0.0,0.9368421052631579,0.4734042553191489,-0.024310831916315757,0.0,0.05319148936170213
Promise,jedit-4.3,RandomForest,476,20,0.01680672268907563,1,2,0.0,0.0,0.0,0.0,0.9789473684210527,0.8723404255319149,-0.010638297872340425,0.0,0.010638297872340425
Promise,jedit-4.3,KNN,476,20,0.01680672268907563,1,2,0.0,0.0,0.0,0.0,0.9894736842105263,0.44148936170212766,0.0,0.0,0.0
Promise,jedit-4.3,Dummy,476,20,0.01680672268907563,1,3,0.0,0.0,0.0,0.0,0.9789473684210527,0.4946808510638298,-0.010638297872340425,0.0,0.010638297872340425
Promise,jedit-4.3,LogisticRegression,476,20,0.01680672268907563,1,3,0.0,0.0,0.0,0.0,0.8421052631578947,0.45744680851063835,-0.042880276943775546,0.0,0.14893617021276595
Promise,jedit-4.3,GaussianNB,476,20,0.01680672268907563,1,3,0.2,1.0,0.3333333333333333,0.9784921095801633,0.9578947368421052,0.9946808510638299,0.4375949744936837,1.0,0.0425531914893617
Promise,jedit-4.3,DecisionTree,476,20,0.01680672268907563,1,3,0.0,0.0,0.0,0.0,0.9473684210526315,0.4787234042553192,-0.021624465054518333,0.0,0.0425531914893617
Promise,jedit-4.3,RandomForest,476,20,0.01680672268907563,1,3,0.0,0.0,0.0,0.0,0.9894736842105263,0.9574468085106383,0.0,0.0,0.0
Promise,jedit-4.3,KNN,476,20,0.01680672268907563,1,3,0.0,0.0,0.0,0.0,0.9894736842105263,0.9627659574468085,0.0,0.0,0.0
Promise,jedit-4.3,Dummy,476,20,0.01680672268907563,1,4,0.0,0.0,0.0,0.0,0.968421052631579,0.4946236559139785,-0.015125495013558083,0.0,0.010752688172043012
Promise,jedit-4.3,LogisticRegression,476,20,0.01680672268907563,1,4,0.0625,0.5,0.1111111111111111,0.6475761258027333,0.8315789473684211,0.8279569892473119,0.12993032966778234,0.5,0.16129032258064516
Promise,jedit-4.3,GaussianNB,476,20,0.01680672268907563,1,4,0.125,0.5,0.2,0.6799746990865538,0.9157894736842105,0.9032258064516129,0.21956645971350222,0.5,0.07526881720430108
Promise,jedit-4.3,DecisionTree,476,20,0.01680672268907563,1,4,0.0,0.0,0.0,0.0,0.968421052631579,0.4946236559139785,-0.015125495013558083,0.0,0.010752688172043012
Promise,jedit-4.3,RandomForest,476,20,0.01680672268907563,1,4,0.0,0.0,0.0,0.0,0.9789473684210527,0.5887096774193549,0.0,0.0,0.0
Promise,jedit-4.3,KNN,476,20,0.01680672268907563,1,4,0.0,0.0,0.0,0.0,0.9789473684210527,0.467741935483871,0.0,0.0,0.0
Promise,jedit-4.3,Dummy,476,20,0.01680672268907563,1,5,0.0,0.0,0.0,0.0,0.968421052631579,0.4946236559139785,-0.015125495013558083,0.0,0.010752688172043012
Promise,jedit-4.3,LogisticRegression,476,20,0.01680672268907563,1,5,0.07142857142857142,0.5,0.125,0.6558258357839529,0.8526315789473684,0.6881720430107527,0.1458853908662905,0.5,0.13978494623655913
Promise,jedit-4.3,GaussianNB,476,20,0.01680672268907563,1,5,0.0,0.0,0.0,0.0,0.8947368421052632,0.2956989247311828,-0.044469156397671336,0.0,0.08602150537634409
Promise,jedit-4.3,DecisionTree,476,20,0.01680672268907563,1,5,0.0,0.0,0.0,0.0,0.9578947368421052,0.489247311827957,-0.021505376344086023,0.0,0.021505376344086023
Promise,jedit-4.3,RandomForest,476,20,0.01680672268907563,1,5,0.0,0.0,0.0,0.0,0.9789473684210527,0.5887096774193548,0.0,0.0,0.0
Promise,jedit-4.3,KNN,476,20,0.01680672268907563,1,5,0.0,0.0,0.0,0.0,0.9789473684210527,0.467741935483871,0.0,0.0,0.0
Promise,jedit-4.3,Dummy,476,20,0.01680672268907563,2,1,0.0,0.0,0.0,0.0,0.96875,0.4946808510638298,-0.014965432360392486,0.0,0.010638297872340425
Promise,jedit-4.3,LogisticRegression,476,20,0.01680672268907563,2,1,0.16666666666666666,1.0,0.2857142857142857,0.9453131868733218,0.8958333333333334,0.9468085106382979,0.38592249249397986,1.0,0.10638297872340426
Promise,jedit-4.3,GaussianNB,476,20,0.01680672268907563,2,1,0.3333333333333333,0.5,0.4,0.6995439243733446,0.96875,0.9840425531914894,0.39297188779668457,0.5,0.02127659574468085
Promise,jedit-4.3,DecisionTree,476,20,0.01680672268907563,2,1,0.0,0.0,0.0,0.0,0.9791666666666666,0.5,0.0,0.0,0.0
Promise,jedit-4.3,RandomForest,476,20,0.01680672268907563,2,1,0.0,0.0,0.0,0.0,0.9791666666666666,0.8617021276595744,0.0,0.0,0.0
Promise,jedit-4.3,KNN,476,20,0.01680672268907563,2,1,0.0,0.0,0.0,0.0,0.9791666666666666,0.4627659574468085,0.0,0.0,0.0
Promise,jedit-4.3,Dummy,476,20,0.01680672268907563,2,2,0.0,0.0,0.0,0.0,0.9789473684210527,0.4946808510638298,-0.010638297872340425,0.0,0.010638297872340425
Promise,jedit-4.3,LogisticRegression,476,20,0.01680672268907563,2,2,0.0,0.0,0.0,0.0,0.8842105263157894,0.4042553191489362,-0.03537745688386126,0.0,0.10638297872340426
Promise,jedit-4.3,GaussianNB,476,20,0.01680672268907563,2,2,0.0,0.0,0.0,0.0,0.9473684210526315,0.7234042553191489,-0.021624465054518333,0.0,0.0425531914893617
Promise,jedit-4.3,DecisionTree,476,20,0.01680672268907563,2,2,0.0,0.0,0.0,0.0,0.968421052631579,0.48936170212765956,-0.015125495013558083,0.0,0.02127659574468085
Promise,jedit-4.3,RandomForest,476,20,0.01680672268907563,2,2,0.0,0.0,0.0,0.0,0.9789473684210527,0.26595744680851063,-0.010638297872340425,0.0,0.010638297872340425
Promise,jedit-4.3,KNN,476,20,0.01680672268907563,2,2,0.0,0.0,0.0,0.0,0.9894736842105263,0.48936170212765956,0.0,0.0,0.0
Promise,jedit-4.3,Dummy,476,20,0.01680672268907563,2,3,0.0,0.0,0.0,0.0,0.9789473684210527,0.4946808510638298,-0.010638297872340425,0.0,0.010638297872340425
Promise,jedit-4.3,LogisticRegression,476,20,0.01680672268907563,2,3,0.0,0.0,0.0,0.0,0.8631578947368421,0.3670212765957447,-0.03921819937562261,0.0,0.1276595744680851
Promise,jedit-4.3,GaussianNB,476,20,0.01680672268907563,2,3,0.0,0.0,0.0,0.0,0.9263157894736842,0.18617021276595747,-0.026780377529213806,0.0,0.06382978723404255
Promise,jedit-4.3,DecisionTree,476,20,0.01680672268907563,2,3,0.0,0.0,0.0,0.0,0.9578947368421052,0.48404255319148937,-0.018625278993247812,0.0,0.031914893617021274
Promise,jedit-4.3,RandomForest,476,20,0.01680672268907563,2,3,0.0,0.0,0.0,0.0,0.9894736842105263,0.35638297872340424,0.0,0.0,0.0
Promise,jedit-4.3,KNN,476,20,0.01680672268907563,2,3,0.0,0.0,0.0,0.0,0.9894736842105263,0.48936170212765956,0.0,0.0,0.0
Promise,jedit-4.3,Dummy,476,20,0.01680672268907563,2,4,0.0,0.0,0.0,0.0,0.968421052631579,0.4946236559139785,-0.015125495013558083,0.0,0.010752688172043012
Promise,jedit-4.3,LogisticRegression,476,20,0.01680672268907563,2,4,0.0,0.0,0.0,0.0,0.7684210526315789,0.3387096774193548,-0.0757282445662753,0.0,0.21505376344086022
Promise,jedit-4.3,GaussianNB,476,20,0.01680672268907563,2,4,0.16666666666666666,0.5,0.25,0.6878359394287947,0.9368421052631579,0.913978494623656,0.26336071448435866,0.5,0.053763440860215055
Promise,jedit-4.3,DecisionTree,476,20,0.01680672268907563,2,4,0.0,0.0,0.0,0.0,0.9368421052631579,0.478494623655914,-0.03074558940517994,0.0,0.043010752688172046
Promise,jedit-4.3,RandomForest,476,20,0.01680672268907563,2,4,0.0,0.0,0.0,0.0,0.968421052631579,0.696236559139785,-0.015125495013558083,0.0,0.010752688172043012
Promise,jedit-4.3,KNN,476,20,0.01680672268907563,2,4,0.0,0.0,0.0,0.0,0.968421052631579,0.45161290322580644,-0.015125495013558083,0.0,0.010752688172043012
Promise,jedit-4.3,Dummy,476,20,0.01680672268907563,2,5,0.0,0.0,0.0,0.0,0.968421052631579,0.4946236559139785,-0.015125495013558083,0.0,0.010752688172043012
Promise,jedit-4.3,LogisticRegression,476,20,0.01680672268907563,2,5,0.0,0.0,0.0,0.0,0.8105263157894737,0.043010752688172005,-0.06599635792649262,0.0,0.17204301075268819
Promise,jedit-4.3,GaussianNB,476,20,0.01680672268907563,2,5,0.07692307692307693,0.5,0.13333333333333333,0.6599120175960898,0.8631578947368421,0.5376344086021505,0.15495800494331236,0.5,0.12903225806451613
Promise,jedit-4.3,DecisionTree,476,20,0.01680672268907563,2,5,0.0,0.0,0.0,0.0,0.9789473684210527,0.5,0.0,0.0,0.0
Promise,jedit-4.3,RandomForest,476,20,0.01680672268907563,2,5,0.0,0.0,0.0,0.0,0.9789473684210527,0.9032258064516129,0.0,0.0,0.0
Promise,jedit-4.3,KNN,476,20,0.01680672268907563,2,5,0.0,0.0,0.0,0.0,0.9789473684210527,0.717741935483871,0.0,0.0,0.0
Promise,jedit-4.3,Dummy,476,20,0.01680672268907563,3,1,0.0,0.0,0.0,0.0,0.96875,0.4946808510638298,-0.014965432360392486,0.0,0.010638297872340425
Promise,jedit-4.3,LogisticRegression,476,20,0.01680672268907563,3,1,0.0,0.0,0.0,0.0,0.84375,0.4627659574468085,-0.057727626415577826,0.0,0.13829787234042554
Promise,jedit-4.3,GaussianNB,476,20,0.01680672268907563,3,1,0.0,0.0,0.0,0.0,0.9270833333333334,0.425531914893617,-0.034191281377497565,0.0,0.05319148936170213
Promise,jedit-4.3,DecisionTree,476,20,0.01680672268907563,3,1,0.0,0.0,0.0,0.0,0.9270833333333334,0.4734042553191489,-0.034191281377497565,0.0,0.05319148936170213
Promise,jedit-4.3,RandomForest,476,20,0.01680672268907563,3,1,0.0,0.0,0.0,0.0,0.96875,0.5531914893617021,-0.014965432360392486,0.0,0.010638297872340425
Promise,jedit-4.3,KNN,476,20,0.01680672268907563,3,1,0.0,0.0,0.0,0.0,0.9791666666666666,0.4521276595744681,0.0,0.0,0.0
Promise,jedit-4.3,Dummy,476,20,0.01680672268907563,3,2,0.0,0.0,0.0,0.0,0.9789473684210527,0.4946808510638298,-0.010638297872340425,0.0,0.010638297872340425
Promise,jedit-4.3,LogisticRegression,476,20,0.01680672268907563,3,2,0.058823529411764705,1.0,0.1111111111111111,0.9109265799407509,0.8315789473684211,1.0,0.22093214742813916,1.0,0.1702127659574468
Promise,jedit-4.3,GaussianNB,476,20,0.01680672268907563,3,2,0.3333333333333333,1.0,0.5,0.9893045053244826,0.9789473684210527,1.0,0.5711752224595996,1.0,0.02127659574468085
Promise,jedit-4.3,DecisionTree,476,20,0.01680672268907563,3,2,0.0,0.0,0.0,0.0,0.9789473684210527,0.4946808510638298,-0.010638297872340425,0.0,0.010638297872340425
Promise,jedit-4.3,RandomForest,476,20,0.01680672268907563,3,2,0.0,0.0,0.0,0.0,0.9894736842105263,0.925531914893617,0.0,0.0,0.0
Promise,jedit-4.3,KNN,476,20,0.01680672268907563,3,2,0.0,0.0,0.0,0.0,0.9894736842105263,0.46808510638297873,0.0,0.0,0.0
Promise,jedit-4.3,Dummy,476,20,0.01680672268907563,3,3,0.0,0.0,0.0,0.0,0.9789473684210527,0.4946808510638298,-0.010638297872340425,0.0,0.010638297872340425
Promise,jedit-4.3,LogisticRegression,476,20,0.01680672268907563,3,3,0.0,0.0,0.0,0.0,0.8526315789473684,0.7127659574468085,-0.04106774182720152,0.0,0.13829787234042554
Promise,jedit-4.3,GaussianNB,476,20,0.01680672268907563,3,3,0.0,0.0,0.0,0.0,0.8947368421052632,0.7872340425531915,-0.033366303997509686,0.0,0.09574468085106383
Promise,jedit-4.3,DecisionTree,476,20,0.01680672268907563,3,3,0.0,0.0,0.0,0.0,0.9473684210526315,0.4787234042553192,-0.021624465054518333,0.0,0.0425531914893617
Promise,jedit-4.3,RandomForest,476,20,0.01680672268907563,3,3,0.0,0.0,0.0,0.0,0.968421052631579,0.23404255319148937,-0.015125495013558083,0.0,0.02127659574468085
Promise,jedit-4.3,KNN,476,20,0.01680672268907563,3,3,0.0,0.0,0.0,0.0,0.9894736842105263,0.4734042553191489,0.0,0.0,0.0
Promise,jedit-4.3,Dummy,476,20,0.01680672268907563,3,4,0.0,0.0,0.0,0.0,0.968421052631579,0.4946236559139785,-0.015125495013558083,0.0,0.010752688172043012
Promise,jedit-4.3,LogisticRegression,476,20,0.01680672268907563,3,4,0.0,0.0,0.0,0.0,0.8421052631578947,0.021505376344086002,-0.058389972877190166,0.0,0.13978494623655913
Promise,jedit-4.3,GaussianNB,476,20,0.01680672268907563,3,4,0.0,0.0,0.0,0.0,0.8947368421052632,0.08064516129032256,-0.044469156397671336,0.0,0.08602150537634409
Promise,jedit-4.3,DecisionTree,476,20,0.01680672268907563,3,4,0.0,0.0,0.0,0.0,0.968421052631579,0.4946236559139785,-0.015125495013558083,0.0,0.010752688172043012
Promise,jedit-4.3,RandomForest,476,20,0.01680672268907563,3,4,0.0,0.0,0.0,0.0,0.9789473684210527,0.7634408602150538,0.0,0.0,0.0
Promise,jedit-4.3,KNN,476,20,0.01680672268907563,3,4,0.0,0.0,0.0,0.0,0.9789473684210527,0.7311827956989247,0.0,0.0,0.0
Promise,jedit-4.3,Dummy,476,20,0.01680672268907563,3,5,0.0,0.0,0.0,0.0,0.968421052631579,0.4946236559139785,-0.015125495013558083,0.0,0.010752688172043012
Promise,jedit-4.3,LogisticRegression,476,20,0.01680672268907563,3,5,0.2,0.5,0.2857142857142857,0.6917330580909907,0.9473684210526315,0.6612903225806452,0.2938029801736205,0.5,0.043010752688172046
Promise,jedit-4.3,GaussianNB,476,20,0.01680672268907563,3,5,0.0,0.0,0.0,0.0,0.9578947368421052,0.532258064516129,-0.021505376344086023,0.0,0.021505376344086023
Promise,jedit-4.3,DecisionTree,476,20,0.01680672268907563,3,5,0.0,0.0,0.0,0.0,0.9473684210526315,0.4838709677419355,-0.0264813570666188,0.0,0.03225806451612903
Promise,jedit-4.3,RandomForest,476,20,0.01680672268907563,3,5,0.0,0.0,0.0,0.0,0.9789473684210527,0.6102150537634409,0.0,0.0,0.0
Promise,jedit-4.3,KNN,476,20,0.01680672268907563,3,5,0.0,0.0,0.0,0.0,0.9789473684210527,0.478494623655914,0.0,0.0,0.0
Promise,prop-2,Dummy,13183,20,0.1545171812182356,1,1,0.13381995133819952,0.13513513513513514,0.13447432762836187,0.33698960293421415,0.7315130830489193,0.48774693976487693,-0.024408478543846222,0.13513513513513514,0.15964125560538117
Promise,prop-2,LogisticRegression,13183,20,0.1545171812182356,1,1,0.23625843780135006,0.601965601965602,0.33933518005540164,0.6230355803336397,0.6382252559726962,0.6754371370963299,0.18254109248856865,0.601965601965602,0.35515695067264574
Promise,prop-2,GaussianNB,13183,20,0.1545171812182356,1,1,0.2710526315789474,0.25307125307125306,0.2617534942820839,0.47078226915882315,0.7796738718240425,0.640300900166371,0.1325551866727172,0.25307125307125306,0.1242152466367713
Promise,prop-2,DecisionTree,13183,20,0.1545171812182356,1,1,0.29383116883116883,0.44471744471744473,0.35386119257087,0.5983039605986891,0.7493363670838074,0.6232787210365685,0.2131611266775553,0.44471744471744473,0.19506726457399104
Promise,prop-2,RandomForest,13183,20,0.1545171812182356,1,1,0.3664302600472813,0.3808353808353808,0.37349397590361444,0.5788495692803628,0.8028062191884717,0.779685657936779,0.2566010238547652,0.3808353808353808,0.12017937219730941
Promise,prop-2,KNN,13183,20,0.1545171812182356,1,1,0.39325842696629215,0.171990171990172,0.23931623931623933,0.4045498771752212,0.8312476298824422,0.6706322098698781,0.17792506820478435,0.171990171990172,0.0484304932735426
Promise,prop-2,Dummy,13183,20,0.1545171812182356,1,2,0.1411192214111922,0.14215686274509803,0.14163614163614163,0.3458958074407901,0.7334091770951839,0.49189494101812997,-0.016161728252141606,0.14215686274509803,0.15836698070883803
Promise,prop-2,LogisticRegression,13183,20,0.1545171812182356,1,2,0.22984244670991658,0.6078431372549019,0.33355749831876264,0.617439358960036,0.6241941600303375,0.6594511739195453,0.1728679045754957,0.6078431372549019,0.3728129205921938
Promise,prop-2,GaussianNB,13183,20,0.1545171812182356,1,2,0.28773584905660377,0.29901960784313725,0.2932692307692308,0.5084352548708341,0.7770193401592719,0.6530268343317587,0.16099651162767645,0.29901960784313725,0.1354867653656348
Promise,prop-2,DecisionTree,13183,20,0.1545171812182356,1,2,0.29914529914529914,0.42892156862745096,0.35246727089627394,0.5916300957363039,0.7561623056503602,0.625083018851327,0.2132326543290339,0.42892156862745096,0.18393898609241813
Promise,prop-2,RandomForest,13183,20,0.1545171812182356,1,2,0.37844611528822053,0.3700980392156863,0.3742255266418835,0.5735160755876885,0.8084945013272659,0.7745647832933085,0.2612135064644031,0.3700980392156863,0.11126065500224316
Promise,prop-2,KNN,13183,20,0.1545171812182356,1,2,0.35353535353535354,0.1715686274509804,0.23102310231023102,0.4021396822438964,0.8232840348881304,0.6663472365168588,0.15663861896779754,0.1715686274509804,0.057424854194706144
Promise,prop-2,Dummy,13183,20,0.1545171812182356,1,3,0.12652068126520682,0.12745098039215685,0.12698412698412698,0.3269921744620409,0.7288585513841487,0.48319610482147096,-0.033507465900044504,0.12745098039215685,0.1610587707492149
Promise,prop-2,LogisticRegression,13183,20,0.1545171812182356,1,3,0.22329162656400384,0.5686274509803921,0.3206634416033172,0.6022941914782453,0.627227910504361,0.6501640584452714,0.15289059882020506,0.5686274509803921,0.3620457604306864
Promise,prop-2,GaussianNB,13183,20,0.1545171812182356,1,3,0.2770448548812665,0.25735294117647056,0.2668360864040661,0.4750976854052583,0.7811907470610542,0.6343750824690576,0.13857753619494353,0.25735294117647056,0.12292507851054285
Promise,prop-2,DecisionTree,13183,20,0.1545171812182356,1,3,0.28689883913764513,0.42401960784313725,0.34223541048466866,0.5849968363750158,0.7478194918467956,0.6164485085196034,0.19900589556832263,0.42401960784313725,0.19291161956034095
Promise,prop-2,RandomForest,13183,20,0.1545171812182356,1,3,0.36829268292682926,0.3700980392156863,0.3691931540342298,0.5719215630034503,0.8043230944254836,0.7637877268448878,0.2533961115458827,0.3700980392156863,0.11619560340960072
Promise,prop-2,KNN,13183,20,0.1545171812182356,1,3,0.36486486486486486,0.1323529411764706,0.19424460431654678,0.3560497652821216,0.8301099734546834,0.6582432771224236,0.1416966465257292,0.1323529411764706,0.042171377299237325
Promise,prop-2,Dummy,13183,20,0.1545171812182356,1,4,0.12926829268292683,0.13022113022113022,0.12974296205630356,0.3307033681553105,0.7302731411229135,0.4850298114093538,-0.029850732845193483,0.13022113022113022,0.1601615074024226
Promise,prop-2,LogisticRegression,13183,20,0.1545171812182356,1,4,0.25199203187250996,0.6216216216216216,0.3586109142452162,0.6420150942367288,0.6566767830045523,0.6871527100329253,0.21184177430974496,0.6216216216216216,0.33692238672050245
Promise,prop-2,GaussianNB,13183,20,0.1545171812182356,1,4,0.31230283911671924,0.24324324324324326,0.27348066298342544,0.4684587915418876,0.8004552352048558,0.6629337645488386,0.16156998817064083,0.24324324324324326,0.09780170480035891
Promise,prop-2,DecisionTree,13183,20,0.1545171812182356,1,4,0.3188405797101449,0.43243243243243246,0.3670490093847758,0.5995726372794977,0.7697268588770865,0.6356019545790745,0.2342185266412448,0.43243243243243246,0.1686855091969493
Promise,prop-2,RandomForest,13183,20,0.1545171812182356,1,4,0.43490304709141275,0.3857493857493858,0.4088541666666667,0.5919841802713722,0.8277693474962063,0.7962346905819315,0.30923789695966286,0.3857493857493858,0.09152086137281291
Promise,prop-2,KNN,13183,20,0.1545171812182356,1,4,0.43670886075949367,0.16953316953316952,0.24424778761061947,0.4034402211279507,0.8380121396054628,0.6862885153598478,0.19728525850138587,0.16953316953316952,0.03992821893225662
Promise,prop-2,Dummy,13183,20,0.1545171812182356,1,5,0.17804878048780487,0.17936117936117937,0.17870257037943696,0.3901842700904264,0.7454476479514416,0.5140861527133398,0.02808795486552739,0.17936117936117937,0.15118887393449978
Promise,prop-2,LogisticRegression,13183,20,0.1545171812182356,1,5,0.2211101000909918,0.597051597051597,0.32270916334661354,0.6064376645487399,0.6130500758725341,0.6621676736077812,0.15611431228053113,0.597051597051597,0.38402871242709735
Promise,prop-2,GaussianNB,13183,20,0.1545171812182356,1,5,0.346875,0.2727272727272727,0.30536451169188444,0.49714712846771286,0.8084218512898331,0.6489661079163098,0.19800303054573068,0.2727272727272727,0.09376401973979363
Promise,prop-2,DecisionTree,13183,20,0.1545171812182356,1,5,0.2931596091205212,0.44226044226044225,0.3525954946131244,0.5967827208518648,0.7492412746585736,0.6273684059686752,0.21161572909175339,0.44226044226044225,0.19470614625392552
Promise,prop-2,RandomForest,13183,20,0.1545171812182356,1,5,0.3867924528301887,0.40294840294840295,0.394705174488568,0.5966127678055267,0.8091805766312595,0.785087791817267,0.2815816954339131,0.40294840294840295,0.11664423508299686
Promise,prop-2,KNN,13183,20,0.1545171812182356,1,5,0.3697916666666667,0.17444717444717445,0.2370617696160267,0.40617411116959096,0.8266312594840668,0.6999420195920869,0.16707861001280144,0.17444717444717445,0.054284432480933155
Promise,prop-2,Dummy,13183,20,0.1545171812182356,2,1,0.15815085158150852,0.1597051597051597,0.15892420537897312,0.36732246612291386,0.739097459233978,0.502274104516257,0.004530087196699811,0.1597051597051597,0.15515695067264573
Promise,prop-2,LogisticRegression,13183,20,0.1545171812182356,2,1,0.2416243654822335,0.5847665847665847,0.34195402298850575,0.6236047548152449,0.6526355707243079,0.6758122982338228,0.18655196145944497,0.5847665847665847,0.3349775784753363
Promise,prop-2,GaussianNB,13183,20,0.1545171812182356,2,1,0.2930513595166163,0.23832923832923833,0.26287262872628725,0.4618665385361383,0.7937049677664012,0.6522669428499026,0.14546229394245325,0.23832923832923833,0.10493273542600896
Promise,prop-2,DecisionTree,13183,20,0.1545171812182356,2,1,0.3025210084033613,0.44226044226044225,0.3592814371257485,0.5999636396690876,0.7565415244596132,0.6322743248752217,0.22140000664776988,0.44226044226044225,0.1860986547085202
Promise,prop-2,RandomForest,13183,20,0.1545171812182356,2,1,0.42328042328042326,0.3931203931203931,0.40764331210191085,0.5955583847679152,0.8236632536973834,0.7824048875618381,0.30450963807144144,0.3931203931203931,0.09775784753363229
Promise,prop-2,KNN,13183,20,0.1545171812182356,2,1,0.375,0.16953316953316952,0.233502538071066,0.400986817247863,0.8282138794084186,0.6753076762045374,0.16727852854801845,0.16953316953316952,0.0515695067264574
Promise,prop-2,Dummy,13183,20,0.1545171812182356,2,2,0.1386861313868613,0.13970588235294118,0.1391941391941392,0.3428095784741997,0.732650739476678,0.49044513498535347,-0.01905268452679209,0.13970588235294118,0.15881561238223418
Promise,prop-2,LogisticRegression,13183,20,0.1545171812182356,2,2,0.24091778202676864,0.6176470588235294,0.3466299862448418,0.6305813255801146,0.639742131209708,0.6778896058198964,0.1932615408134086,0.6176470588235294,0.35621354867653654
Promise,prop-2,GaussianNB,13183,20,0.1545171812182356,2,2,0.33876221498371334,0.2549019607843137,0.2909090909090909,0.4813392471645471,0.8077360637087599,0.6630066898899533,0.18472713128620738,0.2549019607843137,0.09107222969941678
Promise,prop-2,DecisionTree,13183,20,0.1545171812182356,2,2,0.304421768707483,0.4387254901960784,0.35943775100401604,0.5985178314029924,0.7580583996966249,0.6314298375249606,0.22175117661027197,0.4387254901960784,0.18349035441902198
Promise,prop-2,RandomForest,13183,20,0.1545171812182356,2,2,0.3795811518324607,0.3553921568627451,0.3670886075949367,0.5635644015248242,0.8103905953735305,0.7611316733961417,0.255914793972029,0.3553921568627451,0.1063257065948856
Promise,prop-2,KNN,13183,20,0.1545171812182356,2,2,0.38323353293413176,0.1568627450980392,0.22260869565217392,0.3868000319646756,0.8304891922639362,0.6644823362274475,0.16430253952967697,0.1568627450980392,0.0462090623598026
Promise,prop-2,Dummy,13183,20,0.1545171812182356,2,3,0.14841849148418493,0.14950980392156862,0.14896214896214896,0.35501212963602635,0.7356844899507016,0.4962443591164595,-0.007488859428190159,0.14950980392156862,0.15702108568864961
Promise,prop-2,LogisticRegression,13183,20,0.1545171812182356,2,3,0.22765757290686736,0.5931372549019608,0.32902787219578516,0.6121021354170617,0.6257110352673493,0.654836205455713,0.16574216321934376,0.5931372549019608,0.3683266038582324
Promise,prop-2,GaussianNB,13183,20,0.1545171812182356,2,3,0.2949061662198391,0.2696078431372549,0.28169014084507044,0.48764411064694607,0.7872582480091013,0.6356841413101805,0.15734118988628906,0.2696078431372549,0.11799013010318528
Promise,prop-2,DecisionTree,13183,20,0.1545171812182356,2,3,0.30449251247920134,0.4485294117647059,0.36273538156590684,0.6036700841747403,0.7561623056503602,0.6327388963660834,0.225009981377549,0.4485294117647059,0.18752803947958727
Promise,prop-2,RandomForest,13183,20,0.1545171812182356,2,3,0.3738532110091743,0.39950980392156865,0.3862559241706161,0.5920973422171811,0.8035646568069776,0.7745202500021992,0.26968942336526935,0.39950980392156865,0.1224764468371467
Promise,prop-2,KNN,13183,20,0.1545171812182356,2,3,0.4120603015075377,0.20098039215686275,0.2701812191103789,0.43638394826969135,0.8320060675009481,0.6898729096842864,0.20330139407691802,0.20098039215686275,0.052489905787348586
Promise,prop-2,Dummy,13183,20,0.1545171812182356,2,4,0.15609756097560976,0.15724815724815724,0.15667074663402691,0.3644709410779011,0.738619119878604,0.5010107991265461,0.0020155453957029987,0.15724815724815724,0.15522655899506504
Promise,prop-2,LogisticRegression,13183,20,0.1545171812182356,2,4,0.2336448598130841,0.6142506142506142,0.33852403520649965,0.6231222543504671,0.6293626707132018,0.6785047007119686,0.18128294673923231,0.6142506142506142,0.36787797218483625
Promise,prop-2,GaussianNB,13183,20,0.1545171812182356,2,4,0.29081632653061223,0.2800982800982801,0.2853566958698373,0.495140922552426,0.7833839150227617,0.6564930891983382,0.15779353019213177,0.2800982800982801,0.1247196052041274
Promise,prop-2,DecisionTree,13183,20,0.1545171812182356,2,4,0.3217391304347826,0.45454545454545453,0.37678207739307534,0.6123849232807688,0.7678300455235205,0.6431917663411606,0.24461553017429047,0.45454545454545453,0.17496635262449528
Promise,prop-2,RandomForest,13183,20,0.1545171812182356,2,4,0.41309823677581864,0.40294840294840295,0.4079601990049751,0.6006893797536806,0.8194233687405159,0.7959282542055085,0.3014767489917422,0.40294840294840295,0.10453117990130104
Promise,prop-2,KNN,13183,20,0.1545171812182356,2,4,0.40106951871657753,0.18427518427518427,0.25252525252525254,0.4183490834638787,0.8315629742033384,0.6869333544972845,0.18864009026287834,0.18427518427518427,0.05024674742036788
Promise,prop-2,Dummy,13183,20,0.1545171812182356,2,5,0.15121951219512195,0.15233415233415235,0.15177478580171358,0.3585403215797879,0.7371016691957512,0.49810516499614754,-0.0037783233753690888,0.15233415233415235,0.15612382234185734
Promise,prop-2,LogisticRegression,13183,20,0.1545171812182356,2,5,0.22664199814986125,0.601965601965602,0.3293010752688172,0.613347164030359,0.6213960546282246,0.6473815673008136,0.1666966676162026,0.601965601965602,0.37505607895917453
Promise,prop-2,GaussianNB,13183,20,0.1545171812182356,2,5,0.2641509433962264,0.2751842751842752,0.2695547533092659,0.4864831796078758,0.7697268588770865,0.6271744030828823,0.1329809386789106,0.2751842751842752,0.13997308209959622
Promise,prop-2,DecisionTree,13183,20,0.1545171812182356,2,5,0.32154882154882153,0.4692874692874693,0.38161838161838163,0.6200330382805478,0.7651745068285281,0.646735625874253,0.24949409004688833,0.4692874692874693,0.18079856437864514
Promise,prop-2,RandomForest,13183,20,0.1545171812182356,2,5,0.40664961636828645,0.3906633906633907,0.39849624060150374,0.5916097949356413,0.8179059180576631,0.7991281995319681,0.29134182910056955,0.3906633906633907,0.10408254822790489
Promise,prop-2,KNN,13183,20,0.1545171812182356,2,5,0.4774193548387097,0.18181818181818182,0.26334519572953735,0.4185822031692032,0.8429438543247344,0.6900936174152863,0.2234464006709242,0.18181818181818182,0.03633916554508748
Promise,prop-2,Dummy,13183,20,0.1545171812182356,3,1,0.12895377128953772,0.13022113022113022,0.1295843520782396,0.33062921110355287,0.7299962078119074,0.484841506814601,-0.03019619169195543,0.13022113022113022,0.16053811659192826
Promise,prop-2,LogisticRegression,13183,20,0.1545171812182356,3,1,0.23921200750469043,0.6265356265356266,0.34623217922606925,0.6314102850019964,0.6348122866894198,0.6762475071892112,0.19351068966395574,0.6265356265356266,0.36367713004484303
Promise,prop-2,GaussianNB,13183,20,0.1545171812182356,3,1,0.3033033033033033,0.24815724815724816,0.27297297297297296,0.4715294177956645,0.7959802806219188,0.6638743513182975,0.15675257183957453,0.24815724815724816,0.10403587443946188
Promise,prop-2,DecisionTree,13183,20,0.1545171812182356,3,1,0.3041958041958042,0.4275184275184275,0.355464759959142,0.5926355814350431,0.7607129313613955,0.627254547658135,0.2183062110524127,0.4275184275184275,0.17847533632286997
Promise,prop-2,RandomForest,13183,20,0.1545171812182356,3,1,0.3654320987654321,0.36363636363636365,0.3645320197044335,0.5672111562015747,0.8043230944254836,0.7802304954771322,0.2488906943627504,0.36363636363636365,0.11524663677130045
Promise,prop-2,KNN,13183,20,0.1545171812182356,3,1,0.4090909090909091,0.1547911547911548,0.22459893048128343,0.3853239741652384,0.8350398179749715,0.6765538061502188,0.17560817632683573,0.1547911547911548,0.04080717488789238
Promise,prop-2,Dummy,13183,20,0.1545171812182356,3,2,0.1362530413625304,0.13725490196078433,0.13675213675213677,0.3396985483587917,0.7318923018581721,0.48899532895257697,-0.021943640801442572,0.13725490196078433,0.15926424405563033
Promise,prop-2,LogisticRegression,13183,20,0.1545171812182356,3,2,0.22932330827067668,0.5980392156862745,0.33152173913043476,0.6148445020756045,0.626848691695108,0.6609070276832134,0.16966104426623715,0.5980392156862745,0.36787797218483625
Promise,prop-2,GaussianNB,13183,20,0.1545171812182356,3,2,0.2953216374269006,0.24754901960784315,0.2693333333333333,0.4698765389520007,0.7921880925293895,0.6484338576166221,0.15008357456397523,0.24754901960784315,0.10812023328847016
Promise,prop-2,DecisionTree,13183,20,0.1545171812182356,3,2,0.313893653516295,0.4485294117647059,0.3693239152371342,0.6066626834887333,0.7629882442169131,0.6367292991669525,0.23449132465939515,0.4485294117647059,0.17945266935845672
Promise,prop-2,RandomForest,13183,20,0.1545171812182356,3,2,0.4128205128205128,0.3946078431372549,0.40350877192982454,0.5950354224782065,0.819491846795601,0.7802194116767389,0.29733258372482246,0.3946078431372549,0.10273665320771647
Promise,prop-2,KNN,13183,20,0.1545171812182356,3,2,0.3935483870967742,0.14950980392156862,0.216696269982238,0.3784240605068039,0.8327645051194539,0.6753512082266733,0.1650340673384361,0.14950980392156862,0.042171377299237325
Promise,prop-2,Dummy,13183,20,0.1545171812182356,3,3,0.1630170316301703,0.1642156862745098,0.16361416361416362,0.3726558668226853,0.7402351156617368,0.5049431953131185,0.009856878219712739,0.1642156862745098,0.15432929564827277
Promise,prop-2,LogisticRegression,13183,20,0.1545171812182356,3,3,0.22939068100358423,0.6274509803921569,0.3359580052493438,0.6207783910122898,0.6162305650360258,0.6822610156669219,0.1768622743917177,0.6274509803921569,0.3858232391206819
Promise,prop-2,GaussianNB,13183,20,0.1545171812182356,3,3,0.2951167728237792,0.34068627450980393,0.3162684869169511,0.5384631032567682,0.7720894956389837,0.6543369927603164,0.18103369892753612,0.34068627450980393,0.14894571556751907
Promise,prop-2,DecisionTree,13183,20,0.1545171812182356,3,3,0.3054263565891473,0.48284313725490197,0.3741690408357075,0.6211263547859498,0.7500948047023133,0.647121500013195,0.23713087459970336,0.48284313725490197,0.20098698968147152
Promise,prop-2,RandomForest,13183,20,0.1545171812182356,3,3,0.3755868544600939,0.39215686274509803,0.38369304556354916,0.5876720356799748,0.8050815320439894,0.7810935836874005,0.26807942475417484,0.39215686274509803,0.11933602512337371
Promise,prop-2,KNN,13183,20,0.1545171812182356,3,3,0.41916167664670656,0.1715686274509804,0.24347826086956523,0.4050955797941098,0.8350398179749715,0.6847922659418186,0.1901352247633854,0.1715686274509804,0.04351727231942575
Promise,prop-2,Dummy,13183,20,0.1545171812182356,3,4,0.13658536585365855,0.1375921375921376,0.13708690330477355,0.3402063462098578,0.7325493171471927,0.4893882626049517,-0.021159929688585353,0.1375921375921376,0.15881561238223418
Promise,prop-2,LogisticRegression,13183,20,0.1545171812182356,3,4,0.24127906976744187,0.6117936117936118,0.3460736622654621,0.6299869904919675,0.6430197268588771,0.6714886304388323,0.19286035494848944,0.6117936117936118,0.351278600269179
Promise,prop-2,GaussianNB,13183,20,0.1545171812182356,3,4,0.30256410256410254,0.28992628992628994,0.2961104140526976,0.5045267269511623,0.7871775417298937,0.6514986171782942,0.17086842263515556,0.28992628992628994,0.12202781516375057
Promise,prop-2,DecisionTree,13183,20,0.1545171812182356,3,4,0.31918505942275044,0.4619164619164619,0.37751004016064255,0.6154811852929869,0.7647951441578149,0.6411679635098209,0.2446291049732325,0.4619164619164619,0.17990130103185284
Promise,prop-2,RandomForest,13183,20,0.1545171812182356,3,4,0.42142857142857143,0.4348894348894349,0.4280532043530834,0.6224780135753107,0.8205614567526556,0.7942930082903166,0.3217286075904763,0.4348894348894349,0.10901749663526245
Promise,prop-2,KNN,13183,20,0.1545171812182356,3,4,0.42391304347826086,0.19164619164619165,0.2639593908629442,0.4272381831840635,0.8349772382397572,0.6800682978341122,0.20432459930415173,0.19164619164619165,0.04755495737999103
Promise,prop-2,Dummy,13183,20,0.1545171812182356,3,5,0.13414634146341464,0.13513513513513514,0.1346389228886169,0.33706518656260304,0.7317905918057663,0.4879354455397524,-0.024056864074121394,0.13513513513513514,0.15926424405563033
Promise,prop-2,LogisticRegression,13183,20,0.1545171812182356,3,5,0.23107177974434612,0.5773955773955773,0.3300561797752809,0.6122319046819947,0.6380880121396054,0.648290955827968,0.16817534428710443,0.5773955773955773,0.35082996859578286
Promise,prop-2,GaussianNB,13183,20,0.1545171812182356,3,5,0.2686084142394822,0.20393120393120392,0.23184357541899442,0.42808231048073425,0.791350531107739,0.6189028254977111,0.11517812610623346,0.20393120393120392,0.10139075818752805
Promise,prop-2,DecisionTree,13183,20,0.1545171812182356,3,5,0.2912621359223301,0.44226044226044225,0.35121951219512193,0.596117411034271,0.7477238239757208,0.6309800562828826,0.20960817226891104,0.44226044226044225,0.19650067294751009
Promise,prop-2,RandomForest,13183,20,0.1545171812182356,3,5,0.3584905660377358,0.37346437346437344,0.3658243080625752,0.5726179633307158,0.8000758725341427,0.7638499872685607,0.2472892131058356,0.37346437346437344,0.12202781516375057
Promise,prop-2,KNN,13183,20,0.1545171812182356,3,5,0.38219895287958117,0.17936117936117937,0.24414715719063546,0.41214810547734443,0.8285280728376327,0.6672530844805407,0.17620611875071465,0.17936117936117937,0.05293853746074473
Promise,velocity-1.6,Dummy,211,20,0.36018957345971564,1,1,0.2727272727272727,0.1875,0.2222222222222222,0.36324157862838946,0.5116279069767442,0.44560185185185186,-0.1205270849172633,0.1875,0.2962962962962963
Promise,velocity-1.6,LogisticRegression,211,20,0.36018957345971564,1,1,0.625,0.625,0.625,0.6972166887783963,0.7209302325581395,0.763888888888889,0.4027777777777778,0.625,0.2222222222222222
Promise,velocity-1.6,GaussianNB,211,20,0.36018957345971564,1,1,0.4,0.25,0.3076923076923077,0.44095855184409843,0.5813953488372093,0.6365740740740742,0.031782086308186415,0.25,0.2222222222222222
Promise,velocity-1.6,DecisionTree,211,20,0.36018957345971564,1,1,0.45,0.5625,0.5,0.5773502691896257,0.5813953488372093,0.605324074074074,0.15029828099123788,0.5625,0.4074074074074074
Promise,velocity-1.6,RandomForest,211,20,0.36018957345971564,1,1,0.5294117647058824,0.5625,0.5454545454545454,0.6291528696058959,0.6511627906976745,0.6782407407407407,0.26317512159927214,0.5625,0.2962962962962963
Promise,velocity-1.6,KNN,211,20,0.36018957345971564,1,1,0.5,0.4375,0.4666666666666667,0.5692750425533111,0.627906976744186,0.5729166666666667,0.1838593984988186,0.4375,0.25925925925925924
Promise,velocity-1.6,Dummy,211,20,0.36018957345971564,1,2,0.2727272727272727,0.2,0.23076923076923078,0.37515428924742517,0.5238095238095238,0.45185185185185184,-0.10494455393423793,0.2,0.2962962962962963
Promise,velocity-1.6,LogisticRegression,211,20,0.36018957345971564,1,2,0.7058823529411765,0.8,0.75,0.8073734277593312,0.8095238095238095,0.891358024691358,0.6001742666316154,0.8,0.18518518518518517
Promise,velocity-1.6,GaussianNB,211,20,0.36018957345971564,1,2,0.6,0.4,0.48,0.5837300238472755,0.6904761904761905,0.7679012345679012,0.2833333333333333,0.4,0.14814814814814814
Promise,velocity-1.6,DecisionTree,211,20,0.36018957345971564,1,2,0.4444444444444444,0.5333333333333333,0.48484848484848486,0.5794846582402354,0.5952380952380952,0.608641975308642,0.1577882104010429,0.5333333333333333,0.37037037037037035
Promise,velocity-1.6,RandomForest,211,20,0.36018957345971564,1,2,0.6923076923076923,0.6,0.6428571428571429,0.7149203529842405,0.7619047619047619,0.8320987654320988,0.46833099703329334,0.6,0.14814814814814814
Promise,velocity-1.6,KNN,211,20,0.36018957345971564,1,2,0.6666666666666666,0.4,0.5,0.5962847939999439,0.7142857142857143,0.7864197530864198,0.33734954246999327,0.4,0.1111111111111111
Promise,velocity-1.6,Dummy,211,20,0.36018957345971564,1,3,0.36363636363636365,0.26666666666666666,0.3076923076923077,0.4444444444444444,0.5714285714285714,0.5037037037037037,0.00807265799494138,0.26666666666666666,0.25925925925925924
Promise,velocity-1.6,LogisticRegression,211,20,0.36018957345971564,1,3,0.6875,0.7333333333333333,0.7096774193548387,0.773001205818937,0.7857142857142857,0.817283950617284,0.5408524452393346,0.7333333333333333,0.18518518518518517
Promise,velocity-1.6,GaussianNB,211,20,0.36018957345971564,1,3,0.4,0.13333333333333333,0.2,0.34426518632954817,0.6190476190476191,0.691358024691358,0.03287979746107146,0.13333333333333333,0.1111111111111111
Promise,velocity-1.6,DecisionTree,211,20,0.36018957345971564,1,3,0.4666666666666667,0.4666666666666667,0.4666666666666667,0.5730576425878945,0.6190476190476191,0.5827160493827162,0.17037037037037037,0.4666666666666667,0.2962962962962963
Promise,velocity-1.6,RandomForest,211,20,0.36018957345971564,1,3,0.75,0.6,0.6666666666666666,0.7302967433402214,0.7857142857142857,0.8098765432098767,0.5185449728701348,0.6,0.1111111111111111
Promise,velocity-1.6,KNN,211,20,0.36018957345971564,1,3,0.6428571428571429,0.6,0.6206896551724138,0.699205898780101,0.7380952380952381,0.8320987654320988,0.4216370213557839,0.6,0.18518518518518517
Promise,velocity-1.6,Dummy,211,20,0.36018957345971564,1,4,0.2727272727272727,0.2,0.23076923076923078,0.37515428924742517,0.5238095238095238,0.45185185185185184,-0.10494455393423793,0.2,0.2962962962962963
Promise,velocity-1.6,LogisticRegression,211,20,0.36018957345971564,1,4,0.7,0.9333333333333333,0.8,0.8520128672302584,0.8333333333333334,0.8790123456790123,0.6822422923379533,0.9333333333333333,0.2222222222222222
Promise,velocity-1.6,GaussianNB,211,20,0.36018957345971564,1,4,0.8333333333333334,0.3333333333333333,0.47619047619047616,0.5665577237325317,0.7380952380952381,0.7901234567901235,0.4057204129667897,0.3333333333333333,0.037037037037037035
Promise,velocity-1.6,DecisionTree,211,20,0.36018957345971564,1,4,0.5,0.8,0.6153846153846154,0.6666666666666667,0.6428571428571429,0.7271604938271605,0.34426518632954817,0.8,0.4444444444444444
Promise,velocity-1.6,RandomForest,211,20,0.36018957345971564,1,4,0.6666666666666666,0.8,0.7272727272727273,0.7888106377466155,0.7857142857142857,0.8641975308641976,0.5594309277855157,0.8,0.2222222222222222
Promise,velocity-1.6,KNN,211,20,0.36018957345971564,1,4,0.8,0.5333333333333333,0.64,0.7027283689263065,0.7857142857142857,0.8,0.5166666666666667,0.5333333333333333,0.07407407407407407
Promise,velocity-1.6,Dummy,211,20,0.36018957345971564,1,5,0.36363636363636365,0.26666666666666666,0.3076923076923077,0.4444444444444444,0.5714285714285714,0.5037037037037037,0.00807265799494138,0.26666666666666666,0.25925925925925924
Promise,velocity-1.6,LogisticRegression,211,20,0.36018957345971564,1,5,0.4666666666666667,0.4666666666666667,0.4666666666666667,0.5730576425878945,0.6190476190476191,0.5555555555555556,0.17037037037037037,0.4666666666666667,0.2962962962962963
Promise,velocity-1.6,GaussianNB,211,20,0.36018957345971564,1,5,0.6666666666666666,0.26666666666666666,0.38095238095238093,0.49690399499995325,0.6904761904761905,0.6024691358024692,0.2637182684284133,0.26666666666666666,0.07407407407407407
Promise,velocity-1.6,DecisionTree,211,20,0.36018957345971564,1,5,0.5,0.4666666666666667,0.4827586206896552,0.5879447357921312,0.6428571428571429,0.5839506172839506,0.21081851067789195,0.4666666666666667,0.25925925925925924
Promise,velocity-1.6,RandomForest,211,20,0.36018957345971564,1,5,0.6363636363636364,0.4666666666666667,0.5384615384615384,0.6305004870716048,0.7142857142857143,0.6444444444444444,0.3471242937824793,0.4666666666666667,0.14814814814814814
Promise,velocity-1.6,KNN,211,20,0.36018957345971564,1,5,0.5,0.26666666666666666,0.34782608695652173,0.4766135686561604,0.6428571428571429,0.5728395061728396,0.14462030521243746,0.26666666666666666,0.14814814814814814
Promise,velocity-1.6,Dummy,211,20,0.36018957345971564,2,1,0.5454545454545454,0.375,0.4444444444444444,0.5527707983925666,0.6511627906976745,0.5949074074074074,0.2102812970896934,0.375,0.18518518518518517
Promise,velocity-1.6,LogisticRegression,211,20,0.36018957345971564,2,1,0.75,0.75,0.75,0.7993052538854533,0.813953488372093,0.7939814814814815,0.6018518518518519,0.75,0.14814814814814814
Promise,velocity-1.6,GaussianNB,211,20,0.36018957345971564,2,1,0.9,0.5625,0.6923076923076923,0.7359800721939872,0.813953488372093,0.9143518518518519,0.6012111326631929,0.5625,0.037037037037037035
Promise,velocity-1.6,DecisionTree,211,20,0.36018957345971564,2,1,0.9166666666666666,0.6875,0.7857142857142857,0.8136565842153783,0.8604651162790697,0.8333333333333334,0.7009595815211631,0.6875,0.037037037037037035
Promise,velocity-1.6,RandomForest,211,20,0.36018957345971564,2,1,1.0,0.5625,0.72,0.75,0.8372093023255814,0.900462962962963,0.6683495915092551,0.5625,0.0
Promise,velocity-1.6,KNN,211,20,0.36018957345971564,2,1,0.7142857142857143,0.3125,0.43478260869565216,0.537914353639919,0.6976744186046512,0.8275462962962963,0.3121728151987113,0.3125,0.07407407407407407
Promise,velocity-1.6,Dummy,211,20,0.36018957345971564,2,2,0.2727272727272727,0.2,0.23076923076923078,0.37515428924742517,0.5238095238095238,0.45185185185185184,-0.10494455393423793,0.2,0.2962962962962963
Promise,velocity-1.6,LogisticRegression,211,20,0.36018957345971564,2,2,0.5882352941176471,0.6666666666666666,0.625,0.7027283689263065,0.7142857142857143,0.7876543209876543,0.39770583933420295,0.6666666666666666,0.25925925925925924
Promise,velocity-1.6,GaussianNB,211,20,0.36018957345971564,2,2,0.2,0.06666666666666667,0.1,0.2383067843280802,0.5714285714285714,0.6641975308641976,-0.12055925735726201,0.06666666666666667,0.14814814814814814
Promise,velocity-1.6,DecisionTree,211,20,0.36018957345971564,2,2,0.4090909090909091,0.6,0.4864864864864865,0.557773351022717,0.5476190476190477,0.6061728395061727,0.11370704872299223,0.6,0.48148148148148145
Promise,velocity-1.6,RandomForest,211,20,0.36018957345971564,2,2,0.6153846153846154,0.5333333333333333,0.5714285714285714,0.6592176432973922,0.7142857142857143,0.745679012345679,0.36084519443548835,0.5333333333333333,0.18518518518518517
Promise,velocity-1.6,KNN,211,20,0.36018957345971564,2,2,0.6,0.4,0.48,0.5837300238472755,0.6904761904761905,0.7320987654320988,0.2833333333333333,0.4,0.14814814814814814
Promise,velocity-1.6,Dummy,211,20,0.36018957345971564,2,3,0.2727272727272727,0.2,0.23076923076923078,0.37515428924742517,0.5238095238095238,0.45185185185185184,-0.10494455393423793,0.2,0.2962962962962963
Promise,velocity-1.6,LogisticRegression,211,20,0.36018957345971564,2,3,0.5882352941176471,0.6666666666666666,0.625,0.7027283689263065,0.7142857142857143,0.7160493827160495,0.39770583933420295,0.6666666666666666,0.25925925925925924
Promise,velocity-1.6,GaussianNB,211,20,0.36018957345971564,2,3,0.625,0.3333333333333333,0.43478260869565216,0.5443310539518174,0.6904761904761905,0.571604938271605,0.27116307227332026,0.3333333333333333,0.1111111111111111
Promise,velocity-1.6,DecisionTree,211,20,0.36018957345971564,2,3,0.5,0.4666666666666667,0.4827586206896552,0.5879447357921312,0.6428571428571429,0.6123456790123456,0.21081851067789195,0.4666666666666667,0.25925925925925924
Promise,velocity-1.6,RandomForest,211,20,0.36018957345971564,2,3,0.6666666666666666,0.5333333333333333,0.5925925925925926,0.6740333728045823,0.7380952380952381,0.691358024691358,0.40855058468556077,0.5333333333333333,0.14814814814814814
Promise,velocity-1.6,KNN,211,20,0.36018957345971564,2,3,0.5,0.26666666666666666,0.34782608695652173,0.4766135686561604,0.6428571428571429,0.606172839506173,0.14462030521243746,0.26666666666666666,0.14814814814814814
Promise,velocity-1.6,Dummy,211,20,0.36018957345971564,2,4,0.36363636363636365,0.26666666666666666,0.3076923076923077,0.4444444444444444,0.5714285714285714,0.5037037037037037,0.00807265799494138,0.26666666666666666,0.25925925925925924
Promise,velocity-1.6,LogisticRegression,211,20,0.36018957345971564,2,4,0.5294117647058824,0.6,0.5625,0.6497862896539309,0.6666666666666666,0.708641975308642,0.29647162568549673,0.6,0.2962962962962963
Promise,velocity-1.6,GaussianNB,211,20,0.36018957345971564,2,4,0.5555555555555556,0.3333333333333333,0.4166666666666667,0.5328701692569688,0.6666666666666666,0.6555555555555556,0.21624970671153415,0.3333333333333333,0.14814814814814814
Promise,velocity-1.6,DecisionTree,211,20,0.36018957345971564,2,4,0.42857142857142855,0.6,0.5,0.5773502691896257,0.5714285714285714,0.6037037037037037,0.14907119849998599,0.6,0.4444444444444444
Promise,velocity-1.6,RandomForest,211,20,0.36018957345971564,2,4,0.625,0.6666666666666666,0.6451612903225806,0.7200822998230956,0.7380952380952381,0.7604938271604939,0.4385290096535146,0.6666666666666666,0.2222222222222222
Promise,velocity-1.6,KNN,211,20,0.36018957345971564,2,4,0.8571428571428571,0.4,0.5454545454545454,0.6206328908341752,0.7619047619047619,0.7530864197530864,0.4666666666666667,0.4,0.037037037037037035
Promise,velocity-1.6,Dummy,211,20,0.36018957345971564,2,5,0.18181818181818182,0.13333333333333333,0.15384615384615385,0.2981423969999719,0.47619047619047616,0.4,-0.21796176586341723,0.13333333333333333,0.3333333333333333
Promise,velocity-1.6,LogisticRegression,211,20,0.36018957345971564,2,5,0.631578947368421,0.8,0.7058823529411765,0.769800358919501,0.7619047619047619,0.7679012345679014,0.5205661023060123,0.8,0.25925925925925924
Promise,velocity-1.6,GaussianNB,211,20,0.36018957345971564,2,5,0.5714285714285714,0.26666666666666666,0.36363636363636365,0.48686449556014766,0.6666666666666666,0.6987654320987654,0.2,0.26666666666666666,0.1111111111111111
Promise,velocity-1.6,DecisionTree,211,20,0.36018957345971564,2,5,0.5,0.7333333333333333,0.5945945945945946,0.6592176432973922,0.6428571428571429,0.7209876543209877,0.31269438398822863,0.7333333333333333,0.4074074074074074
Promise,velocity-1.6,RandomForest,211,20,0.36018957345971564,2,5,0.5,0.6666666666666666,0.5714285714285714,0.6478835438717,0.6428571428571429,0.7234567901234568,0.28426762180748055,0.6666666666666666,0.37037037037037035
Promise,velocity-1.6,KNN,211,20,0.36018957345971564,2,5,0.5333333333333333,0.5333333333333333,0.5333333333333333,0.6285393610547089,0.6666666666666666,0.6925925925925926,0.2740740740740741,0.5333333333333333,0.25925925925925924
Promise,velocity-1.6,Dummy,211,20,0.36018957345971564,3,1,0.36363636363636365,0.25,0.2962962962962963,0.4303314829119352,0.5581395348837209,0.4953703703703703,-0.010257624248277726,0.25,0.25925925925925924
Promise,velocity-1.6,LogisticRegression,211,20,0.36018957345971564,3,1,0.5384615384615384,0.4375,0.4827586206896552,0.5833333333333334,0.6511627906976745,0.7453703703703705,0.22657332165431587,0.4375,0.2222222222222222
Promise,velocity-1.6,GaussianNB,211,20,0.36018957345971564,3,1,0.4,0.125,0.19047619047619047,0.3333333333333333,0.6046511627906976,0.7256944444444444,0.020942695414584777,0.125,0.1111111111111111
Promise,velocity-1.6,DecisionTree,211,20,0.36018957345971564,3,1,0.6470588235294118,0.6875,0.6666666666666666,0.7312470322826768,0.7441860465116279,0.7141203703703703,0.45998434296916263,0.6875,0.2222222222222222
Promise,velocity-1.6,RandomForest,211,20,0.36018957345971564,3,1,0.5555555555555556,0.3125,0.4,0.5159493228057419,0.6511627906976745,0.7291666666666666,0.19527909875373298,0.3125,0.14814814814814814
Promise,velocity-1.6,KNN,211,20,0.36018957345971564,3,1,0.6363636363636364,0.4375,0.5185185185185185,0.6104794715509975,0.6976744186046512,0.71875,0.320550757758679,0.4375,0.14814814814814814
Promise,velocity-1.6,Dummy,211,20,0.36018957345971564,3,2,0.18181818181818182,0.13333333333333333,0.15384615384615385,0.2981423969999719,0.47619047619047616,0.4,-0.21796176586341723,0.13333333333333333,0.3333333333333333
Promise,velocity-1.6,LogisticRegression,211,20,0.36018957345971564,3,2,0.6666666666666666,0.8,0.7272727272727273,0.7888106377466155,0.7857142857142857,0.7407407407407408,0.5594309277855157,0.8,0.2222222222222222
Promise,velocity-1.6,GaussianNB,211,20,0.36018957345971564,3,2,0.3333333333333333,0.2,0.25,0.39440531887330776,0.5714285714285714,0.6024691358024692,-0.0259499648053841,0.2,0.2222222222222222
Promise,velocity-1.6,DecisionTree,211,20,0.36018957345971564,3,2,0.47058823529411764,0.5333333333333333,0.5,0.5962847939999438,0.6190476190476191,0.597530864197531,0.19523741203679054,0.5333333333333333,0.3333333333333333
Promise,velocity-1.6,RandomForest,211,20,0.36018957345971564,3,2,0.5882352941176471,0.6666666666666666,0.625,0.7027283689263065,0.7142857142857143,0.7135802469135802,0.39770583933420295,0.6666666666666666,0.25925925925925924
Promise,velocity-1.6,KNN,211,20,0.36018957345971564,3,2,0.4444444444444444,0.26666666666666666,0.3333333333333333,0.46613726585340065,0.6190476190476191,0.6506172839506172,0.09514987095307502,0.26666666666666666,0.18518518518518517
Promise,velocity-1.6,Dummy,211,20,0.36018957345971564,3,3,0.36363636363636365,0.26666666666666666,0.3076923076923077,0.4444444444444444,0.5714285714285714,0.5037037037037037,0.00807265799494138,0.26666666666666666,0.25925925925925924
Promise,velocity-1.6,LogisticRegression,211,20,0.36018957345971564,3,3,0.5238095238095238,0.7333333333333333,0.6111111111111112,0.6795059933964736,0.6666666666666666,0.765432098765432,0.3478327964999673,0.7333333333333333,0.37037037037037035
Promise,velocity-1.6,GaussianNB,211,20,0.36018957345971564,3,3,0.7,0.4666666666666667,0.56,0.6440611887195306,0.7380952380952381,0.7666666666666666,0.4,0.4666666666666667,0.1111111111111111
Promise,velocity-1.6,DecisionTree,211,20,0.36018957345971564,3,3,0.5,0.6666666666666666,0.5714285714285714,0.6478835438717,0.6428571428571429,0.6481481481481481,0.28426762180748055,0.6666666666666666,0.37037037037037035
Promise,velocity-1.6,RandomForest,211,20,0.36018957345971564,3,3,0.6,0.8,0.6857142857142857,0.7503085784948503,0.7380952380952381,0.8592592592592594,0.48325495707271693,0.8,0.2962962962962963
Promise,velocity-1.6,KNN,211,20,0.36018957345971564,3,3,0.5,0.4666666666666667,0.4827586206896552,0.5879447357921312,0.6428571428571429,0.7469135802469136,0.21081851067789195,0.4666666666666667,0.25925925925925924
Promise,velocity-1.6,Dummy,211,20,0.36018957345971564,3,4,0.09090909090909091,0.06666666666666667,0.07692307692307693,0.20487876571761973,0.42857142857142855,0.34814814814814815,-0.33097897779259655,0.06666666666666667,0.37037037037037035
Promise,velocity-1.6,LogisticRegression,211,20,0.36018957345971564,3,4,0.7333333333333333,0.7333333333333333,0.7333333333333333,0.7903741886123884,0.8095238095238095,0.7851851851851853,0.5851851851851851,0.7333333333333333,0.14814814814814814
Promise,velocity-1.6,GaussianNB,211,20,0.36018957345971564,3,4,0.625,0.3333333333333333,0.43478260869565216,0.5443310539518174,0.6904761904761905,0.6876543209876544,0.27116307227332026,0.3333333333333333,0.1111111111111111
Promise,velocity-1.6,DecisionTree,211,20,0.36018957345971564,3,4,0.5384615384615384,0.4666666666666667,0.5,0.6024640760767093,0.6666666666666666,0.6320987654320989,0.2533593918376833,0.4666666666666667,0.2222222222222222
Promise,velocity-1.6,RandomForest,211,20,0.36018957345971564,3,4,0.8181818181818182,0.6,0.6923076923076923,0.7453559924999299,0.8095238095238095,0.7654320987654321,0.5731587176408379,0.6,0.07407407407407407
Promise,velocity-1.6,KNN,211,20,0.36018957345971564,3,4,0.5,0.26666666666666666,0.34782608695652173,0.4766135686561604,0.6428571428571429,0.6567901234567901,0.14462030521243746,0.26666666666666666,0.14814814814814814
Promise,velocity-1.6,Dummy,211,20,0.36018957345971564,3,5,0.2727272727272727,0.2,0.23076923076923078,0.37515428924742517,0.5238095238095238,0.45185185185185184,-0.10494455393423793,0.2,0.2962962962962963
Promise,velocity-1.6,LogisticRegression,211,20,0.36018957345971564,3,5,0.5789473684210527,0.7333333333333333,0.6470588235294118,0.718365772233094,0.7142857142857143,0.8148148148148148,0.42073150734321546,0.7333333333333333,0.2962962962962963
Promise,velocity-1.6,GaussianNB,211,20,0.36018957345971564,3,5,0.7142857142857143,0.3333333333333333,0.45454545454545453,0.5555555555555556,0.7142857142857143,0.8395061728395061,0.3333333333333333,0.3333333333333333,0.07407407407407407
Promise,velocity-1.6,DecisionTree,211,20,0.36018957345971564,3,5,0.5789473684210527,0.7333333333333333,0.6470588235294118,0.718365772233094,0.7142857142857143,0.7160493827160495,0.42073150734321546,0.7333333333333333,0.2962962962962963
Promise,velocity-1.6,RandomForest,211,20,0.36018957345971564,3,5,0.6,0.6,0.6,0.6831300510639732,0.7142857142857143,0.780246913580247,0.37777777777777777,0.6,0.2222222222222222
Promise,velocity-1.6,KNN,211,20,0.36018957345971564,3,5,0.6666666666666666,0.6666666666666666,0.6666666666666666,0.7370277311900888,0.7619047619047619,0.7851851851851852,0.48148148148148145,0.6666666666666666,0.18518518518518517
Promise,xalan-2.7,Dummy,740,20,0.010810810810810811,1,1,0.9932432432432432,1.0,0.9966101694915255,0.0,0.9932432432432432,0.5,0.0,1.0,1.0
Promise,xalan-2.7,LogisticRegression,740,20,0.010810810810810811,1,1,1.0,0.8707482993197279,0.9309090909090909,0.9331389496316869,0.8716216216216216,0.9523809523809523,0.20865621238292043,0.8707482993197279,0.0
Promise,xalan-2.7,GaussianNB,740,20,0.010810810810810811,1,1,1.0,0.8163265306122449,0.898876404494382,0.9035079029052513,0.8175675675675675,0.9523809523809523,0.17074694419062766,0.8163265306122449,0.0
Promise,xalan-2.7,DecisionTree,740,20,0.010810810810810811,1,1,1.0,1.0,1.0,1.0,1.0,1.0,1.0,1.0,0.0
Promise,xalan-2.7,RandomForest,740,20,0.010810810810810811,1,1,1.0,1.0,1.0,1.0,1.0,1.0,1.0,1.0,0.0
Promise,xalan-2.7,KNN,740,20,0.010810810810810811,1,1,0.9932432432432432,1.0,0.9966101694915255,0.0,0.9932432432432432,0.9965986394557823,0.0,1.0,1.0
Promise,xalan-2.7,Dummy,740,20,0.010810810810810811,1,2,0.9932432432432432,1.0,0.9966101694915255,0.0,0.9932432432432432,0.5,0.0,1.0,1.0
Promise,xalan-2.7,LogisticRegression,740,20,0.010810810810810811,1,2,0.9920634920634921,0.8503401360544217,0.9157509157509157,0.0,0.8445945945945946,0.8163265306122449,-0.03446413640265457,0.8503401360544217,1.0
Promise,xalan-2.7,GaussianNB,740,20,0.010810810810810811,1,2,1.0,0.8435374149659864,0.915129151291513,0.9184429296183767,0.8445945945945946,0.8707482993197279,0.18747637795266217,0.8435374149659864,0.0
Promise,xalan-2.7,DecisionTree,740,20,0.010810810810810811,1,2,0.993103448275862,0.9795918367346939,0.9863013698630136,0.0,0.972972972972973,0.4897959183673469,-0.01186363997910571,0.9795918367346939,1.0
Promise,xalan-2.7,RandomForest,740,20,0.010810810810810811,1,2,0.9932432432432432,1.0,0.9966101694915255,0.0,0.9932432432432432,0.38095238095238093,0.0,1.0,1.0
Promise,xalan-2.7,KNN,740,20,0.010810810810810811,1,2,0.9932432432432432,1.0,0.9966101694915255,0.0,0.9932432432432432,0.47959183673469385,0.0,1.0,1.0
Promise,xalan-2.7,Dummy,740,20,0.010810810810810811,1,3,0.9864864864864865,1.0,0.9931972789115646,0.0,0.9864864864864865,0.5,0.0,1.0,1.0
Promise,xalan-2.7,LogisticRegression,740,20,0.010810810810810811,1,3,1.0,0.8698630136986302,0.9304029304029304,0.9326644700526713,0.8716216216216216,0.9726027397260274,0.2878265042394927,0.8698630136986302,0.0
Promise,xalan-2.7,GaussianNB,740,20,0.010810810810810811,1,3,1.0,0.8424657534246576,0.9144981412639405,0.9178593320463967,0.8445945945945946,0.976027397260274,0.25960982314614484,0.8424657534246576,0.0
Promise,xalan-2.7,DecisionTree,740,20,0.010810810810810811,1,3,1.0,0.9657534246575342,0.9825783972125436,0.9827275434511512,0.9662162162162162,0.9965753424657534,0.5252899674486013,0.9657534246575342,0.0
Promise,xalan-2.7,RandomForest,740,20,0.010810810810810811,1,3,1.0,1.0,1.0,1.0,1.0,1.0,1.0,1.0,0.0
Promise,xalan-2.7,KNN,740,20,0.010810810810810811,1,3,0.9864864864864865,1.0,0.9931972789115646,0.0,0.9864864864864865,0.9794520547945205,0.0,1.0,1.0
Promise,xalan-2.7,Dummy,740,20,0.010810810810810811,1,4,0.9864864864864865,1.0,0.9931972789115646,0.0,0.9864864864864865,0.5,0.0,1.0,1.0
Promise,xalan-2.7,LogisticRegression,740,20,0.010810810810810811,1,4,1.0,0.7465753424657534,0.8549019607843137,0.8640459145588002,0.75,0.8047945205479452,0.1956678691002786,0.7465753424657534,0.0
Promise,xalan-2.7,GaussianNB,740,20,0.010810810810810811,1,4,0.9917355371900827,0.821917808219178,0.898876404494382,0.6410607647560324,0.8175675675675675,0.6832191780821918,0.09624138419629043,0.821917808219178,0.5
Promise,xalan-2.7,DecisionTree,740,20,0.010810810810810811,1,4,0.9863945578231292,0.9931506849315068,0.9897610921501706,0.0,0.9797297297297297,0.4965753424657534,-0.009653391119992657,0.9931506849315068,1.0
Promise,xalan-2.7,RandomForest,740,20,0.010810810810810811,1,4,0.9864864864864865,1.0,0.9931972789115646,0.0,0.9864864864864865,0.9041095890410958,0.0,1.0,1.0
Promise,xalan-2.7,KNN,740,20,0.010810810810810811,1,4,0.9864864864864865,1.0,0.9931972789115646,0.0,0.9864864864864865,0.4863013698630137,0.0,1.0,1.0
Promise,xalan-2.7,Dummy,740,20,0.010810810810810811,1,5,0.9864864864864865,1.0,0.9931972789115646,0.0,0.9864864864864865,0.5,0.0,1.0,1.0
Promise,xalan-2.7,LogisticRegression,740,20,0.010810810810810811,1,5,0.984251968503937,0.8561643835616438,0.9157509157509157,0.0,0.8445945945945946,0.678082191780822,-0.047593358968735004,0.8561643835616438,1.0
Promise,xalan-2.7,GaussianNB,740,20,0.010810810810810811,1,5,0.9926470588235294,0.9246575342465754,0.9574468085106383,0.6799476208674369,0.918918918918919,0.684931506849315,0.17962640670130092,0.9246575342465754,0.5
Promise,xalan-2.7,DecisionTree,740,20,0.010810810810810811,1,5,0.9863945578231292,0.9931506849315068,0.9897610921501706,0.0,0.9797297297297297,0.4965753424657534,-0.009653391119992657,0.9931506849315068,1.0
Promise,xalan-2.7,RandomForest,740,20,0.010810810810810811,1,5,0.9864864864864865,1.0,0.9931972789115646,0.0,0.9864864864864865,0.8664383561643836,0.0,1.0,1.0
Promise,xalan-2.7,KNN,740,20,0.010810810810810811,1,5,0.9863945578231292,0.9931506849315068,0.9897610921501706,0.0,0.9797297297297297,0.4863013698630137,-0.009653391119992657,0.9931506849315068,1.0
Promise,xalan-2.7,Dummy,740,20,0.010810810810810811,2,1,0.9932432432432432,1.0,0.9966101694915255,0.0,0.9932432432432432,0.5,0.0,1.0,1.0
Promise,xalan-2.7,LogisticRegression,740,20,0.010810810810810811,2,1,0.9921259842519685,0.8571428571428571,0.9197080291970803,0.0,0.8513513513513513,0.5918367346938775,-0.033538923545276884,0.8571428571428571,1.0
Promise,xalan-2.7,GaussianNB,740,20,0.010810810810810811,2,1,0.9920634920634921,0.8503401360544217,0.9157509157509157,0.0,0.8445945945945946,0.41496598639455784,-0.03446413640265457,0.8503401360544217,1.0
Promise,xalan-2.7,DecisionTree,740,20,0.010810810810810811,2,1,0.993103448275862,0.9795918367346939,0.9863013698630136,0.0,0.972972972972973,0.4897959183673469,-0.01186363997910571,0.9795918367346939,1.0
Promise,xalan-2.7,RandomForest,740,20,0.010810810810810811,2,1,0.9931972789115646,0.9931972789115646,0.9931972789115646,0.0,0.9864864864864865,0.9659863945578231,-0.006802721088435374,0.9931972789115646,1.0
Promise,xalan-2.7,KNN,740,20,0.010810810810810811,2,1,0.9931972789115646,0.9931972789115646,0.9931972789115646,0.0,0.9864864864864865,0.4931972789115646,-0.006802721088435374,0.9931972789115646,1.0
Promise,xalan-2.7,Dummy,740,20,0.010810810810810811,2,2,0.9932432432432432,1.0,0.9966101694915255,0.0,0.9932432432432432,0.5,0.0,1.0,1.0
Promise,xalan-2.7,LogisticRegression,740,20,0.010810810810810811,2,2,1.0,0.8095238095238095,0.8947368421052632,0.8997354108424374,0.8108108108108109,0.9659863945578231,0.1670766713862551,0.8095238095238095,0.0
Promise,xalan-2.7,GaussianNB,740,20,0.010810810810810811,2,2,1.0,0.8231292517006803,0.9029850746268657,0.9072647087265547,0.8243243243243243,0.9591836734693877,0.1746031746031746,0.8231292517006803,0.0
Promise,xalan-2.7,DecisionTree,740,20,0.010810810810810811,2,2,1.0,0.9863945578231292,0.9931506849315068,0.9931739816482957,0.9864864864864865,0.9965986394557823,0.573409265656776,0.9863945578231292,0.0
Promise,xalan-2.7,RandomForest,740,20,0.010810810810810811,2,2,1.0,1.0,1.0,1.0,1.0,1.0,1.0,1.0,0.0
Promise,xalan-2.7,KNN,740,20,0.010810810810810811,2,2,0.9932432432432432,1.0,0.9966101694915255,0.0,0.9932432432432432,1.0,0.0,1.0,1.0
Promise,xalan-2.7,Dummy,740,20,0.010810810810810811,2,3,0.9864864864864865,1.0,0.9931972789115646,0.0,0.9864864864864865,0.5,0.0,1.0,1.0
Promise,xalan-2.7,LogisticRegression,740,20,0.010810810810810811,2,3,1.0,0.7876712328767124,0.8812260536398467,0.8875084410171614,0.7905405405405406,0.952054794520548,0.21848947452309114,0.7876712328767124,0.0
Promise,xalan-2.7,GaussianNB,740,20,0.010810810810810811,2,3,0.992,0.8493150684931506,0.915129151291513,0.6516575283433587,0.8445945945945946,0.702054794520548,0.11132426117280116,0.8493150684931506,0.5
Promise,xalan-2.7,DecisionTree,740,20,0.010810810810810811,2,3,0.993103448275862,0.9863013698630136,0.9896907216494846,0.7022468831767834,0.9797297297297297,0.7465753424657534,0.39843023739448435,0.9863013698630136,0.5
Promise,xalan-2.7,RandomForest,740,20,0.010810810810810811,2,3,0.9931972789115646,1.0,0.9965870307167235,0.7071067811865476,0.9932432432432432,0.9383561643835616,0.7046975517594639,1.0,0.5
Promise,xalan-2.7,KNN,740,20,0.010810810810810811,2,3,0.9864864864864865,1.0,0.9931972789115646,0.0,0.9864864864864865,0.7397260273972602,0.0,1.0,1.0
Promise,xalan-2.7,Dummy,740,20,0.010810810810810811,2,4,0.9864864864864865,1.0,0.9931972789115646,0.0,0.9864864864864865,0.5,0.0,1.0,1.0
Promise,xalan-2.7,LogisticRegression,740,20,0.010810810810810811,2,4,0.9923076923076923,0.8835616438356164,0.9347826086956522,0.6646659476141441,0.8783783783783784,0.839041095890411,0.13549356453255965,0.8835616438356164,0.5
Promise,xalan-2.7,GaussianNB,740,20,0.010810810810810811,2,4,0.9863945578231292,0.9931506849315068,0.9897610921501706,0.0,0.9797297297297297,0.4965753424657534,-0.009653391119992657,0.9931506849315068,1.0
Promise,xalan-2.7,DecisionTree,740,20,0.010810810810810811,2,4,0.9864864864864865,1.0,0.9931972789115646,0.0,0.9864864864864865,0.5,0.0,1.0,1.0
Promise,xalan-2.7,RandomForest,740,20,0.010810810810810811,2,4,0.9864864864864865,1.0,0.9931972789115646,0.0,0.9864864864864865,0.3561643835616438,0.0,1.0,1.0
Promise,xalan-2.7,KNN,740,20,0.010810810810810811,2,4,0.9864864864864865,1.0,0.9931972789115646,0.0,0.9864864864864865,0.4863013698630137,0.0,1.0,1.0
Promise,xalan-2.7,Dummy,740,20,0.010810810810810811,2,5,0.9864864864864865,1.0,0.9931972789115646,0.0,0.9864864864864865,0.5,0.0,1.0,1.0
Promise,xalan-2.7,LogisticRegression,740,20,0.010810810810810811,2,5,1.0,0.8356164383561644,0.9104477611940298,0.9141205819563217,0.8378378378378378,0.9383561643835616,0.25353143309234616,0.8356164383561644,0.0
Promise,xalan-2.7,GaussianNB,740,20,0.010810810810810811,2,5,1.0,0.8424657534246576,0.9144981412639405,0.9178593320463967,0.8445945945945946,1.0,0.25960982314614484,0.8424657534246576,0.0
Promise,xalan-2.7,DecisionTree,740,20,0.010810810810810811,2,5,0.993103448275862,0.9863013698630136,0.9896907216494846,0.7022468831767834,0.9797297297297297,0.7465753424657534,0.39843023739448435,0.9863013698630136,0.5
Promise,xalan-2.7,RandomForest,740,20,0.010810810810810811,2,5,0.9931972789115646,1.0,0.9965870307167235,0.7071067811865476,0.9932432432432432,0.9931506849315068,0.7046975517594639,1.0,0.5
Promise,xalan-2.7,KNN,740,20,0.010810810810810811,2,5,0.9864864864864865,1.0,0.9931972789115646,0.0,0.9864864864864865,0.7345890410958904,0.0,1.0,1.0
Promise,xalan-2.7,Dummy,740,20,0.010810810810810811,3,1,0.9932432432432432,1.0,0.9966101694915255,0.0,0.9932432432432432,0.5,0.0,1.0,1.0
Promise,xalan-2.7,LogisticRegression,740,20,0.010810810810810811,3,1,0.9923664122137404,0.8843537414965986,0.935251798561151,0.0,0.8783783783783784,0.6054421768707483,-0.029711880897011187,0.8843537414965986,1.0
Promise,xalan-2.7,GaussianNB,740,20,0.010810810810810811,3,1,0.9925373134328358,0.9047619047619048,0.9466192170818505,0.0,0.8986486486486487,0.42857142857142855,-0.026659558398736394,0.9047619047619048,1.0
Promise,xalan-2.7,DecisionTree,740,20,0.010810810810810811,3,1,0.9931506849315068,0.9863945578231292,0.9897610921501706,0.0,0.9797297297297297,0.4931972789115646,-0.009653391119992657,0.9863945578231292,1.0
Promise,xalan-2.7,RandomForest,740,20,0.010810810810810811,3,1,0.9932432432432432,1.0,0.9966101694915255,0.0,0.9932432432432432,0.9319727891156463,0.0,1.0,1.0
Promise,xalan-2.7,KNN,740,20,0.010810810810810811,3,1,0.9932432432432432,1.0,0.9966101694915255,0.0,0.9932432432432432,0.4965986394557823,0.0,1.0,1.0
Promise,xalan-2.7,Dummy,740,20,0.010810810810810811,3,2,0.9932432432432432,1.0,0.9966101694915255,0.0,0.9932432432432432,0.5,0.0,1.0,1.0
Promise,xalan-2.7,LogisticRegression,740,20,0.010810810810810811,3,2,1.0,0.8095238095238095,0.8947368421052632,0.8997354108424374,0.8108108108108109,0.9931972789115646,0.1670766713862551,0.8095238095238095,0.0
Promise,xalan-2.7,GaussianNB,740,20,0.010810810810810811,3,2,1.0,0.8299319727891157,0.9070631970260223,0.9110060223670948,0.831081081081081,0.9727891156462585,0.17866298019424467,0.8299319727891157,0.0
Promise,xalan-2.7,DecisionTree,740,20,0.010810810810810811,3,2,1.0,1.0,1.0,1.0,1.0,1.0,1.0,1.0,0.0
Promise,xalan-2.7,RandomForest,740,20,0.010810810810810811,3,2,1.0,1.0,1.0,1.0,1.0,1.0,1.0,1.0,0.0
Promise,xalan-2.7,KNN,740,20,0.010810810810810811,3,2,0.9932432432432432,1.0,0.9966101694915255,0.0,0.9932432432432432,0.9965986394557823,0.0,1.0,1.0
Promise,xalan-2.7,Dummy,740,20,0.010810810810810811,3,3,0.9864864864864865,1.0,0.9931972789115646,0.0,0.9864864864864865,0.5,0.0,1.0,1.0
Promise,xalan-2.7,LogisticRegression,740,20,0.010810810810810811,3,3,0.9915254237288136,0.8013698630136986,0.8863636363636364,0.6329967863321656,0.7972972972972973,0.8321917808219178,0.08655449272285075,0.8013698630136986,0.5
Promise,xalan-2.7,GaussianNB,740,20,0.010810810810810811,3,3,1.0,0.8287671232876712,0.9063670411985019,0.9103664774626047,0.831081081081081,0.9075342465753424,0.2477703720798115,0.8287671232876712,0.0
Promise,xalan-2.7,DecisionTree,740,20,0.010810810810810811,3,3,0.9930555555555556,0.9794520547945206,0.9862068965517241,0.6998042779215202,0.972972972972973,0.7448630136986302,0.3413700126553808,0.9794520547945206,0.5
Promise,xalan-2.7,RandomForest,740,20,0.010810810810810811,3,3,0.9931972789115646,1.0,0.9965870307167235,0.7071067811865476,0.9932432432432432,0.6678082191780822,0.7046975517594639,1.0,0.5
Promise,xalan-2.7,KNN,740,20,0.010810810810810811,3,3,0.9864864864864865,1.0,0.9931972789115646,0.0,0.9864864864864865,0.7414383561643836,0.0,1.0,1.0
Promise,xalan-2.7,Dummy,740,20,0.010810810810810811,3,4,0.9864864864864865,1.0,0.9931972789115646,0.0,0.9864864864864865,0.5,0.0,1.0,1.0
Promise,xalan-2.7,LogisticRegression,740,20,0.010810810810810811,3,4,1.0,0.7876712328767124,0.8812260536398467,0.8875084410171614,0.7905405405405406,0.9349315068493151,0.21848947452309114,0.7876712328767124,0.0
Promise,xalan-2.7,GaussianNB,740,20,0.010810810810810811,3,4,0.9914529914529915,0.7945205479452054,0.8821292775665399,0.6302858668672515,0.7905405405405406,0.6934931506849316,0.0835666990875241,0.7945205479452054,0.5
Promise,xalan-2.7,DecisionTree,740,20,0.010810810810810811,3,4,0.993103448275862,0.9863013698630136,0.9896907216494846,0.7022468831767834,0.9797297297297297,0.7431506849315068,0.39843023739448435,0.9863013698630136,0.5
Promise,xalan-2.7,RandomForest,740,20,0.010810810810810811,3,4,0.9931972789115646,1.0,0.9965870307167235,0.7071067811865476,0.9932432432432432,0.9075342465753424,0.7046975517594639,1.0,0.5
Promise,xalan-2.7,KNN,740,20,0.010810810810810811,3,4,0.9864864864864865,1.0,0.9931972789115646,0.0,0.9864864864864865,0.7294520547945206,0.0,1.0,1.0
Promise,xalan-2.7,Dummy,740,20,0.010810810810810811,3,5,0.9864864864864865,1.0,0.9931972789115646,0.0,0.9864864864864865,0.5,0.0,1.0,1.0
Promise,xalan-2.7,LogisticRegression,740,20,0.010810810810810811,3,5,0.9847328244274809,0.8835616438356164,0.9314079422382672,0.0,0.8716216216216216,0.702054794520548,-0.042162599859794626,0.8835616438356164,1.0
Promise,xalan-2.7,GaussianNB,740,20,0.010810810810810811,3,5,1.0,0.8835616438356164,0.9381818181818182,0.9399795975634878,0.8851351351351351,0.9417808219178082,0.3049696523013425,0.8835616438356164,0.0
Promise,xalan-2.7,DecisionTree,740,20,0.010810810810810811,3,5,0.993103448275862,0.9863013698630136,0.9896907216494846,0.7022468831767834,0.9797297297297297,0.7465753424657534,0.39843023739448435,0.9863013698630136,0.5
Promise,xalan-2.7,RandomForest,740,20,0.010810810810810811,3,5,0.9864864864864865,1.0,0.9931972789115646,0.0,0.9864864864864865,0.8972602739726028,0.0,1.0,1.0
Promise,xalan-2.7,KNN,740,20,0.010810810810810811,3,5,0.9864864864864865,1.0,0.9931972789115646,0.0,0.9864864864864865,0.4897260273972603,0.0,1.0,1.0
Promise,xerces-1.4,Dummy,490,20,0.22857142857142856,1,1,0.8,0.7894736842105263,0.7947019867549668,0.5011947448335864,0.6836734693877551,0.5538277511961722,0.10598876186153085,0.7894736842105263,0.6818181818181818
Promise,xerces-1.4,LogisticRegression,490,20,0.22857142857142856,1,1,0.9375,0.7894736842105263,0.8571428571428571,0.8036995796652298,0.7959183673469388,0.8720095693779905,0.5326551444933665,0.7894736842105263,0.18181818181818182
Promise,xerces-1.4,GaussianNB,490,20,0.22857142857142856,1,1,0.9534883720930233,0.5394736842105263,0.6890756302521008,0.7003075196009032,0.6224489795918368,0.8032296650717702,0.3771616737001224,0.5394736842105263,0.09090909090909091
Promise,xerces-1.4,DecisionTree,490,20,0.22857142857142856,1,1,0.9066666666666666,0.8947368421052632,0.9006622516556292,0.7810555978225571,0.8469387755102041,0.8014354066985645,0.5676287024139763,0.8947368421052632,0.3181818181818182
Promise,xerces-1.4,RandomForest,490,20,0.22857142857142856,1,1,0.9125,0.9605263157894737,0.9358974358974359,0.8092615808378003,0.8979591836734694,0.8851674641148325,0.6921574515954033,0.9605263157894737,0.3181818181818182
Promise,xerces-1.4,KNN,490,20,0.22857142857142856,1,1,0.8717948717948718,0.8947368421052632,0.8831168831168831,0.6985973643751898,0.8163265306122449,0.7858851674641149,0.4557192548696913,0.8947368421052632,0.45454545454545453
Promise,xerces-1.4,Dummy,490,20,0.22857142857142856,1,2,0.7866666666666666,0.7763157894736842,0.7814569536423841,0.4601331199101815,0.6632653061224489,0.5245215311004784,0.04828376929247516,0.7763157894736842,0.7272727272727273
Promise,xerces-1.4,LogisticRegression,490,20,0.22857142857142856,1,2,0.953125,0.8026315789473685,0.8714285714285714,0.8325754129097365,0.8163265306122449,0.923444976076555,0.5840332981944982,0.8026315789473685,0.13636363636363635
Promise,xerces-1.4,GaussianNB,490,20,0.22857142857142856,1,2,0.8979591836734694,0.5789473684210527,0.704,0.6688560540599386,0.6224489795918368,0.8325358851674641,0.2934695928267111,0.5789473684210527,0.22727272727272727
Promise,xerces-1.4,DecisionTree,490,20,0.22857142857142856,1,2,0.9066666666666666,0.8947368421052632,0.9006622516556292,0.7810555978225571,0.8469387755102041,0.8077153110047847,0.5676287024139763,0.8947368421052632,0.3181818181818182
Promise,xerces-1.4,RandomForest,490,20,0.22857142857142856,1,2,0.9240506329113924,0.9605263157894737,0.9419354838709677,0.8358017667494101,0.9081632653061225,0.9282296650717703,0.7259209958066503,0.9605263157894737,0.2727272727272727
Promise,xerces-1.4,KNN,490,20,0.22857142857142856,1,2,0.8987341772151899,0.9342105263157895,0.9161290322580645,0.7710367096679006,0.8673469387755102,0.86872009569378,0.602198808695256,0.9342105263157895,0.36363636363636365
Promise,xerces-1.4,Dummy,490,20,0.22857142857142856,1,3,0.7333333333333333,0.7236842105263158,0.7284768211920529,0.25649458802128855,0.5816326530612245,0.4072966507177034,-0.18253620098374757,0.7236842105263158,0.9090909090909091
Promise,xerces-1.4,LogisticRegression,490,20,0.22857142857142856,1,3,0.9682539682539683,0.8026315789473685,0.8776978417266187,0.8542043501237482,0.826530612244898,0.9288277511961722,0.61976140561806,0.8026315789473685,0.09090909090909091
Promise,xerces-1.4,GaussianNB,490,20,0.22857142857142856,1,3,0.9777777777777777,0.5789473684210527,0.7272727272727273,0.7433919416750282,0.6632653061224489,0.8803827751196172,0.44668619035812596,0.5789473684210527,0.045454545454545456
Promise,xerces-1.4,DecisionTree,490,20,0.22857142857142856,1,3,0.9565217391304348,0.868421052631579,0.9103448275862069,0.8660254037844386,0.8673469387755102,0.8803827751196172,0.6691750452126956,0.868421052631579,0.13636363636363635
Promise,xerces-1.4,RandomForest,490,20,0.22857142857142856,1,3,0.9466666666666667,0.9342105263157895,0.9403973509933775,0.8742734509211898,0.9081632653061225,0.9491626794258373,0.7407436801211433,0.9342105263157895,0.18181818181818182
Promise,xerces-1.4,KNN,490,20,0.22857142857142856,1,3,0.918918918918919,0.8947368421052632,0.9066666666666666,0.8066707527543578,0.8571428571428571,0.8531698564593302,0.60352285617369,0.8947368421052632,0.2727272727272727
Promise,xerces-1.4,Dummy,490,20,0.22857142857142856,1,4,0.7435897435897436,0.7733333333333333,0.7581699346405228,0.31759969335216826,0.6224489795918368,0.4518840579710145,-0.10119317890772461,0.7733333333333333,0.8695652173913043
Promise,xerces-1.4,LogisticRegression,490,20,0.22857142857142856,1,4,0.95,0.76,0.8444444444444444,0.8129388446970603,0.7857142857142857,0.9049275362318839,0.5476055638385267,0.76,0.13043478260869565
Promise,xerces-1.4,GaussianNB,490,20,0.22857142857142856,1,4,0.9787234042553191,0.6133333333333333,0.7540983606557377,0.7659416862050705,0.6938775510204082,0.8915942028985507,0.4834203752124869,0.6133333333333333,0.043478260869565216
Promise,xerces-1.4,DecisionTree,490,20,0.22857142857142856,1,4,0.9420289855072463,0.8666666666666667,0.9027777777777778,0.8461335763255748,0.8571428571428571,0.8718840579710145,0.6432055916567448,0.8666666666666667,0.17391304347826086
Promise,xerces-1.4,RandomForest,490,20,0.22857142857142856,1,4,0.9594594594594594,0.9466666666666667,0.9530201342281879,0.9072973083819336,0.9285714285714286,0.9385507246376812,0.8044269730241782,0.9466666666666667,0.13043478260869565
Promise,xerces-1.4,KNN,490,20,0.22857142857142856,1,4,0.8961038961038961,0.92,0.9078947368421053,0.7745966692414834,0.8571428571428571,0.896231884057971,0.5909729366542156,0.92,0.34782608695652173
Promise,xerces-1.4,Dummy,490,20,0.22857142857142856,1,5,0.7692307692307693,0.8,0.7843137254901961,0.41702882811414954,0.6632653061224489,0.508695652173913,0.018287923898986376,0.8,0.782608695652174
Promise,xerces-1.4,LogisticRegression,490,20,0.22857142857142856,1,5,0.9333333333333333,0.7466666666666667,0.8296296296296296,0.785373538007806,0.7653061224489796,0.8713043478260869,0.49818996047188246,0.7466666666666667,0.17391304347826086
Promise,xerces-1.4,GaussianNB,490,20,0.22857142857142856,1,5,0.9333333333333333,0.56,0.7,0.6978227007909176,0.6326530612244898,0.750144927536232,0.36532506193119874,0.56,0.13043478260869565
Promise,xerces-1.4,DecisionTree,490,20,0.22857142857142856,1,5,0.9154929577464789,0.8666666666666667,0.8904109589041096,0.8003622368308787,0.8367346938775511,0.8246376811594203,0.5746596239226973,0.8666666666666667,0.2608695652173913
Promise,xerces-1.4,RandomForest,490,20,0.22857142857142856,1,5,0.9230769230769231,0.96,0.9411764705882353,0.8423569417956406,0.9081632653061225,0.942608695652174,0.7351745407392523,0.96,0.2608695652173913
Promise,xerces-1.4,KNN,490,20,0.22857142857142856,1,5,0.8589743589743589,0.8933333333333333,0.8758169934640523,0.6827056148309746,0.8061224489795918,0.8356521739130434,0.4364717837224748,0.8933333333333333,0.4782608695652174
Promise,xerces-1.4,Dummy,490,20,0.22857142857142856,2,1,0.7466666666666667,0.7368421052631579,0.7417218543046358,0.3169833889962083,0.6020408163265306,0.4366028708133971,-0.12483120841469188,0.7368421052631579,0.8636363636363636
Promise,xerces-1.4,LogisticRegression,490,20,0.22857142857142856,2,1,0.9701492537313433,0.8552631578947368,0.9090909090909091,0.8817663872718715,0.8673469387755102,0.93122009569378,0.6857952440829312,0.8552631578947368,0.09090909090909091
Promise,xerces-1.4,GaussianNB,490,20,0.22857142857142856,2,1,0.9777777777777777,0.5789473684210527,0.7272727272727273,0.7433919416750282,0.6632653061224489,0.8827751196172249,0.44668619035812596,0.5789473684210527,0.045454545454545456
Promise,xerces-1.4,DecisionTree,490,20,0.22857142857142856,2,1,0.9358974358974359,0.9605263157894737,0.948051948051948,0.8615247415964182,0.9183673469387755,0.8717105263157895,0.7591193022693499,0.9605263157894737,0.22727272727272727
Promise,xerces-1.4,RandomForest,490,20,0.22857142857142856,2,1,0.96,0.9473684210526315,0.9536423841059603,0.9045340337332909,0.9285714285714286,0.9461722488038278,0.798448672690199,0.9473684210526315,0.13636363636363635
Promise,xerces-1.4,KNN,490,20,0.22857142857142856,2,1,0.935064935064935,0.9473684210526315,0.9411764705882353,0.8556035391861949,0.9081632653061225,0.8863636363636364,0.7322398163275062,0.9473684210526315,0.22727272727272727
Promise,xerces-1.4,Dummy,490,20,0.22857142857142856,2,2,0.7866666666666666,0.7763157894736842,0.7814569536423841,0.4601331199101815,0.6632653061224489,0.5245215311004784,0.04828376929247516,0.7763157894736842,0.7272727272727273
Promise,xerces-1.4,LogisticRegression,490,20,0.22857142857142856,2,2,0.9615384615384616,0.6578947368421053,0.78125,0.7733602811121825,0.7142857142857143,0.9043062200956938,0.47403413168626635,0.6578947368421053,0.09090909090909091
Promise,xerces-1.4,GaussianNB,490,20,0.22857142857142856,2,2,0.9743589743589743,0.5,0.6608695652173913,0.6908492797077574,0.6020408163265306,0.8319377990430622,0.38746916460820985,0.5,0.045454545454545456
Promise,xerces-1.4,DecisionTree,490,20,0.22857142857142856,2,2,0.92,0.9078947368421053,0.9139072847682119,0.8125805076050698,0.8673469387755102,0.8220693779904307,0.6253336949830319,0.9078947368421053,0.2727272727272727
Promise,xerces-1.4,RandomForest,490,20,0.22857142857142856,2,2,0.9135802469135802,0.9736842105263158,0.9426751592356688,0.8147856148006815,0.9081632653061225,0.9425837320574163,0.7223130269761243,0.9736842105263158,0.3181818181818182
Promise,xerces-1.4,KNN,490,20,0.22857142857142856,2,2,0.9166666666666666,0.868421052631579,0.8918918918918919,0.7947194142390264,0.8367346938775511,0.854066985645933,0.5629739241812718,0.868421052631579,0.2727272727272727
Promise,xerces-1.4,Dummy,490,20,0.22857142857142856,2,3,0.8,0.7894736842105263,0.7947019867549668,0.5011947448335864,0.6836734693877551,0.5538277511961722,0.10598876186153085,0.7894736842105263,0.6818181818181818
Promise,xerces-1.4,LogisticRegression,490,20,0.22857142857142856,2,3,0.9365079365079365,0.7763157894736842,0.8489208633093526,0.796973941929617,0.7857142857142857,0.9028110047846889,0.5176830564574384,0.7763157894736842,0.18181818181818182
Promise,xerces-1.4,GaussianNB,490,20,0.22857142857142856,2,3,0.9245283018867925,0.6447368421052632,0.7596899224806202,0.7263001870593784,0.6836734693877551,0.8421052631578947,0.3875954162972976,0.6447368421052632,0.18181818181818182
Promise,xerces-1.4,DecisionTree,490,20,0.22857142857142856,2,3,0.9315068493150684,0.8947368421052632,0.912751677852349,0.8314971796756814,0.8673469387755102,0.8412081339712918,0.6388731312961244,0.8947368421052632,0.22727272727272727
Promise,xerces-1.4,RandomForest,490,20,0.22857142857142856,2,3,0.9342105263157895,0.9342105263157895,0.9342105263157895,0.8496410725436419,0.8979591836734694,0.9105861244019139,0.7069377990430622,0.9342105263157895,0.22727272727272727
Promise,xerces-1.4,KNN,490,20,0.22857142857142856,2,3,0.9041095890410958,0.868421052631579,0.8859060402684564,0.7694837640638655,0.826530612244898,0.8495813397129187,0.5266696064448338,0.868421052631579,0.3181818181818182
Promise,xerces-1.4,Dummy,490,20,0.22857142857142856,2,4,0.7948717948717948,0.8266666666666667,0.8104575163398693,0.5015916694867956,0.7040816326530612,0.5655072463768116,0.13776902670569735,0.8266666666666667,0.6956521739130435
Promise,xerces-1.4,LogisticRegression,490,20,0.22857142857142856,2,4,0.9516129032258065,0.7866666666666666,0.8613138686131386,0.8270779715446983,0.8061224489795918,0.9118840579710145,0.5769056363400089,0.7866666666666666,0.13043478260869565
Promise,xerces-1.4,GaussianNB,490,20,0.22857142857142856,2,4,0.9347826086956522,0.5733333333333334,0.7107438016528925,0.7060812450686402,0.6428571428571429,0.8800000000000001,0.37611289308107443,0.5733333333333334,0.13043478260869565
Promise,xerces-1.4,DecisionTree,490,20,0.22857142857142856,2,4,0.9571428571428572,0.8933333333333333,0.9241379310344827,0.8813691588675533,0.8877551020408163,0.9139130434782609,0.7157037683692681,0.8933333333333333,0.13043478260869565
Promise,xerces-1.4,RandomForest,490,20,0.22857142857142856,2,4,0.9342105263157895,0.9466666666666667,0.9403973509933775,0.8607378028281268,0.9081632653061225,0.951304347826087,0.7407436801211433,0.9466666666666667,0.21739130434782608
Promise,xerces-1.4,KNN,490,20,0.22857142857142856,2,4,0.8674698795180723,0.96,0.9113924050632911,0.7077213895435062,0.8571428571428571,0.8672463768115942,0.5670505791818269,0.96,0.4782608695652174
Promise,xerces-1.4,Dummy,490,20,0.22857142857142856,2,5,0.717948717948718,0.7466666666666667,0.7320261437908496,0.18017704658458034,0.5816326530612245,0.39507246376811594,-0.2206742817144356,0.7466666666666667,0.9565217391304348
Promise,xerces-1.4,LogisticRegression,490,20,0.22857142857142856,2,5,0.8955223880597015,0.8,0.8450704225352113,0.746003846592251,0.7755102040816326,0.8568115942028985,0.4517033555054608,0.8,0.30434782608695654
Promise,xerces-1.4,GaussianNB,490,20,0.22857142857142856,2,5,0.9090909090909091,0.6666666666666666,0.7692307692307693,0.7223151185146152,0.6938775510204082,0.7623188405797101,0.3836998065718257,0.6666666666666666,0.21739130434782608
Promise,xerces-1.4,DecisionTree,490,20,0.22857142857142856,2,5,0.9436619718309859,0.8933333333333333,0.9178082191780822,0.8590523933339302,0.8775510204081632,0.8794202898550725,0.6824426730029353,0.8933333333333333,0.17391304347826086
Promise,xerces-1.4,RandomForest,490,20,0.22857142857142856,2,5,0.922077922077922,0.9466666666666667,0.9342105263157895,0.836486787060941,0.8979591836734694,0.9501449275362318,0.7083292645004428,0.9466666666666667,0.2608695652173913
Promise,xerces-1.4,KNN,490,20,0.22857142857142856,2,5,0.8554216867469879,0.9466666666666667,0.8987341772151899,0.6728696925768063,0.8367346938775511,0.7910144927536231,0.5001781883757871,0.9466666666666667,0.5217391304347826
Promise,xerces-1.4,Dummy,490,20,0.22857142857142856,3,1,0.8133333333333334,0.8026315789473685,0.8079470198675497,0.5402462667229955,0.7040816326530612,0.5831339712918661,0.16369375443058654,0.8026315789473685,0.6363636363636364
Promise,xerces-1.4,LogisticRegression,490,20,0.22857142857142856,3,1,0.9552238805970149,0.8421052631578947,0.8951048951048951,0.8528028654224418,0.8469387755102041,0.9192583732057417,0.6332068763833011,0.8421052631578947,0.13636363636363635
Promise,xerces-1.4,GaussianNB,490,20,0.22857142857142856,3,1,0.9298245614035088,0.6973684210526315,0.7969924812030075,0.7553635963424673,0.7244897959183674,0.8492822966507177,0.4360735778090652,0.6973684210526315,0.18181818181818182
Promise,xerces-1.4,DecisionTree,490,20,0.22857142857142856,3,1,0.9178082191780822,0.881578947368421,0.8993288590604027,0.8007173817014663,0.8469387755102041,0.8235645933014354,0.5827713688704792,0.881578947368421,0.2727272727272727
Promise,xerces-1.4,RandomForest,490,20,0.22857142857142856,3,1,0.9230769230769231,0.9473684210526315,0.935064935064935,0.8300573566392896,0.8979591836734694,0.9336124401913874,0.6984392927894181,0.9473684210526315,0.2727272727272727
Promise,xerces-1.4,KNN,490,20,0.22857142857142856,3,1,0.8641975308641975,0.9210526315789473,0.89171974522293,0.6786208925382962,0.826530612244898,0.8666267942583732,0.46396749178028424,0.9210526315789473,0.5
Promise,xerces-1.4,Dummy,490,20,0.22857142857142856,3,2,0.7866666666666666,0.7763157894736842,0.7814569536423841,0.4601331199101815,0.6632653061224489,0.5245215311004784,0.04828376929247516,0.7763157894736842,0.7272727272727273
Promise,xerces-1.4,LogisticRegression,490,20,0.22857142857142856,3,2,0.9838709677419355,0.8026315789473685,0.8840579710144928,0.8752989919786562,0.8367346938775511,0.9395933014354068,0.6553427119244877,0.8026315789473685,0.045454545454545456
Promise,xerces-1.4,GaussianNB,490,20,0.22857142857142856,3,2,0.9574468085106383,0.5921052631578947,0.7317073170731707,0.7336739820667777,0.6632653061224489,0.8436004784688995,0.41859290705589386,0.5921052631578947,0.09090909090909091
Promise,xerces-1.4,DecisionTree,490,20,0.22857142857142856,3,2,0.9014084507042254,0.8421052631578947,0.8707482993197279,0.7577352304240824,0.8061224489795918,0.8002392344497608,0.4892996590941933,0.8421052631578947,0.3181818181818182
Promise,xerces-1.4,RandomForest,490,20,0.22857142857142856,3,2,0.935064935064935,0.9473684210526315,0.9411764705882353,0.8556035391861949,0.9081632653061225,0.9485645933014354,0.7322398163275062,0.9473684210526315,0.22727272727272727
Promise,xerces-1.4,KNN,490,20,0.22857142857142856,3,2,0.8625,0.9078947368421053,0.8846153846153846,0.6737561639206373,0.8163265306122449,0.8507775119617225,0.4395264264320904,0.9078947368421053,0.5
Promise,xerces-1.4,Dummy,490,20,0.22857142857142856,3,3,0.8,0.7894736842105263,0.7947019867549668,0.5011947448335864,0.6836734693877551,0.5538277511961722,0.10598876186153085,0.7894736842105263,0.6818181818181818
Promise,xerces-1.4,LogisticRegression,490,20,0.22857142857142856,3,3,0.9322033898305084,0.7236842105263158,0.8148148148148148,0.7694837640638656,0.7448979591836735,0.8809808612440191,0.4619040304408396,0.7236842105263158,0.18181818181818182
Promise,xerces-1.4,GaussianNB,490,20,0.22857142857142856,3,3,0.9148936170212766,0.5657894736842105,0.6991869918699187,0.6803812609758453,0.6224489795918368,0.7996411483253588,0.32068812211203324,0.5657894736842105,0.18181818181818182
Promise,xerces-1.4,DecisionTree,490,20,0.22857142857142856,3,3,0.9333333333333333,0.9210526315789473,0.9271523178807947,0.8436364667546546,0.8877551020408163,0.853468899521531,0.6830386875520876,0.9210526315789473,0.22727272727272727
Promise,xerces-1.4,RandomForest,490,20,0.22857142857142856,3,3,0.9125,0.9605263157894737,0.9358974358974359,0.8092615808378003,0.8979591836734694,0.9061004784688995,0.6921574515954033,0.9605263157894737,0.3181818181818182
Promise,xerces-1.4,KNN,490,20,0.22857142857142856,3,3,0.8765432098765432,0.9342105263157895,0.9044585987261147,0.7138412834730354,0.8469387755102041,0.8283492822966507,0.5285538755792443,0.9342105263157895,0.45454545454545453
Promise,xerces-1.4,Dummy,490,20,0.22857142857142856,3,4,0.782051282051282,0.8133333333333334,0.7973856209150327,0.4606233961095314,0.6836734693877551,0.5371014492753623,0.07802847530234186,0.8133333333333334,0.7391304347826086
Promise,xerces-1.4,LogisticRegression,490,20,0.22857142857142856,3,4,0.9242424242424242,0.8133333333333334,0.8652482269503546,0.7978231252166328,0.8061224489795918,0.8991304347826087,0.5385817188657214,0.8133333333333334,0.21739130434782608
Promise,xerces-1.4,GaussianNB,490,20,0.22857142857142856,3,4,0.96,0.64,0.768,0.7644264687247273,0.7040816326530612,0.8553623188405798,0.4688654205725729,0.64,0.08695652173913043
Promise,xerces-1.4,DecisionTree,490,20,0.22857142857142856,3,4,0.9452054794520548,0.92,0.9324324324324325,0.8717797887081347,0.8979591836734694,0.8826086956521739,0.7253582631271511,0.92,0.17391304347826086
Promise,xerces-1.4,RandomForest,490,20,0.22857142857142856,3,4,0.9487179487179487,0.9866666666666667,0.9673202614379085,0.9028136373405732,0.9489795918367347,0.9657971014492754,0.8546556435459632,0.9866666666666667,0.17391304347826086
Promise,xerces-1.4,KNN,490,20,0.22857142857142856,3,4,0.8933333333333333,0.8933333333333333,0.8933333333333333,0.7632880816914239,0.8367346938775511,0.8020289855072464,0.5455072463768116,0.8933333333333333,0.34782608695652173
Promise,xerces-1.4,Dummy,490,20,0.22857142857142856,3,5,0.7435897435897436,0.7733333333333333,0.7581699346405228,0.31759969335216826,0.6224489795918368,0.4518840579710145,-0.10119317890772461,0.7733333333333333,0.8695652173913043
Promise,xerces-1.4,LogisticRegression,490,20,0.22857142857142856,3,5,0.9482758620689655,0.7333333333333333,0.8270676691729323,0.7985494095046904,0.7653061224489796,0.888695652173913,0.5198700487296963,0.7333333333333333,0.13043478260869565
Promise,xerces-1.4,GaussianNB,490,20,0.22857142857142856,3,5,0.8947368421052632,0.4533333333333333,0.6017699115044248,0.6119581306128618,0.5408163265306123,0.8133333333333335,0.24304409002778074,0.4533333333333333,0.17391304347826086
Promise,xerces-1.4,DecisionTree,490,20,0.22857142857142856,3,5,0.9264705882352942,0.84,0.8811188811188811,0.8107967096306115,0.826530612244898,0.8165217391304348,0.5725252538014451,0.84,0.21739130434782608
Promise,xerces-1.4,RandomForest,490,20,0.22857142857142856,3,5,0.9324324324324325,0.92,0.9261744966442953,0.8485281374238571,0.8877551020408163,0.9431884057971014,0.6924470818929715,0.92,0.21739130434782608
Promise,xerces-1.4,KNN,490,20,0.22857142857142856,3,5,0.88,0.88,0.88,0.7318826230435066,0.8163265306122449,0.8356521739130435,0.48869565217391303,0.88,0.391304347826087
ReLink,Apache,Dummy,194,26,0.4948453608247423,1,1,0.5714285714285714,0.6,0.5853658536585366,0.5619514869490163,0.5641025641025641,0.5631578947368422,0.1266495173722607,0.6,0.47368421052631576
ReLink,Apache,LogisticRegression,194,26,0.4948453608247423,1,1,0.7692307692307693,0.5,0.6060606060606061,0.6488856845230502,0.6666666666666666,0.7631578947368421,0.36273812505500586,0.5,0.15789473684210525
ReLink,Apache,GaussianNB,194,26,0.4948453608247423,1,1,0.0,0.0,0.0,0.0,0.48717948717948717,0.7421052631578948,0.0,0.0,0.0
ReLink,Apache,DecisionTree,194,26,0.4948453608247423,1,1,0.6428571428571429,0.45,0.5294117647058824,0.5758289219624358,0.5897435897435898,0.5868421052631578,0.19468501647301403,0.45,0.2631578947368421
ReLink,Apache,RandomForest,194,26,0.4948453608247423,1,1,0.7368421052631579,0.7,0.717948717948718,0.7181848464596078,0.717948717948718,0.7026315789473684,0.4368421052631579,0.7,0.2631578947368421
ReLink,Apache,KNN,194,26,0.4948453608247423,1,1,0.7368421052631579,0.7,0.717948717948718,0.7181848464596078,0.717948717948718,0.8039473684210526,0.4368421052631579,0.7,0.2631578947368421
ReLink,Apache,Dummy,194,26,0.4948453608247423,1,2,0.47619047619047616,0.5,0.4878048780487805,0.45883146774112354,0.46153846153846156,0.4605263157894737,-0.07915594835766294,0.5,0.5789473684210527
ReLink,Apache,LogisticRegression,194,26,0.4948453608247423,1,2,0.7,0.7,0.7,0.6920602346769048,0.6923076923076923,0.7894736842105263,0.38421052631578945,0.7,0.3157894736842105
ReLink,Apache,GaussianNB,194,26,0.4948453608247423,1,2,0.5,0.95,0.6551724137931034,0.0,0.48717948717948717,0.7473684210526316,-0.15811388300841897,0.95,1.0
ReLink,Apache,DecisionTree,194,26,0.4948453608247423,1,2,0.6875,0.55,0.6111111111111112,0.6366028258614133,0.6410256410256411,0.6407894736842106,0.2914813620788802,0.55,0.2631578947368421
ReLink,Apache,RandomForest,194,26,0.4948453608247423,1,2,0.7222222222222222,0.65,0.6842105263157895,0.6920602346769048,0.6923076923076923,0.8052631578947368,0.38786414695254845,0.65,0.2631578947368421
ReLink,Apache,KNN,194,26,0.4948453608247423,1,2,0.6666666666666666,0.7,0.6829268292682927,0.6649099662043687,0.6666666666666666,0.7223684210526315,0.33245498310218435,0.7,0.3684210526315789
ReLink,Apache,Dummy,194,26,0.4948453608247423,1,3,0.42857142857142855,0.45,0.43902439024390244,0.40717253552297766,0.41025641025641024,0.40921052631578947,-0.18205868122262478,0.45,0.631578947368421
ReLink,Apache,LogisticRegression,194,26,0.4948453608247423,1,3,0.8125,0.65,0.7222222222222222,0.7398435111918139,0.7435897435897436,0.7921052631578948,0.5000643551261523,0.65,0.15789473684210525
ReLink,Apache,GaussianNB,194,26,0.4948453608247423,1,3,0.0,0.0,0.0,0.0,0.48717948717948717,0.8763157894736842,0.0,0.0,0.0
ReLink,Apache,DecisionTree,194,26,0.4948453608247423,1,3,0.7058823529411765,0.6,0.6486486486486487,0.6649099662043687,0.6666666666666666,0.6710526315789475,0.33953329668134963,0.6,0.2631578947368421
ReLink,Apache,RandomForest,194,26,0.4948453608247423,1,3,0.7894736842105263,0.75,0.7692307692307693,0.7694837640638655,0.7692307692307693,0.8368421052631579,0.5394736842105263,0.75,0.21052631578947367
ReLink,Apache,KNN,194,26,0.4948453608247423,1,3,0.7142857142857143,0.75,0.7317073170731707,0.7163503994113789,0.717948717948718,0.8092105263157895,0.4353577159671462,0.75,0.3157894736842105
ReLink,Apache,Dummy,194,26,0.4948453608247423,1,4,0.6190476190476191,0.6842105263157895,0.65,0.6407232755171874,0.6410256410256411,0.6421052631578946,0.28496141408758663,0.6842105263157895,0.4
ReLink,Apache,LogisticRegression,194,26,0.4948453608247423,1,4,0.875,0.7368421052631579,0.8,0.8143450710459553,0.8205128205128205,0.8368421052631578,0.6471421066338442,0.7368421052631579,0.1
ReLink,Apache,GaussianNB,194,26,0.4948453608247423,1,4,0.47368421052631576,0.9473684210526315,0.631578947368421,0.0,0.46153846153846156,0.7289473684210527,-0.16643566632465154,0.9473684210526315,1.0
ReLink,Apache,DecisionTree,194,26,0.4948453608247423,1,4,0.6363636363636364,0.7368421052631579,0.6829268292682927,0.6649099662043687,0.6666666666666666,0.6921052631578948,0.33953329668134963,0.7368421052631579,0.4
ReLink,Apache,RandomForest,194,26,0.4948453608247423,1,4,0.5789473684210527,0.5789473684210527,0.5789473684210527,0.5893796917545019,0.5897435897435898,0.7131578947368421,0.17894736842105263,0.5789473684210527,0.4
ReLink,Apache,KNN,194,26,0.4948453608247423,1,4,0.631578947368421,0.631578947368421,0.631578947368421,0.6407232755171874,0.6410256410256411,0.731578947368421,0.28157894736842104,0.631578947368421,0.35
ReLink,Apache,Dummy,194,26,0.4948453608247423,1,5,0.38095238095238093,0.42105263157894735,0.4,0.36464227527765836,0.3684210526315789,0.3684210526315789,-0.26462806201248157,0.42105263157894735,0.6842105263157895
ReLink,Apache,LogisticRegression,194,26,0.4948453608247423,1,5,0.75,0.7894736842105263,0.7692307692307693,0.7627040392731284,0.7631578947368421,0.7700831024930748,0.5270462766947298,0.7894736842105263,0.2631578947368421
ReLink,Apache,GaussianNB,194,26,0.4948453608247423,1,5,0.0,0.0,0.0,0.0,0.47368421052631576,0.7202216066481993,-0.1643989873053573,0.0,0.05263157894736842
ReLink,Apache,DecisionTree,194,26,0.4948453608247423,1,5,0.6875,0.5789473684210527,0.6285714285714286,0.653140718210045,0.6578947368421053,0.682825484764543,0.31980107453341566,0.5789473684210527,0.2631578947368421
ReLink,Apache,RandomForest,194,26,0.4948453608247423,1,5,0.6666666666666666,0.8421052631578947,0.7441860465116279,0.6982367979695578,0.7105263157894737,0.7673130193905817,0.4364357804719848,0.8421052631578947,0.42105263157894735
ReLink,Apache,KNN,194,26,0.4948453608247423,1,5,0.6153846153846154,0.8421052631578947,0.7111111111111111,0.631578947368421,0.6578947368421053,0.7174515235457064,0.3396831102433787,0.8421052631578947,0.5263157894736842
ReLink,Apache,Dummy,194,26,0.4948453608247423,2,1,0.47619047619047616,0.5,0.4878048780487805,0.45883146774112354,0.46153846153846156,0.4605263157894737,-0.07915594835766294,0.5,0.5789473684210527
ReLink,Apache,LogisticRegression,194,26,0.4948453608247423,2,1,0.7368421052631579,0.7,0.717948717948718,0.7181848464596078,0.717948717948718,0.7842105263157895,0.4368421052631579,0.7,0.2631578947368421
ReLink,Apache,GaussianNB,194,26,0.4948453608247423,2,1,0.5,0.05,0.09090909090909091,0.2176428750330035,0.48717948717948717,0.7802631578947368,-0.005963378041608701,0.05,0.05263157894736842
ReLink,Apache,DecisionTree,194,26,0.4948453608247423,2,1,0.6153846153846154,0.4,0.48484848484848486,0.5428967140306369,0.5641025641025641,0.5763157894736842,0.14509525002200233,0.4,0.2631578947368421
ReLink,Apache,RandomForest,194,26,0.4948453608247423,2,1,0.7142857142857143,0.75,0.7317073170731707,0.7163503994113789,0.717948717948718,0.7894736842105263,0.4353577159671462,0.75,0.3157894736842105
ReLink,Apache,KNN,194,26,0.4948453608247423,2,1,0.6666666666666666,0.8,0.7272727272727273,0.6805570473787206,0.6923076923076923,0.7105263157894737,0.3893314107138301,0.8,0.42105263157894735
ReLink,Apache,Dummy,194,26,0.4948453608247423,2,2,0.5238095238095238,0.55,0.5365853658536586,0.5104177855340405,0.5128205128205128,0.5118421052631579,0.023746784507298883,0.55,0.5263157894736842
ReLink,Apache,LogisticRegression,194,26,0.4948453608247423,2,2,0.7,0.7,0.7,0.6920602346769048,0.6923076923076923,0.8289473684210527,0.38421052631578945,0.7,0.3157894736842105
ReLink,Apache,GaussianNB,194,26,0.4948453608247423,2,2,0.5,0.95,0.6551724137931034,0.0,0.48717948717948717,0.7789473684210526,-0.15811388300841897,0.95,1.0
ReLink,Apache,DecisionTree,194,26,0.4948453608247423,2,2,0.7894736842105263,0.75,0.7692307692307693,0.7694837640638655,0.7692307692307693,0.756578947368421,0.5394736842105263,0.75,0.21052631578947367
ReLink,Apache,RandomForest,194,26,0.4948453608247423,2,2,0.7368421052631579,0.7,0.717948717948718,0.7181848464596078,0.717948717948718,0.75,0.4368421052631579,0.7,0.2631578947368421
ReLink,Apache,KNN,194,26,0.4948453608247423,2,2,0.6666666666666666,0.8,0.7272727272727273,0.6805570473787206,0.6923076923076923,0.7842105263157895,0.3893314107138301,0.8,0.42105263157894735
ReLink,Apache,Dummy,194,26,0.4948453608247423,2,3,0.47619047619047616,0.5,0.4878048780487805,0.45883146774112354,0.46153846153846156,0.4605263157894737,-0.07915594835766294,0.5,0.5789473684210527
ReLink,Apache,LogisticRegression,194,26,0.4948453608247423,2,3,0.7058823529411765,0.6,0.6486486486486487,0.6649099662043687,0.6666666666666666,0.7526315789473684,0.33953329668134963,0.6,0.2631578947368421
ReLink,Apache,GaussianNB,194,26,0.4948453608247423,2,3,0.0,0.0,0.0,0.0,0.48717948717948717,0.8868421052631579,0.0,0.0,0.0
ReLink,Apache,DecisionTree,194,26,0.4948453608247423,2,3,0.75,0.6,0.6666666666666666,0.6882472016116853,0.6923076923076923,0.718421052631579,0.39577285860251626,0.6,0.21052631578947367
ReLink,Apache,RandomForest,194,26,0.4948453608247423,2,3,0.8823529411764706,0.75,0.8108108108108109,0.8191780219091253,0.8205128205128205,0.9,0.6498879506791457,0.75,0.10526315789473684
ReLink,Apache,KNN,194,26,0.4948453608247423,2,3,0.7857142857142857,0.55,0.6470588235294118,0.6805570473787206,0.6923076923076923,0.8065789473684211,0.4085643303447759,0.55,0.15789473684210525
ReLink,Apache,Dummy,194,26,0.4948453608247423,2,4,0.3333333333333333,0.3684210526315789,0.35,0.33245498310218435,0.3333333333333333,0.3342105263157895,-0.33245498310218435,0.3684210526315789,0.7
ReLink,Apache,LogisticRegression,194,26,0.4948453608247423,2,4,0.7692307692307693,0.5263157894736842,0.625,0.6688560540599386,0.6923076923076923,0.7552631578947369,0.3990119375605064,0.5263157894736842,0.15
ReLink,Apache,GaussianNB,194,26,0.4948453608247423,2,4,0.0,0.0,0.0,0.0,0.5128205128205128,0.6842105263157895,0.0,0.0,0.0
ReLink,Apache,DecisionTree,194,26,0.4948453608247423,2,4,0.5,0.42105263157894735,0.45714285714285713,0.5026246899500345,0.5128205128205128,0.5578947368421053,0.021393127492027906,0.42105263157894735,0.4
ReLink,Apache,RandomForest,194,26,0.4948453608247423,2,4,0.6363636363636364,0.7368421052631579,0.6829268292682927,0.6649099662043687,0.6666666666666666,0.7421052631578947,0.33953329668134963,0.7368421052631579,0.4
ReLink,Apache,KNN,194,26,0.4948453608247423,2,4,0.631578947368421,0.631578947368421,0.631578947368421,0.6407232755171874,0.6410256410256411,0.6736842105263158,0.28157894736842104,0.631578947368421,0.35
ReLink,Apache,Dummy,194,26,0.4948453608247423,2,5,0.5714285714285714,0.631578947368421,0.6,0.5765500605317538,0.5789473684210527,0.5789473684210527,0.15877683720748895,0.631578947368421,0.47368421052631576
ReLink,Apache,LogisticRegression,194,26,0.4948453608247423,2,5,0.6521739130434783,0.7894736842105263,0.7142857142857143,0.6760648725613226,0.6842105263157895,0.7174515235457063,0.3768673314407158,0.7894736842105263,0.42105263157894735
ReLink,Apache,GaussianNB,194,26,0.4948453608247423,2,5,0.0,0.0,0.0,0.0,0.5,0.7479224376731302,0.0,0.0,0.0
ReLink,Apache,DecisionTree,194,26,0.4948453608247423,2,5,0.6190476190476191,0.6842105263157895,0.65,0.6293821443737578,0.631578947368421,0.6620498614958449,0.26462806201248157,0.6842105263157895,0.42105263157894735
ReLink,Apache,RandomForest,194,26,0.4948453608247423,2,5,0.65,0.6842105263157895,0.6666666666666666,0.6573682103577261,0.6578947368421053,0.739612188365651,0.3162277660168379,0.6842105263157895,0.3684210526315789
ReLink,Apache,KNN,194,26,0.4948453608247423,2,5,0.7,0.7368421052631579,0.717948717948718,0.7100388191174758,0.7105263157894737,0.7534626038781164,0.4216370213557839,0.7368421052631579,0.3157894736842105
ReLink,Apache,Dummy,194,26,0.4948453608247423,3,1,0.42857142857142855,0.45,0.43902439024390244,0.40717253552297766,0.41025641025641024,0.40921052631578947,-0.18205868122262478,0.45,0.631578947368421
ReLink,Apache,LogisticRegression,194,26,0.4948453608247423,3,1,0.8333333333333334,0.75,0.7894736842105263,0.7947194142390263,0.7948717948717948,0.8394736842105264,0.5936696126824721,0.75,0.15789473684210525
ReLink,Apache,GaussianNB,194,26,0.4948453608247423,3,1,0.0,0.0,0.0,0.0,0.48717948717948717,0.8368421052631578,0.0,0.0,0.0
ReLink,Apache,DecisionTree,194,26,0.4948453608247423,3,1,0.6875,0.55,0.6111111111111112,0.6366028258614133,0.6410256410256411,0.656578947368421,0.2914813620788802,0.55,0.2631578947368421
ReLink,Apache,RandomForest,194,26,0.4948453608247423,3,1,0.7272727272727273,0.8,0.7619047619047619,0.7398435111918139,0.7435897435897436,0.8526315789473685,0.48807911397944004,0.8,0.3157894736842105
ReLink,Apache,KNN,194,26,0.4948453608247423,3,1,0.7894736842105263,0.75,0.7692307692307693,0.7694837640638655,0.7692307692307693,0.8210526315789473,0.5394736842105263,0.75,0.21052631578947367
ReLink,Apache,Dummy,194,26,0.4948453608247423,3,2,0.42857142857142855,0.45,0.43902439024390244,0.40717253552297766,0.41025641025641024,0.40921052631578947,-0.18205868122262478,0.45,0.631578947368421
ReLink,Apache,LogisticRegression,194,26,0.4948453608247423,3,2,0.75,0.45,0.5625,0.6155870112510925,0.6410256410256411,0.636842105263158,0.3163433252262558,0.45,0.15789473684210525
ReLink,Apache,GaussianNB,194,26,0.4948453608247423,3,2,0.4864864864864865,0.9,0.631578947368421,0.0,0.46153846153846156,0.6631578947368421,-0.22660836558113065,0.9,1.0
ReLink,Apache,DecisionTree,194,26,0.4948453608247423,3,2,0.6666666666666666,0.5,0.5714285714285714,0.6069769786668839,0.6153846153846154,0.6881578947368421,0.24333213169614382,0.5,0.2631578947368421
ReLink,Apache,RandomForest,194,26,0.4948453608247423,3,2,0.7058823529411765,0.6,0.6486486486486487,0.6649099662043687,0.6666666666666666,0.7131578947368421,0.33953329668134963,0.6,0.2631578947368421
ReLink,Apache,KNN,194,26,0.4948453608247423,3,2,0.6190476190476191,0.65,0.6341463414634146,0.6134458325505882,0.6153846153846154,0.6513157894736843,0.22955225023722253,0.65,0.42105263157894735
ReLink,Apache,Dummy,194,26,0.4948453608247423,3,3,0.5238095238095238,0.55,0.5365853658536586,0.5104177855340405,0.5128205128205128,0.5118421052631579,0.023746784507298883,0.55,0.5263157894736842
ReLink,Apache,LogisticRegression,194,26,0.4948453608247423,3,3,0.8571428571428571,0.6,0.7058823529411765,0.7326950970650465,0.7435897435897436,0.8157894736842105,0.5155039872806568,0.6,0.10526315789473684
ReLink,Apache,GaussianNB,194,26,0.4948453608247423,3,3,0.0,0.0,0.0,0.0,0.46153846153846156,0.8184210526315789,-0.16643566632465154,0.0,0.05263157894736842
ReLink,Apache,DecisionTree,194,26,0.4948453608247423,3,3,0.8823529411764706,0.75,0.8108108108108109,0.8191780219091253,0.8205128205128205,0.8500000000000001,0.6498879506791457,0.75,0.10526315789473684
ReLink,Apache,RandomForest,194,26,0.4948453608247423,3,3,0.8823529411764706,0.75,0.8108108108108109,0.8191780219091253,0.8205128205128205,0.8657894736842106,0.6498879506791457,0.75,0.10526315789473684
ReLink,Apache,KNN,194,26,0.4948453608247423,3,3,0.7777777777777778,0.7,0.7368421052631579,0.7433919416750281,0.7435897435897436,0.7776315789473685,0.49076687981751027,0.7,0.21052631578947367
ReLink,Apache,Dummy,194,26,0.4948453608247423,3,4,0.47619047619047616,0.5263157894736842,0.5,0.4866642633922876,0.48717948717948717,0.48815789473684207,-0.023746784507298883,0.5263157894736842,0.55
ReLink,Apache,LogisticRegression,194,26,0.4948453608247423,3,4,0.7142857142857143,0.7894736842105263,0.75,0.7433919416750281,0.7435897435897436,0.7552631578947369,0.49076687981751027,0.7894736842105263,0.3
ReLink,Apache,GaussianNB,194,26,0.4948453608247423,3,4,0.0,0.0,0.0,0.0,0.5128205128205128,0.7157894736842104,0.0,0.0,0.0
ReLink,Apache,DecisionTree,194,26,0.4948453608247423,3,4,0.5238095238095238,0.5789473684210527,0.55,0.5380275868489703,0.5384615384615384,0.5552631578947369,0.07915594835766294,0.5789473684210527,0.5
ReLink,Apache,RandomForest,194,26,0.4948453608247423,3,4,0.6153846153846154,0.8421052631578947,0.7111111111111111,0.6488856845230502,0.6666666666666666,0.7342105263157894,0.36273812505500586,0.8421052631578947,0.5
ReLink,Apache,KNN,194,26,0.4948453608247423,3,4,0.6,0.7894736842105263,0.6818181818181818,0.6282808624375432,0.6410256410256411,0.675,0.301624673408895,0.7894736842105263,0.5
ReLink,Apache,Dummy,194,26,0.4948453608247423,3,5,0.38095238095238093,0.42105263157894735,0.4,0.36464227527765836,0.3684210526315789,0.3684210526315789,-0.26462806201248157,0.42105263157894735,0.6842105263157895
ReLink,Apache,LogisticRegression,194,26,0.4948453608247423,3,5,0.6666666666666666,0.7368421052631579,0.7,0.6821832314113536,0.6842105263157895,0.7894736842105263,0.37047928681747416,0.7368421052631579,0.3684210526315789
ReLink,Apache,GaussianNB,194,26,0.4948453608247423,3,5,0.0,0.0,0.0,0.0,0.5,0.7867036011080333,0.0,0.0,0.0
ReLink,Apache,DecisionTree,194,26,0.4948453608247423,3,5,0.7142857142857143,0.5263157894736842,0.6060606060606061,0.64460256389031,0.6578947368421053,0.6440443213296398,0.3273268353539886,0.5263157894736842,0.21052631578947367
ReLink,Apache,RandomForest,194,26,0.4948453608247423,3,5,0.7142857142857143,0.7894736842105263,0.75,0.7349600023036286,0.7368421052631579,0.7590027700831025,0.4763305116224668,0.7894736842105263,0.3157894736842105
ReLink,Apache,KNN,194,26,0.4948453608247423,3,5,0.6521739130434783,0.7894736842105263,0.7142857142857143,0.6760648725613226,0.6842105263157895,0.7548476454293629,0.3768673314407158,0.7894736842105263,0.42105263157894735
ReLink,Safe,Dummy,56,26,0.39285714285714285,1,1,0.8,0.8,0.8,0.828078671210825,0.8333333333333334,0.8285714285714286,0.6571428571428571,0.8,0.14285714285714285
ReLink,Safe,LogisticRegression,56,26,0.39285714285714285,1,1,1.0,0.4,0.5714285714285714,0.6324555320336759,0.75,0.8,0.5291502622129182,0.4,0.0
ReLink,Safe,GaussianNB,56,26,0.39285714285714285,1,1,1.0,0.2,0.3333333333333333,0.4472135954999579,0.6666666666666666,0.7142857142857144,0.3567530340063379,0.2,0.0
ReLink,Safe,DecisionTree,56,26,0.39285714285714285,1,1,1.0,0.6,0.75,0.7745966692414834,0.8333333333333334,0.8,0.6831300510639732,0.6,0.0
ReLink,Safe,RandomForest,56,26,0.39285714285714285,1,1,0.5,0.2,0.2857142857142857,0.4140393356054125,0.5833333333333334,0.8857142857142858,0.07559289460184544,0.2,0.14285714285714285
ReLink,Safe,KNN,56,26,0.39285714285714285,1,1,1.0,0.4,0.5714285714285714,0.6324555320336759,0.75,0.5714285714285714,0.5291502622129182,0.4,0.0
ReLink,Safe,Dummy,56,26,0.39285714285714285,1,2,0.4,0.5,0.4444444444444444,0.5345224838248488,0.5454545454545454,0.5357142857142857,0.06900655593423542,0.5,0.42857142857142855
ReLink,Safe,LogisticRegression,56,26,0.39285714285714285,1,2,0.5,0.5,0.5,0.5976143046671968,0.6363636363636364,0.6071428571428572,0.21428571428571427,0.5,0.2857142857142857
ReLink,Safe,GaussianNB,56,26,0.39285714285714285,1,2,0.5,0.5,0.5,0.5976143046671968,0.6363636363636364,0.6785714285714286,0.21428571428571427,0.5,0.2857142857142857
ReLink,Safe,DecisionTree,56,26,0.39285714285714285,1,2,0.3333333333333333,0.25,0.2857142857142857,0.4225771273642583,0.5454545454545454,0.48214285714285715,-0.03857583749052298,0.25,0.2857142857142857
ReLink,Safe,RandomForest,56,26,0.39285714285714285,1,2,0.5714285714285714,1.0,0.7272727272727273,0.7559289460184544,0.7272727272727273,0.7857142857142857,0.5714285714285714,1.0,0.42857142857142855
ReLink,Safe,KNN,56,26,0.39285714285714285,1,2,0.4,0.5,0.4444444444444444,0.5345224838248488,0.5454545454545454,0.7142857142857143,0.06900655593423542,0.5,0.42857142857142855
ReLink,Safe,Dummy,56,26,0.39285714285714285,1,3,0.6,0.75,0.6666666666666666,0.7319250547113999,0.7272727272727273,0.7321428571428571,0.4485426135725303,0.75,0.2857142857142857
ReLink,Safe,LogisticRegression,56,26,0.39285714285714285,1,3,0.6,0.75,0.6666666666666666,0.7319250547113999,0.7272727272727273,0.8214285714285714,0.4485426135725303,0.75,0.2857142857142857
ReLink,Safe,GaussianNB,56,26,0.39285714285714285,1,3,0.75,0.75,0.75,0.8017837257372731,0.8181818181818182,0.7857142857142857,0.6071428571428571,0.75,0.14285714285714285
ReLink,Safe,DecisionTree,56,26,0.39285714285714285,1,3,0.5,0.75,0.6,0.6546536707079771,0.6363636363636364,0.6607142857142857,0.3105295017040594,0.75,0.42857142857142855
ReLink,Safe,RandomForest,56,26,0.39285714285714285,1,3,0.5,0.75,0.6,0.6546536707079771,0.6363636363636364,0.7857142857142857,0.3105295017040594,0.75,0.42857142857142855
ReLink,Safe,KNN,56,26,0.39285714285714285,1,3,0.6,0.75,0.6666666666666666,0.7319250547113999,0.7272727272727273,0.8214285714285715,0.4485426135725303,0.75,0.2857142857142857
ReLink,Safe,Dummy,56,26,0.39285714285714285,1,4,0.4,0.5,0.4444444444444444,0.5345224838248488,0.5454545454545454,0.5357142857142857,0.06900655593423542,0.5,0.42857142857142855
ReLink,Safe,LogisticRegression,56,26,0.39285714285714285,1,4,0.42857142857142855,0.75,0.5454545454545454,0.5669467095138409,0.5454545454545454,0.6071428571428572,0.17857142857142858,0.75,0.5714285714285714
ReLink,Safe,GaussianNB,56,26,0.39285714285714285,1,4,0.25,0.25,0.25,0.3779644730092272,0.45454545454545453,0.5357142857142857,-0.17857142857142858,0.25,0.42857142857142855
ReLink,Safe,DecisionTree,56,26,0.39285714285714285,1,4,0.5,0.75,0.6,0.6546536707079771,0.6363636363636364,0.6607142857142857,0.3105295017040594,0.75,0.42857142857142855
ReLink,Safe,RandomForest,56,26,0.39285714285714285,1,4,0.42857142857142855,0.75,0.5454545454545454,0.5669467095138409,0.5454545454545454,0.6428571428571429,0.17857142857142858,0.75,0.5714285714285714
ReLink,Safe,KNN,56,26,0.39285714285714285,1,4,0.4,0.5,0.4444444444444444,0.5345224838248488,0.5454545454545454,0.625,0.06900655593423542,0.5,0.42857142857142855
ReLink,Safe,Dummy,56,26,0.39285714285714285,1,5,0.5,0.4,0.4444444444444444,0.5163977794943222,0.5454545454545454,0.5333333333333333,0.06900655593423542,0.4,0.3333333333333333
ReLink,Safe,LogisticRegression,56,26,0.39285714285714285,1,5,1.0,0.8,0.8888888888888888,0.8944271909999159,0.9090909090909091,0.8333333333333334,0.8280786712108251,0.8,0.0
ReLink,Safe,GaussianNB,56,26,0.39285714285714285,1,5,1.0,0.8,0.8888888888888888,0.8944271909999159,0.9090909090909091,1.0,0.8280786712108251,0.8,0.0
ReLink,Safe,DecisionTree,56,26,0.39285714285714285,1,5,1.0,0.6,0.75,0.7745966692414834,0.8181818181818182,0.8,0.6708203932499369,0.6,0.0
ReLink,Safe,RandomForest,56,26,0.39285714285714285,1,5,1.0,0.8,0.8888888888888888,0.8944271909999159,0.9090909090909091,1.0,0.8280786712108251,0.8,0.0
ReLink,Safe,KNN,56,26,0.39285714285714285,1,5,1.0,0.6,0.75,0.7745966692414834,0.8181818181818182,0.9666666666666667,0.6708203932499369,0.6,0.0
ReLink,Safe,Dummy,56,26,0.39285714285714285,2,1,0.4,0.4,0.4,0.47809144373375745,0.5,0.48571428571428565,-0.02857142857142857,0.4,0.42857142857142855
ReLink,Safe,LogisticRegression,56,26,0.39285714285714285,2,1,0.6666666666666666,0.8,0.7272727272727273,0.7559289460184545,0.75,0.8,0.50709255283711,0.8,0.2857142857142857
ReLink,Safe,GaussianNB,56,26,0.39285714285714285,2,1,0.6666666666666666,0.8,0.7272727272727273,0.7559289460184545,0.75,0.8571428571428571,0.50709255283711,0.8,0.2857142857142857
ReLink,Safe,DecisionTree,56,26,0.39285714285714285,2,1,0.8,0.8,0.8,0.828078671210825,0.8333333333333334,0.8285714285714286,0.6571428571428571,0.8,0.14285714285714285
ReLink,Safe,RandomForest,56,26,0.39285714285714285,2,1,0.7142857142857143,1.0,0.8333333333333334,0.8451542547285166,0.8333333333333334,0.9428571428571428,0.7142857142857143,1.0,0.2857142857142857
ReLink,Safe,KNN,56,26,0.39285714285714285,2,1,0.6666666666666666,0.8,0.7272727272727273,0.7559289460184545,0.75,0.8999999999999999,0.50709255283711,0.8,0.2857142857142857
ReLink,Safe,Dummy,56,26,0.39285714285714285,2,2,0.4,0.5,0.4444444444444444,0.5345224838248488,0.5454545454545454,0.5357142857142857,0.06900655593423542,0.5,0.42857142857142855
ReLink,Safe,LogisticRegression,56,26,0.39285714285714285,2,2,0.5,0.25,0.3333333333333333,0.4629100498862757,0.6363636363636364,0.7142857142857143,0.1336306209562122,0.25,0.14285714285714285
ReLink,Safe,GaussianNB,56,26,0.39285714285714285,2,2,0.3333333333333333,0.25,0.2857142857142857,0.4225771273642583,0.5454545454545454,0.6428571428571429,-0.03857583749052298,0.25,0.2857142857142857
ReLink,Safe,DecisionTree,56,26,0.39285714285714285,2,2,0.5,0.5,0.5,0.5976143046671968,0.6363636363636364,0.6071428571428571,0.21428571428571427,0.5,0.2857142857142857
ReLink,Safe,RandomForest,56,26,0.39285714285714285,2,2,0.3333333333333333,0.25,0.2857142857142857,0.4225771273642583,0.5454545454545454,0.6785714285714285,-0.03857583749052298,0.25,0.2857142857142857
ReLink,Safe,KNN,56,26,0.39285714285714285,2,2,0.3333333333333333,0.25,0.2857142857142857,0.4225771273642583,0.5454545454545454,0.5,-0.03857583749052298,0.25,0.2857142857142857
ReLink,Safe,Dummy,56,26,0.39285714285714285,2,3,0.6,0.75,0.6666666666666666,0.7319250547113999,0.7272727272727273,0.7321428571428571,0.4485426135725303,0.75,0.2857142857142857
ReLink,Safe,LogisticRegression,56,26,0.39285714285714285,2,3,0.6666666666666666,1.0,0.8,0.8451542547285166,0.8181818181818182,0.8214285714285714,0.6900655593423543,1.0,0.2857142857142857
ReLink,Safe,GaussianNB,56,26,0.39285714285714285,2,3,0.5,0.5,0.5,0.5976143046671968,0.6363636363636364,0.8571428571428572,0.21428571428571427,0.5,0.2857142857142857
ReLink,Safe,DecisionTree,56,26,0.39285714285714285,2,3,0.3333333333333333,0.5,0.4,0.4629100498862757,0.45454545454545453,0.6071428571428572,-0.06900655593423542,0.5,0.5714285714285714
ReLink,Safe,RandomForest,56,26,0.39285714285714285,2,3,0.5,0.5,0.5,0.5976143046671968,0.6363636363636364,0.75,0.21428571428571427,0.5,0.2857142857142857
ReLink,Safe,KNN,56,26,0.39285714285714285,2,3,0.8,1.0,0.8888888888888888,0.9258200997725514,0.9090909090909091,0.9285714285714286,0.8280786712108251,1.0,0.14285714285714285
ReLink,Safe,Dummy,56,26,0.39285714285714285,2,4,0.8,1.0,0.8888888888888888,0.9258200997725514,0.9090909090909091,0.9285714285714286,0.8280786712108251,1.0,0.14285714285714285
ReLink,Safe,LogisticRegression,56,26,0.39285714285714285,2,4,0.6666666666666666,1.0,0.8,0.8451542547285166,0.8181818181818182,1.0,0.6900655593423543,1.0,0.2857142857142857
ReLink,Safe,GaussianNB,56,26,0.39285714285714285,2,4,1.0,0.75,0.8571428571428571,0.8660254037844386,0.9090909090909091,0.9285714285714286,0.8100925873009825,0.75,0.0
ReLink,Safe,DecisionTree,56,26,0.39285714285714285,2,4,0.75,0.75,0.75,0.8017837257372731,0.8181818181818182,0.8035714285714286,0.6071428571428571,0.75,0.14285714285714285
ReLink,Safe,RandomForest,56,26,0.39285714285714285,2,4,0.8,1.0,0.8888888888888888,0.9258200997725514,0.9090909090909091,1.0,0.8280786712108251,1.0,0.14285714285714285
ReLink,Safe,KNN,56,26,0.39285714285714285,2,4,0.8,1.0,0.8888888888888888,0.9258200997725514,0.9090909090909091,0.9642857142857143,0.8280786712108251,1.0,0.14285714285714285
ReLink,Safe,Dummy,56,26,0.39285714285714285,2,5,0.5,0.4,0.4444444444444444,0.5163977794943222,0.5454545454545454,0.5333333333333333,0.06900655593423542,0.4,0.3333333333333333
ReLink,Safe,LogisticRegression,56,26,0.39285714285714285,2,5,0.5,0.2,0.2857142857142857,0.408248290463863,0.5454545454545454,0.5333333333333334,0.04303314829119352,0.2,0.16666666666666666
ReLink,Safe,GaussianNB,56,26,0.39285714285714285,2,5,0.5,0.2,0.2857142857142857,0.408248290463863,0.5454545454545454,0.48333333333333334,0.04303314829119352,0.2,0.16666666666666666
ReLink,Safe,DecisionTree,56,26,0.39285714285714285,2,5,0.0,0.0,0.0,0.0,0.45454545454545453,0.4166666666666667,-0.28867513459481287,0.0,0.16666666666666666
ReLink,Safe,RandomForest,56,26,0.39285714285714285,2,5,0.3333333333333333,0.2,0.25,0.3651483716701107,0.45454545454545453,0.6666666666666667,-0.14907119849998599,0.2,0.3333333333333333
ReLink,Safe,KNN,56,26,0.39285714285714285,2,5,0.6666666666666666,0.4,0.5,0.5773502691896258,0.6363636363636364,0.55,0.2608745973749754,0.4,0.16666666666666666
ReLink,Safe,Dummy,56,26,0.39285714285714285,3,1,0.6,0.6,0.6,0.6546536707079771,0.6666666666666666,0.6571428571428573,0.3142857142857143,0.6,0.2857142857142857
ReLink,Safe,LogisticRegression,56,26,0.39285714285714285,3,1,0.5,0.2,0.2857142857142857,0.4140393356054125,0.5833333333333334,0.4285714285714285,0.07559289460184544,0.2,0.14285714285714285
ReLink,Safe,GaussianNB,56,26,0.39285714285714285,3,1,0.5,0.4,0.4444444444444444,0.5345224838248488,0.5833333333333334,0.7,0.11952286093343936,0.4,0.2857142857142857
ReLink,Safe,DecisionTree,56,26,0.39285714285714285,3,1,0.8,0.8,0.8,0.828078671210825,0.8333333333333334,0.8142857142857143,0.6571428571428571,0.8,0.14285714285714285
ReLink,Safe,RandomForest,56,26,0.39285714285714285,3,1,0.6666666666666666,0.4,0.5,0.5855400437691199,0.6666666666666666,0.9142857142857144,0.29277002188455997,0.4,0.14285714285714285
ReLink,Safe,KNN,56,26,0.39285714285714285,3,1,0.6666666666666666,0.4,0.5,0.5855400437691199,0.6666666666666666,0.6714285714285715,0.29277002188455997,0.4,0.14285714285714285
ReLink,Safe,Dummy,56,26,0.39285714285714285,3,2,0.6,0.75,0.6666666666666666,0.7319250547113999,0.7272727272727273,0.7321428571428571,0.4485426135725303,0.75,0.2857142857142857
ReLink,Safe,LogisticRegression,56,26,0.39285714285714285,3,2,0.75,0.75,0.75,0.8017837257372731,0.8181818181818182,0.7857142857142857,0.6071428571428571,0.75,0.14285714285714285
ReLink,Safe,GaussianNB,56,26,0.39285714285714285,3,2,0.75,0.75,0.75,0.8017837257372731,0.8181818181818182,0.8928571428571428,0.6071428571428571,0.75,0.14285714285714285
ReLink,Safe,DecisionTree,56,26,0.39285714285714285,3,2,0.5,0.75,0.6,0.6546536707079771,0.6363636363636364,0.6607142857142857,0.3105295017040594,0.75,0.42857142857142855
ReLink,Safe,RandomForest,56,26,0.39285714285714285,3,2,0.6,0.75,0.6666666666666666,0.7319250547113999,0.7272727272727273,0.8571428571428572,0.4485426135725303,0.75,0.2857142857142857
ReLink,Safe,KNN,56,26,0.39285714285714285,3,2,0.6,0.75,0.6666666666666666,0.7319250547113999,0.7272727272727273,0.8214285714285714,0.4485426135725303,0.75,0.2857142857142857
ReLink,Safe,Dummy,56,26,0.39285714285714285,3,3,0.4,0.5,0.4444444444444444,0.5345224838248488,0.5454545454545454,0.5357142857142857,0.06900655593423542,0.5,0.42857142857142855
ReLink,Safe,LogisticRegression,56,26,0.39285714285714285,3,3,0.4,0.5,0.4444444444444444,0.5345224838248488,0.5454545454545454,0.6071428571428571,0.06900655593423542,0.5,0.42857142857142855
ReLink,Safe,GaussianNB,56,26,0.39285714285714285,3,3,0.3333333333333333,0.25,0.2857142857142857,0.4225771273642583,0.5454545454545454,0.4107142857142857,-0.03857583749052298,0.25,0.2857142857142857
ReLink,Safe,DecisionTree,56,26,0.39285714285714285,3,3,0.6666666666666666,0.5,0.5714285714285714,0.6546536707079771,0.7272727272727273,0.6607142857142858,0.38575837490522974,0.5,0.14285714285714285
ReLink,Safe,RandomForest,56,26,0.39285714285714285,3,3,0.4,0.5,0.4444444444444444,0.5345224838248488,0.5454545454545454,0.6071428571428571,0.06900655593423542,0.5,0.42857142857142855
ReLink,Safe,KNN,56,26,0.39285714285714285,3,3,0.4,0.5,0.4444444444444444,0.5345224838248488,0.5454545454545454,0.5,0.06900655593423542,0.5,0.42857142857142855
ReLink,Safe,Dummy,56,26,0.39285714285714285,3,4,0.6,0.75,0.6666666666666666,0.7319250547113999,0.7272727272727273,0.7321428571428571,0.4485426135725303,0.75,0.2857142857142857
ReLink,Safe,LogisticRegression,56,26,0.39285714285714285,3,4,1.0,0.75,0.8571428571428571,0.8660254037844386,0.9090909090909091,1.0,0.8100925873009825,0.75,0.0
ReLink,Safe,GaussianNB,56,26,0.39285714285714285,3,4,1.0,0.75,0.8571428571428571,0.8660254037844386,0.9090909090909091,0.9285714285714286,0.8100925873009825,0.75,0.0
ReLink,Safe,DecisionTree,56,26,0.39285714285714285,3,4,1.0,0.75,0.8571428571428571,0.8660254037844386,0.9090909090909091,0.875,0.8100925873009825,0.75,0.0
ReLink,Safe,RandomForest,56,26,0.39285714285714285,3,4,1.0,0.75,0.8571428571428571,0.8660254037844386,0.9090909090909091,1.0,0.8100925873009825,0.75,0.0
ReLink,Safe,KNN,56,26,0.39285714285714285,3,4,0.75,0.75,0.75,0.8017837257372731,0.8181818181818182,0.7678571428571428,0.6071428571428571,0.75,0.14285714285714285
ReLink,Safe,Dummy,56,26,0.39285714285714285,3,5,0.5,0.4,0.4444444444444444,0.5163977794943222,0.5454545454545454,0.5333333333333333,0.06900655593423542,0.4,0.3333333333333333
ReLink,Safe,LogisticRegression,56,26,0.39285714285714285,3,5,0.6666666666666666,0.8,0.7272727272727273,0.7302967433402214,0.7272727272727273,0.7333333333333333,0.4666666666666667,0.8,0.3333333333333333
ReLink,Safe,GaussianNB,56,26,0.39285714285714285,3,5,0.6,0.6,0.6,0.6324555320336759,0.6363636363636364,0.7000000000000001,0.26666666666666666,0.6,0.3333333333333333
ReLink,Safe,DecisionTree,56,26,0.39285714285714285,3,5,0.75,0.6,0.6666666666666666,0.7071067811865476,0.7272727272727273,0.7166666666666668,0.4485426135725303,0.6,0.16666666666666666
ReLink,Safe,RandomForest,56,26,0.39285714285714285,3,5,0.6666666666666666,0.4,0.5,0.5773502691896258,0.6363636363636364,0.8,0.2608745973749754,0.4,0.16666666666666666
ReLink,Safe,KNN,56,26,0.39285714285714285,3,5,0.6,0.6,0.6,0.6324555320336759,0.6363636363636364,0.75,0.26666666666666666,0.6,0.3333333333333333
ReLink,Zxing,Dummy,354,26,0.307909604519774,1,1,0.4,0.36363636363636365,0.38095238095238093,0.5240062597878445,0.6338028169014085,0.5593692022263451,0.1220676273907549,0.36363636363636365,0.24489795918367346
ReLink,Zxing,LogisticRegression,354,26,0.307909604519774,1,1,0.5263157894736842,0.45454545454545453,0.4878048780487805,0.6091449038731727,0.704225352112676,0.6567717996289425,0.2829404231685566,0.45454545454545453,0.1836734693877551
ReLink,Zxing,GaussianNB,354,26,0.307909604519774,1,1,0.5,0.36363636363636365,0.42105263157894735,0.5516041709505274,0.6901408450704225,0.6669758812615956,0.22177012162219803,0.36363636363636365,0.16326530612244897
ReLink,Zxing,DecisionTree,354,26,0.307909604519774,1,1,0.47368421052631576,0.4090909090909091,0.43902439024390244,0.5706163058133822,0.676056338028169,0.6099257884972171,0.21414326548031168,0.4090909090909091,0.20408163265306123
ReLink,Zxing,RandomForest,354,26,0.307909604519774,1,1,0.5,0.2727272727272727,0.35294117647058826,0.4892157974503211,0.6901408450704225,0.7439703153988868,0.18543384572714627,0.2727272727272727,0.12244897959183673
ReLink,Zxing,KNN,354,26,0.307909604519774,1,1,0.5,0.4090909090909091,0.45,0.5778855963970647,0.6901408450704225,0.7087198515769944,0.23961980246988987,0.4090909090909091,0.1836734693877551
ReLink,Zxing,Dummy,354,26,0.307909604519774,1,2,0.3,0.2727272727272727,0.2857142857142857,0.44136741475237473,0.5774647887323944,0.4935064935064935,-0.013351146745863816,0.2727272727272727,0.2857142857142857
ReLink,Zxing,LogisticRegression,354,26,0.307909604519774,1,2,0.2916666666666667,0.3181818181818182,0.30434782608695654,0.4558423058385518,0.5492957746478874,0.46196660482374774,-0.028112389642303198,0.3181818181818182,0.3469387755102041
ReLink,Zxing,GaussianNB,354,26,0.307909604519774,1,2,0.36363636363636365,0.18181818181818182,0.24242424242424243,0.39477101697586137,0.647887323943662,0.6317254174397031,0.04979295977319692,0.18181818181818182,0.14285714285714285
ReLink,Zxing,DecisionTree,354,26,0.307909604519774,1,2,0.3076923076923077,0.36363636363636365,0.3333333333333333,0.47964117695115294,0.5492957746478874,0.5231910946196662,-0.0035617028190798373,0.36363636363636365,0.3673469387755102
ReLink,Zxing,RandomForest,354,26,0.307909604519774,1,2,0.47368421052631576,0.4090909090909091,0.43902439024390244,0.5706163058133822,0.676056338028169,0.7217068645640075,0.21414326548031168,0.4090909090909091,0.20408163265306123
ReLink,Zxing,KNN,354,26,0.307909604519774,1,2,0.6111111111111112,0.5,0.55,0.6546536707079771,0.7464788732394366,0.7713358070500927,0.3796445430078502,0.5,0.14285714285714285
ReLink,Zxing,Dummy,354,26,0.307909604519774,1,3,0.3,0.2727272727272727,0.2857142857142857,0.44136741475237473,0.5774647887323944,0.4935064935064935,-0.013351146745863816,0.2727272727272727,0.2857142857142857
ReLink,Zxing,LogisticRegression,354,26,0.307909604519774,1,3,0.44,0.5,0.46808510638297873,0.5976143046671968,0.647887323943662,0.588126159554731,0.2074692224424374,0.5,0.2857142857142857
ReLink,Zxing,GaussianNB,354,26,0.307909604519774,1,3,0.5333333333333333,0.36363636363636365,0.43243243243243246,0.5582905262390825,0.704225352112676,0.5871985157699444,0.2501082016930124,0.36363636363636365,0.14285714285714285
ReLink,Zxing,DecisionTree,354,26,0.307909604519774,1,3,0.4166666666666667,0.45454545454545453,0.43478260869565216,0.5698028822981898,0.6338028169014085,0.5830241187384045,0.1650469327386833,0.45454545454545453,0.2857142857142857
ReLink,Zxing,RandomForest,354,26,0.307909604519774,1,3,0.5384615384615384,0.3181818181818182,0.4,0.5284134548067254,0.704225352112676,0.6391465677179963,0.23403855171808735,0.3181818181818182,0.12244897959183673
ReLink,Zxing,KNN,354,26,0.307909604519774,1,3,0.3,0.2727272727272727,0.2857142857142857,0.44136741475237473,0.5774647887323944,0.5278293135435992,-0.013351146745863816,0.2727272727272727,0.2857142857142857
ReLink,Zxing,Dummy,354,26,0.307909604519774,1,4,0.3,0.2727272727272727,0.2857142857142857,0.44136741475237473,0.5774647887323944,0.4935064935064935,-0.013351146745863816,0.2727272727272727,0.2857142857142857
ReLink,Zxing,LogisticRegression,354,26,0.307909604519774,1,4,0.39285714285714285,0.5,0.44,0.5714285714285714,0.6056338028169014,0.6108534322820037,0.1448309303041689,0.5,0.3469387755102041
ReLink,Zxing,GaussianNB,354,26,0.307909604519774,1,4,0.36363636363636365,0.36363636363636365,0.36363636363636365,0.5096471914376256,0.6056338028169014,0.615491651205937,0.07792207792207792,0.36363636363636365,0.2857142857142857
ReLink,Zxing,DecisionTree,354,26,0.307909604519774,1,4,0.35,0.3181818181818182,0.3333333333333333,0.4834937784152282,0.6056338028169014,0.5292207792207791,0.05435824032244554,0.3181818181818182,0.2653061224489796
ReLink,Zxing,RandomForest,354,26,0.307909604519774,1,4,0.6470588235294118,0.5,0.5641025641025641,0.662401321106836,0.7605633802816901,0.6934137291280148,0.4091322254398687,0.5,0.12244897959183673
ReLink,Zxing,KNN,354,26,0.307909604519774,1,4,0.5,0.45454545454545453,0.47619047619047616,0.6014823988004888,0.6901408450704225,0.6363636363636364,0.2574864015273736,0.45454545454545453,0.20408163265306123
ReLink,Zxing,Dummy,354,26,0.307909604519774,1,5,0.3157894736842105,0.2857142857142857,0.3,0.4581621289927275,0.6,0.510204081632653,0.021030505843376807,0.2857142857142857,0.2653061224489796
ReLink,Zxing,LogisticRegression,354,26,0.307909604519774,1,5,0.3333333333333333,0.38095238095238093,0.35555555555555557,0.5065172916730962,0.5857142857142857,0.629737609329446,0.05254069374927338,0.38095238095238093,0.32653061224489793
ReLink,Zxing,GaussianNB,354,26,0.307909604519774,1,5,0.35714285714285715,0.23809523809523808,0.2857142857142857,0.4408667141774054,0.6428571428571429,0.6530612244897959,0.062347968638854966,0.23809523809523808,0.1836734693877551
ReLink,Zxing,DecisionTree,354,26,0.307909604519774,1,5,0.391304347826087,0.42857142857142855,0.4090909090909091,0.5532833351724882,0.6285714285714286,0.5724003887269193,0.1393788254516224,0.42857142857142855,0.2857142857142857
ReLink,Zxing,RandomForest,354,26,0.307909604519774,1,5,0.47058823529411764,0.38095238095238093,0.42105263157894735,0.557657184542019,0.6857142857142857,0.6783284742468416,0.2108268670411621,0.38095238095238093,0.1836734693877551
ReLink,Zxing,KNN,354,26,0.307909604519774,1,5,0.35,0.3333333333333333,0.34146341463414637,0.4948716593053935,0.6142857142857143,0.6622934888241011,0.06900655593423542,0.3333333333333333,0.2653061224489796
ReLink,Zxing,Dummy,354,26,0.307909604519774,2,1,0.35,0.3181818181818182,0.3333333333333333,0.4834937784152282,0.6056338028169014,0.5264378478664192,0.05435824032244554,0.3181818181818182,0.2653061224489796
ReLink,Zxing,LogisticRegression,354,26,0.307909604519774,2,1,0.36,0.4090909090909091,0.3829787234042553,0.524890659167824,0.5915492957746479,0.5955473098330241,0.07993402942587415,0.4090909090909091,0.32653061224489793
ReLink,Zxing,GaussianNB,354,26,0.307909604519774,2,1,0.5,0.2727272727272727,0.35294117647058826,0.4892157974503211,0.6901408450704225,0.679035250463822,0.18543384572714627,0.2727272727272727,0.12244897959183673
ReLink,Zxing,DecisionTree,354,26,0.307909604519774,2,1,0.47368421052631576,0.4090909090909091,0.43902439024390244,0.5706163058133822,0.676056338028169,0.601113172541744,0.21414326548031168,0.4090909090909091,0.20408163265306123
ReLink,Zxing,RandomForest,354,26,0.307909604519774,2,1,0.6153846153846154,0.36363636363636365,0.45714285714285713,0.5714285714285715,0.7323943661971831,0.6901669758812616,0.3127908605900504,0.36363636363636365,0.10204081632653061
ReLink,Zxing,KNN,354,26,0.307909604519774,2,1,0.5833333333333334,0.3181818181818182,0.4117647058823529,0.5345224838248488,0.7183098591549296,0.6660482374768089,0.26670423490385853,0.3181818181818182,0.10204081632653061
ReLink,Zxing,Dummy,354,26,0.307909604519774,2,2,0.25,0.22727272727272727,0.23809523809523808,0.39711389224469235,0.5492957746478874,0.4605751391465677,-0.08106053381417318,0.22727272727272727,0.30612244897959184
ReLink,Zxing,LogisticRegression,354,26,0.307909604519774,2,2,0.3333333333333333,0.45454545454545453,0.38461538461538464,0.5186681960445677,0.5492957746478874,0.5992578849721707,0.04342182454857604,0.45454545454545453,0.40816326530612246
ReLink,Zxing,GaussianNB,354,26,0.307909604519774,2,2,0.45,0.4090909090909091,0.42857142857142855,0.5632532062909466,0.6619718309859155,0.6567717996289425,0.18977701445906425,0.4090909090909091,0.22448979591836735
ReLink,Zxing,DecisionTree,354,26,0.307909604519774,2,2,0.3333333333333333,0.36363636363636365,0.34782608695652173,0.4948716593053935,0.5774647887323944,0.5375695732838591,0.03627405115135897,0.36363636363636365,0.32653061224489793
ReLink,Zxing,RandomForest,354,26,0.307909604519774,2,2,0.5625,0.4090909090909091,0.47368421052631576,0.592156525463792,0.7183098591549296,0.7532467532467533,0.2946667819702354,0.4090909090909091,0.14285714285714285
ReLink,Zxing,KNN,354,26,0.307909604519774,2,2,0.5,0.45454545454545453,0.47619047619047616,0.6014823988004888,0.6901408450704225,0.6767161410018552,0.2574864015273736,0.45454545454545453,0.20408163265306123
ReLink,Zxing,Dummy,354,26,0.307909604519774,2,3,0.25,0.22727272727272727,0.23809523809523808,0.39711389224469235,0.5492957746478874,0.4605751391465677,-0.08106053381417318,0.22727272727272727,0.30612244897959184
ReLink,Zxing,LogisticRegression,354,26,0.307909604519774,2,3,0.2727272727272727,0.2727272727272727,0.2727272727272727,0.42857142857142855,0.5492957746478874,0.5964749536178107,-0.05380333951762523,0.2727272727272727,0.32653061224489793
ReLink,Zxing,GaussianNB,354,26,0.307909604519774,2,3,0.3076923076923077,0.18181818181818182,0.22857142857142856,0.3852570642647098,0.6197183098591549,0.5241187384044528,-0.002218374897801776,0.18181818181818182,0.1836734693877551
ReLink,Zxing,DecisionTree,354,26,0.307909604519774,2,3,0.2926829268292683,0.5454545454545454,0.38095238095238093,0.47184161362558313,0.4507042253521127,0.4744897959183674,-0.04342182454857604,0.5454545454545454,0.5918367346938775
ReLink,Zxing,RandomForest,354,26,0.307909604519774,2,3,0.4482758620689655,0.5909090909090909,0.5098039215686274,0.6308400618805605,0.647887323943662,0.6873840445269016,0.2487206450887132,0.5909090909090909,0.32653061224489793
ReLink,Zxing,KNN,354,26,0.307909604519774,2,3,0.48,0.5454545454545454,0.5106382978723404,0.6330419536079969,0.676056338028169,0.6910946196660482,0.27123681895071905,0.5454545454545454,0.2653061224489796
ReLink,Zxing,Dummy,354,26,0.307909604519774,2,4,0.25,0.22727272727272727,0.23809523809523808,0.39711389224469235,0.5492957746478874,0.4605751391465677,-0.08106053381417318,0.22727272727272727,0.30612244897959184
ReLink,Zxing,LogisticRegression,354,26,0.307909604519774,2,4,0.30434782608695654,0.3181818181818182,0.3111111111111111,0.4629100498862757,0.5633802816901409,0.5111317254174398,-0.008249898251882336,0.3181818181818182,0.32653061224489793
ReLink,Zxing,GaussianNB,354,26,0.307909604519774,2,4,0.4,0.18181818181818182,0.25,0.39944302595401815,0.6619718309859155,0.5705009276437848,0.078923379968897,0.18181818181818182,0.12244897959183673
ReLink,Zxing,DecisionTree,354,26,0.307909604519774,2,4,0.4230769230769231,0.5,0.4583333333333333,0.5890150893739515,0.6338028169014085,0.5913729128014843,0.1860989722969215,0.5,0.30612244897959184
ReLink,Zxing,RandomForest,354,26,0.307909604519774,2,4,0.6,0.4090909090909091,0.4864864864864865,0.5991645389310272,0.7323943661971831,0.7022263450834879,0.3247203122821043,0.4090909090909091,0.12244897959183673
ReLink,Zxing,KNN,354,26,0.307909604519774,2,4,0.5217391304347826,0.5454545454545454,0.5333333333333333,0.6503887805479955,0.704225352112676,0.6628014842300556,0.31716275501680985,0.5454545454545454,0.22448979591836735
ReLink,Zxing,Dummy,354,26,0.307909604519774,2,5,0.15789473684210525,0.14285714285714285,0.15,0.31017722762389105,0.5142857142857142,0.40816326530612246,-0.18927455259039128,0.14285714285714285,0.32653061224489793
ReLink,Zxing,LogisticRegression,354,26,0.307909604519774,2,5,0.43478260869565216,0.47619047619047616,0.45454545454545453,0.5914847651505893,0.6571428571428571,0.6365403304178814,0.2057496947142997,0.47619047619047616,0.2653061224489796
ReLink,Zxing,GaussianNB,354,26,0.307909604519774,2,5,0.5294117647058824,0.42857142857142855,0.47368421052631576,0.598832683719233,0.7142857142857143,0.705539358600583,0.28352578671052836,0.42857142857142855,0.16326530612244897
ReLink,Zxing,DecisionTree,354,26,0.307909604519774,2,5,0.36363636363636365,0.38095238095238093,0.37209302325581395,0.521640530957301,0.6142857142857143,0.5558794946550049,0.09401267913629437,0.38095238095238093,0.2857142857142857
ReLink,Zxing,RandomForest,354,26,0.307909604519774,2,5,0.5,0.3333333333333333,0.4,0.5345224838248488,0.7,0.6501457725947521,0.2182178902359924,0.3333333333333333,0.14285714285714285
ReLink,Zxing,KNN,354,26,0.307909604519774,2,5,0.35294117647058826,0.2857142857142857,0.3157894736842105,0.470716840598808,0.6285714285714286,0.5840621963070942,0.06542902770242962,0.2857142857142857,0.22448979591836735
ReLink,Zxing,Dummy,354,26,0.307909604519774,3,1,0.2,0.18181818181818182,0.19047619047619047,0.3499271061118826,0.5211267605633803,0.427643784786642,-0.14876992088248253,0.18181818181818182,0.32653061224489793
ReLink,Zxing,LogisticRegression,354,26,0.307909604519774,3,1,0.3793103448275862,0.5,0.43137254901960786,0.5624291338579865,0.5915492957746479,0.6474953617810761,0.12479667455328416,0.5,0.3673469387755102
ReLink,Zxing,GaussianNB,354,26,0.307909604519774,3,1,0.4117647058823529,0.3181818181818182,0.358974358974359,0.5032362797401965,0.647887323943662,0.5890538033395176,0.1236443826267908,0.3181818181818182,0.20408163265306123
ReLink,Zxing,DecisionTree,354,26,0.307909604519774,3,1,0.35714285714285715,0.45454545454545453,0.4,0.5362551382353916,0.5774647887323944,0.549165120593692,0.08250974211267804,0.45454545454545453,0.3673469387755102
ReLink,Zxing,RandomForest,354,26,0.307909604519774,3,1,0.42857142857142855,0.4090909090909091,0.4186046511627907,0.5557925695202769,0.647887323943662,0.6094619666048238,0.16636778572554156,0.4090909090909091,0.24489795918367346
ReLink,Zxing,KNN,354,26,0.307909604519774,3,1,0.35714285714285715,0.45454545454545453,0.4,0.5362551382353916,0.5774647887323944,0.6089981447124304,0.08250974211267804,0.45454545454545453,0.3673469387755102
ReLink,Zxing,Dummy,354,26,0.307909604519774,3,2,0.3,0.2727272727272727,0.2857142857142857,0.44136741475237473,0.5774647887323944,0.4935064935064935,-0.013351146745863816,0.2727272727272727,0.2857142857142857
ReLink,Zxing,LogisticRegression,354,26,0.307909604519774,3,2,0.4166666666666667,0.45454545454545453,0.43478260869565216,0.5698028822981898,0.6338028169014085,0.6131725417439704,0.1650469327386833,0.45454545454545453,0.2857142857142857
ReLink,Zxing,GaussianNB,354,26,0.307909604519774,3,2,0.5,0.4090909090909091,0.45,0.5778855963970647,0.6901408450704225,0.5760667903525046,0.23961980246988987,0.4090909090909091,0.1836734693877551
ReLink,Zxing,DecisionTree,354,26,0.307909604519774,3,2,0.3333333333333333,0.4090909090909091,0.3673469387755102,0.5087362931376855,0.5633802816901409,0.5477736549165121,0.039764443876350294,0.4090909090909091,0.3673469387755102
ReLink,Zxing,RandomForest,354,26,0.307909604519774,3,2,0.5,0.4090909090909091,0.45,0.5778855963970647,0.6901408450704225,0.7161410018552876,0.23961980246988987,0.4090909090909091,0.1836734693877551
ReLink,Zxing,KNN,354,26,0.307909604519774,3,2,0.45,0.4090909090909091,0.42857142857142855,0.5632532062909466,0.6619718309859155,0.6219851576994435,0.18977701445906425,0.4090909090909091,0.22448979591836735
ReLink,Zxing,Dummy,354,26,0.307909604519774,3,3,0.05,0.045454545454545456,0.047619047619047616,0.16682120232032635,0.43661971830985913,0.32884972170686455,-0.3518980820874106,0.045454545454545456,0.3877551020408163
ReLink,Zxing,LogisticRegression,354,26,0.307909604519774,3,3,0.3888888888888889,0.3181818181818182,0.35,0.496742636335202,0.6338028169014085,0.5797773654916512,0.09959506193192953,0.3181818181818182,0.22448979591836735
ReLink,Zxing,GaussianNB,354,26,0.307909604519774,3,3,0.6111111111111112,0.5,0.55,0.6546536707079771,0.7464788732394366,0.6929499072356216,0.3796445430078502,0.5,0.14285714285714285
ReLink,Zxing,DecisionTree,354,26,0.307909604519774,3,3,0.39285714285714285,0.5,0.44,0.5714285714285714,0.6056338028169014,0.588126159554731,0.1448309303041689,0.5,0.3469387755102041
ReLink,Zxing,RandomForest,354,26,0.307909604519774,3,3,0.6153846153846154,0.36363636363636365,0.45714285714285713,0.5714285714285715,0.7323943661971831,0.7050092764378478,0.3127908605900504,0.36363636363636365,0.10204081632653061
ReLink,Zxing,KNN,354,26,0.307909604519774,3,3,0.5555555555555556,0.45454545454545453,0.5,0.616712211458897,0.7183098591549296,0.7091836734693877,0.30963217273887006,0.45454545454545453,0.16326530612244897
ReLink,Zxing,Dummy,354,26,0.307909604519774,3,4,0.3,0.2727272727272727,0.2857142857142857,0.44136741475237473,0.5774647887323944,0.4935064935064935,-0.013351146745863816,0.2727272727272727,0.2857142857142857
ReLink,Zxing,LogisticRegression,354,26,0.307909604519774,3,4,0.3333333333333333,0.4090909090909091,0.3673469387755102,0.5087362931376855,0.5633802816901409,0.5153061224489796,0.039764443876350294,0.4090909090909091,0.3673469387755102
ReLink,Zxing,GaussianNB,354,26,0.307909604519774,3,4,0.26666666666666666,0.18181818181818182,0.21621621621621623,0.37550213752729766,0.5915492957746479,0.46614100185528756,-0.048340240663355336,0.18181818181818182,0.22448979591836735
ReLink,Zxing,DecisionTree,354,26,0.307909604519774,3,4,0.34375,0.5,0.4074074074074074,0.5345224838248488,0.5492957746478874,0.5139146567717996,0.0663856255679743,0.5,0.42857142857142855
ReLink,Zxing,RandomForest,354,26,0.307909604519774,3,4,0.4583333333333333,0.5,0.4782608695652174,0.6060915267313265,0.6619718309859155,0.6414656771799628,0.22943337353234547,0.5,0.2653061224489796
ReLink,Zxing,KNN,354,26,0.307909604519774,3,4,0.2962962962962963,0.36363636363636365,0.32653061224489793,0.47184161362558313,0.5352112676056338,0.5589053803339518,-0.022975012017446835,0.36363636363636365,0.3877551020408163
ReLink,Zxing,Dummy,354,26,0.307909604519774,3,5,0.3684210526315789,0.3333333333333333,0.35,0.5016977977548923,0.6285714285714286,0.5442176870748299,0.09113219198796617,0.3333333333333333,0.24489795918367346
ReLink,Zxing,LogisticRegression,354,26,0.307909604519774,3,5,0.3333333333333333,0.3333333333333333,0.3333333333333333,0.4879500364742666,0.6,0.5782312925170068,0.047619047619047616,0.3333333333333333,0.2857142857142857
ReLink,Zxing,GaussianNB,354,26,0.307909604519774,3,5,0.625,0.23809523809523808,0.3448275862068966,0.4727768803780695,0.7285714285714285,0.6788143828960155,0.25475508554262666,0.23809523809523808,0.061224489795918366
ReLink,Zxing,DecisionTree,354,26,0.307909604519774,3,5,0.3181818181818182,0.3333333333333333,0.32558139534883723,0.4809288065886704,0.5857142857142857,0.5238095238095237,0.026860765467512676,0.3333333333333333,0.30612244897959184
ReLink,Zxing,RandomForest,354,26,0.307909604519774,3,5,0.5,0.23809523809523808,0.3225806451612903,0.46238491069296406,0.7,0.6588921282798834,0.1781741612749496,0.23809523809523808,0.10204081632653061
ReLink,Zxing,KNN,354,26,0.307909604519774,3,5,0.375,0.14285714285714285,0.20689655172413793,0.3581618117302907,0.6714285714285714,0.6593780369290574,0.058789635125221534,0.14285714285714285,0.10204081632653061
UnifiedBugDataSet_File,Unified-file,Dummy,35829,6,0.27840576069664236,1,1,0.2820121951219512,0.2781954887218045,0.2800908402725208,0.44964126456408515,0.6018699413898967,0.5024703995533215,0.004961639770783417,0.2781954887218045,0.2732546896151615
UnifiedBugDataSet_File,Unified-file,LogisticRegression,35829,6,0.27840576069664236,1,1,0.49522292993630573,0.46766917293233085,0.48105181747873166,0.6177863786339811,0.7190901479207368,0.7087719782922788,0.2889139882620127,0.46766917293233085,0.1839102688068072
UnifiedBugDataSet_File,Unified-file,GaussianNB,35829,6,0.27840576069664236,1,1,0.5763688760806917,0.20050125313283207,0.29750836742283376,0.4348581906922634,0.7363940831705275,0.6512674550425572,0.21769697659280085,0.20050125313283207,0.05685554051440727
UnifiedBugDataSet_File,Unified-file,DecisionTree,35829,6,0.27840576069664236,1,1,0.3773867465368776,0.5052631578947369,0.4320617231033005,0.5854655420824637,0.6301981579681831,0.6038750909375548,0.1702456592367315,0.5052631578947369,0.32160123767163024
UnifiedBugDataSet_File,Unified-file,RandomForest,35829,6,0.27840576069664236,1,1,0.5055523085914669,0.43358395989974935,0.46681057744198595,0.602202273443787,0.7242534189226905,0.7110544200377176,0.28383549763543475,0.43358395989974935,0.1636047186230903
UnifiedBugDataSet_File,Unified-file,KNN,35829,6,0.27840576069664236,1,1,0.5282623866015352,0.3794486215538847,0.44165694282380397,0.5743201700133338,0.7329053865475859,0.6906108337949883,0.27871130570640795,0.3794486215538847,0.13072906594469155
UnifiedBugDataSet_File,Unified-file,Dummy,35829,6,0.27840576069664236,1,2,0.27439024390243905,0.2706766917293233,0.27252081756245267,0.44263736774441087,0.5976835054423667,0.49726060461538685,-0.005501900722869897,0.2706766917293233,0.2761554824985496
UnifiedBugDataSet_File,Unified-file,LogisticRegression,35829,6,0.27840576069664236,1,2,0.48111658456486045,0.4406015037593985,0.4599686028257457,0.5998549670608947,0.7119732068099358,0.699765028506288,0.26457632740384046,0.4406015037593985,0.18333011023012957
UnifiedBugDataSet_File,Unified-file,GaussianNB,35829,6,0.27840576069664236,1,2,0.5982758620689655,0.17393483709273183,0.2695145631067961,0.40755062294373623,0.7375104660898688,0.6650244349997019,0.21178998330526447,0.17393483709273183,0.04505898278862889
UnifiedBugDataSet_File,Unified-file,DecisionTree,35829,6,0.27840576069664236,1,2,0.3575187969924812,0.4766917293233083,0.40859291084854993,0.5649305635728431,0.6158247278816634,0.5882063018695453,0.13562945447428537,0.4766917293233083,0.3304970025140205
UnifiedBugDataSet_File,Unified-file,RandomForest,35829,6,0.27840576069664236,1,2,0.48612786489746684,0.40401002506265665,0.4412811387900356,0.5808986992834166,0.7151828077030421,0.7021789147011797,0.2542800807876736,0.40401002506265665,0.16476503577644555
UnifiedBugDataSet_File,Unified-file,KNN,35829,6,0.27840576069664236,1,2,0.49060693641618497,0.34035087719298246,0.401894051494525,0.5421700556831002,0.7179737650013954,0.6719915724333072,0.23163851626593665,0.34035087719298246,0.1363372655192419
UnifiedBugDataSet_File,Unified-file,Dummy,35829,6,0.27840576069664236,1,3,0.27439024390243905,0.2706766917293233,0.27252081756245267,0.44263736774441087,0.5976835054423667,0.49726060461538685,-0.005501900722869897,0.2706766917293233,0.2761554824985496
UnifiedBugDataSet_File,Unified-file,LogisticRegression,35829,6,0.27840576069664236,1,3,0.48879168944778567,0.4481203007518797,0.4675732217573222,0.6058819523972954,0.7158805470276305,0.7001012975292612,0.27479515121939657,0.4481203007518797,0.1808160897311932
UnifiedBugDataSet_File,Unified-file,GaussianNB,35829,6,0.27840576069664236,1,3,0.5472636815920398,0.16541353383458646,0.2540415704387991,0.3958290294085209,0.7295562377895618,0.6553616200625331,0.1818280687492544,0.16541353383458646,0.0527944304776639
UnifiedBugDataSet_File,Unified-file,DecisionTree,35829,6,0.27840576069664236,1,3,0.3577052868391451,0.4781954887218045,0.4092664092664093,0.5654939499806404,0.6156851800167458,0.5862687564007679,0.136233759249355,0.4781954887218045,0.331270547282924
UnifiedBugDataSet_File,Unified-file,RandomForest,35829,6,0.27840576069664236,1,3,0.4821852731591449,0.4070175438596491,0.4414243000815439,0.5817052967134219,0.7132291375941948,0.6983906294453984,0.25199776632432025,0.4070175438596491,0.16863275962096305
UnifiedBugDataSet_File,Unified-file,KNN,35829,6,0.27840576069664236,1,3,0.4855570839064649,0.35388471177944864,0.4093940272542766,0.5501765825076168,0.7157409991627128,0.6709476747370262,0.2331901439551262,0.35388471177944864,0.14465287178495456
UnifiedBugDataSet_File,Unified-file,Dummy,35829,6,0.27840576069664236,1,4,0.2698170731707317,0.2661654135338346,0.2679788039364118,0.43840520171702196,0.5951716438738487,0.49413472765262606,-0.011780025019061885,0.2661654135338346,0.2778959582285825
UnifiedBugDataSet_File,Unified-file,LogisticRegression,35829,6,0.27840576069664236,1,4,0.4975845410628019,0.46466165413533833,0.48055987558320373,0.6168901779397948,0.7203460787049958,0.7006382713697801,0.2898528672602922,0.46466165413533833,0.18100947592341907
UnifiedBugDataSet_File,Unified-file,GaussianNB,35829,6,0.27840576069664236,1,4,0.5640194489465153,0.17443609022556392,0.2664624808575804,0.40664698488056794,0.7326262908177504,0.6664666888648811,0.19559781730586193,0.17443609022556392,0.052020885708760393
UnifiedBugDataSet_File,Unified-file,DecisionTree,35829,6,0.27840576069664236,1,4,0.3638012332245194,0.5027568922305764,0.42213804713804715,0.5763870795827541,0.6168015629360871,0.5915169377708436,0.15067485406071998,0.5027568922305764,0.33919938116418485
UnifiedBugDataSet_File,Unified-file,RandomForest,35829,6,0.27840576069664236,1,4,0.48082427017744706,0.42105263157894735,0.4489577765900588,0.5892363384839312,0.7122523025397711,0.6961731344412083,0.25643178492361124,0.42105263157894735,0.17540127634886868
UnifiedBugDataSet_File,Unified-file,KNN,35829,6,0.27840576069664236,1,4,0.4768921634293369,0.3568922305764411,0.40825688073394495,0.5504445017729915,0.7119732068099358,0.6738948512259182,0.22719007711733982,0.3568922305764411,0.15103461612840843
UnifiedBugDataSet_File,Unified-file,Dummy,35829,6,0.27840576069664236,1,5,0.2779471544715447,0.27418546365914787,0.27605349482715114,0.445897114373923,0.5995812979762736,0.4996652656787035,-0.0006722921742107698,0.27418546365914787,0.2748549323017408
UnifiedBugDataSet_File,Unified-file,LogisticRegression,35829,6,0.27840576069664236,1,5,0.5008017103153394,0.46967418546365913,0.4847387480600103,0.6203418053298173,0.7219818562456385,0.7144360417484718,0.2949243050291156,0.46967418546365913,0.1806576402321083
UnifiedBugDataSet_File,Unified-file,GaussianNB,35829,6,0.27840576069664236,1,5,0.5934256055363322,0.17192982456140352,0.266614846482705,0.40511088918453575,0.7366364270760642,0.6740691671150798,0.20816831032576003,0.17192982456140352,0.045454545454545456
UnifiedBugDataSet_File,Unified-file,DecisionTree,35829,6,0.27840576069664236,1,5,0.36373666789260756,0.4957393483709273,0.4196011879507849,0.5743288671647968,0.6181437543614794,0.5925895008313821,0.148822115345412,0.4957393483709273,0.3346228239845261
UnifiedBugDataSet_File,Unified-file,RandomForest,35829,6,0.27840576069664236,1,5,0.5035087719298246,0.43157894736842106,0.4647773279352227,0.6005884657075888,0.7232379623168179,0.7096944488881778,0.2811392478013713,0.43157894736842106,0.16421663442940038
UnifiedBugDataSet_File,Unified-file,KNN,35829,6,0.27840576069664236,1,5,0.4968465311843027,0.35538847117794486,0.41437755698421974,0.5532022959186919,0.7203070481507328,0.673837349660418,0.24299821370427502,0.35538847117794486,0.13887814313346228
UnifiedBugDataSet_File,Unified-file,Dummy,35829,6,0.27840576069664236,2,1,0.2693089430894309,0.2656641604010025,0.2674741357557406,0.43793354313067095,0.5948925481440134,0.493787407990097,-0.01247759438530544,0.2656641604010025,0.27808934442080835
UnifiedBugDataSet_File,Unified-file,LogisticRegression,35829,6,0.27840576069664236,2,1,0.4838709677419355,0.46616541353383456,0.47485320398263975,0.6137887738443019,0.7129500418643595,0.7037738903437282,0.27753524856046247,0.46616541353383456,0.19183910268806806
UnifiedBugDataSet_File,Unified-file,GaussianNB,35829,6,0.27840576069664236,2,1,0.5725677830940988,0.1799498746867168,0.2738367658276125,0.41306600276879546,0.7343008651967625,0.6648964802258983,0.2032330154204606,0.1799498746867168,0.05182749951653452
UnifiedBugDataSet_File,Unified-file,DecisionTree,35829,6,0.27840576069664236,2,1,0.3637331440738112,0.5137844611528822,0.42592977353002287,0.5793393615800073,0.6144292492324868,0.5997494703690186,0.15327516275759018,0.5137844611528822,0.346741442660994
UnifiedBugDataSet_File,Unified-file,RandomForest,35829,6,0.27840576069664236,2,1,0.48500576701268744,0.42155388471177946,0.45105926521855727,0.5905540729617091,0.7143455205135362,0.7013714425301312,0.26044103630364074,0.42155388471177946,0.17269386965770644
UnifiedBugDataSet_File,Unified-file,KNN,35829,6,0.27840576069664236,2,1,0.4952185792349727,0.3634085213032581,0.4191962995085285,0.5580976068547808,0.7196483393804075,0.6734977552176709,0.24511818721525439,0.3634085213032581,0.14291239605492168
UnifiedBugDataSet_File,Unified-file,Dummy,35829,6,0.27840576069664236,2,2,0.2855691056910569,0.28170426065162907,0.28362351753721926,0.45288916342092816,0.6038236114987441,0.5049016371910243,0.009844625334488296,0.28170426065162907,0.27190098626958037
UnifiedBugDataSet_File,Unified-file,LogisticRegression,35829,6,0.27840576069664236,2,2,0.4997284084736556,0.46115288220551376,0.4796663190823775,0.615644012133453,0.7214624616243371,0.7038892919787382,0.2903529730197056,0.46115288220551376,0.17810868304003094
UnifiedBugDataSet_File,Unified-file,GaussianNB,35829,6,0.27840576069664236,2,2,0.6046901172529313,0.18095238095238095,0.2785493827160494,0.4155645192478617,0.7390454926039631,0.6626911990864806,0.2194634561068417,0.18095238095238095,0.045639141365306515
UnifiedBugDataSet_File,Unified-file,DecisionTree,35829,6,0.27840576069664236,2,2,0.3712574850299401,0.49724310776942354,0.4251124919648597,0.5793913959633105,0.6255930784259001,0.5988673094455342,0.15975192241236386,0.49724310776942354,0.32488880293947014
UnifiedBugDataSet_File,Unified-file,RandomForest,35829,6,0.27840576069664236,2,2,0.49740034662045063,0.43157894736842106,0.46215780998389694,0.5991389832901267,0.7203460787049958,0.7031966398300915,0.2757500702975296,0.43157894736842106,0.16824598723651132
UnifiedBugDataSet_File,Unified-file,KNN,35829,6,0.27840576069664236,2,2,0.5129280223619846,0.36791979949874687,0.4284880326911851,0.564205481165556,0.7267652804912085,0.6806169358806027,0.2613783747741904,0.36791979949874687,0.13479017598143492
UnifiedBugDataSet_File,Unified-file,Dummy,35829,6,0.27840576069664236,2,3,0.2708333333333333,0.2671679197994987,0.26898814029775425,0.43934766175805445,0.5957298353335194,0.494829366977684,-0.010384886286574777,0.2671679197994987,0.2775091858441307
UnifiedBugDataSet_File,Unified-file,LogisticRegression,35829,6,0.27840576069664236,2,3,0.4892008639308855,0.45413533834586467,0.4710163763971926,0.6091422688626984,0.7160200948925481,0.7063284783220865,0.2776542512316535,0.45413533834586467,0.18294333784567782
UnifiedBugDataSet_File,Unified-file,GaussianNB,35829,6,0.27840576069664236,2,3,0.5590909090909091,0.1849624060150376,0.27796610169491526,0.4177960937735296,0.7324867429528328,0.6524713446738097,0.1994639795376539,0.1849624060150376,0.05627538193772964
UnifiedBugDataSet_File,Unified-file,DecisionTree,35829,6,0.27840576069664236,2,3,0.36157562244518765,0.48771929824561405,0.4152795561246265,0.5706843860712608,0.617638850125593,0.5900504985147068,0.14390800938894574,0.48771929824561405,0.33223747824405336
UnifiedBugDataSet_File,Unified-file,RandomForest,35829,6,0.27840576069664236,2,3,0.498500299940012,0.41654135338345866,0.4538503549972693,0.5909304154726096,0.7209042701646665,0.707612436622401,0.2703763023905407,0.41654135338345866,0.16167085670083156
UnifiedBugDataSet_File,Unified-file,KNN,35829,6,0.27840576069664236,2,3,0.5017844396859387,0.3523809523809524,0.41401648998822144,0.552100820671754,0.7222997488138432,0.6785068453380598,0.2456938703188707,0.3523809523809524,0.1349835621736608
UnifiedBugDataSet_File,Unified-file,Dummy,35829,6,0.27840576069664236,2,4,0.266260162601626,0.26265664160401003,0.26444612667171336,0.4350975331185915,0.5932179737650014,0.4917034900149233,-0.016663010582766764,0.26265664160401003,0.2792496615741636
UnifiedBugDataSet_File,Unified-file,LogisticRegression,35829,6,0.27840576069664236,2,4,0.49267498643516006,0.45513784461152884,0.4731631057842626,0.6106075656755235,0.7178342171364778,0.714282224610065,0.28130539968374135,0.45513784461152884,0.1808160897311932
UnifiedBugDataSet_File,Unified-file,GaussianNB,35829,6,0.27840576069664236,2,4,0.5665529010238908,0.16641604010025063,0.2572646261139093,0.39779601401081865,0.7324867429528328,0.6773911184846665,0.19185802567451699,0.16641604010025063,0.04912009282537227
UnifiedBugDataSet_File,Unified-file,DecisionTree,35829,6,0.27840576069664236,2,4,0.37198962578732864,0.5032581453634085,0.4277801448657861,0.581631637121104,0.6251744348311471,0.6010408926978051,0.16231123659715851,0.5032581453634085,0.32778959582285827
UnifiedBugDataSet_File,Unified-file,RandomForest,35829,6,0.27840576069664236,2,4,0.4834123222748815,0.40902255639097745,0.4431170241650828,0.5831363082157944,0.7137873290538654,0.7052075169552192,0.25390866034660686,0.40902255639097745,0.16863275962096305
UnifiedBugDataSet_File,Unified-file,KNN,35829,6,0.27840576069664236,2,4,0.4888111888111888,0.35037593984962406,0.40817518248175183,0.5484933342498884,0.7171364778118895,0.6737723733041752,0.2343983283238035,0.35037593984962406,0.14136530651711468
UnifiedBugDataSet_File,Unified-file,Dummy,35829,6,0.27840576069664236,2,5,0.2840447154471545,0.28020050125313284,0.28210951299520565,0.45148242503842273,0.6029309141660851,0.5038333260617694,0.00769898677418054,0.28020050125313284,0.27253384912959383
UnifiedBugDataSet_File,Unified-file,LogisticRegression,35829,6,0.27840576069664236,2,5,0.4991798797156916,0.45764411027568924,0.47751046025104604,0.6136452968221545,0.7211444521981856,0.696710393003786,0.28832707271226055,0.45764411027568924,0.1771760154738878
UnifiedBugDataSet_File,Unified-file,GaussianNB,35829,6,0.27840576069664236,2,5,0.5702614379084967,0.174937343358396,0.26774069812044493,0.4074778639926747,0.7335659455687369,0.6566182380516088,0.19896513800475904,0.174937343358396,0.05087040618955513
UnifiedBugDataSet_File,Unified-file,DecisionTree,35829,6,0.27840576069664236,2,5,0.3608967291436972,0.49223057644110274,0.4164546225614928,0.5715436202250923,0.6159106769016051,0.593319323453702,0.14395257408574105,0.49223057644110274,0.33636363636363636
UnifiedBugDataSet_File,Unified-file,RandomForest,35829,6,0.27840576069664236,2,5,0.4841979725700656,0.4070175438596491,0.4422657952069717,0.5821673847707962,0.7141660851360782,0.6936375270865752,0.25375948407843774,0.4070175438596491,0.16731141199226304
UnifiedBugDataSet_File,Unified-file,KNN,35829,6,0.27840576069664236,2,5,0.4806201550387597,0.3418546365914787,0.3995313415348565,0.5414075794814175,0.7138869504535938,0.6644129181755161,0.22415744135284485,0.3418546365914787,0.1425531914893617
UnifiedBugDataSet_File,Unified-file,Dummy,35829,6,0.27840576069664236,3,1,0.2815040650406504,0.27769423558897244,0.2795861720918496,0.4491762251103286,0.6015908456600614,0.5021230798907925,0.004264070404539862,0.27769423558897244,0.27344807580738734
UnifiedBugDataSet_File,Unified-file,LogisticRegression,35829,6,0.27840576069664236,3,1,0.5051268213707502,0.4691729323308271,0.4864864864864865,0.6212665172877656,0.7242534189226905,0.7145513658445087,0.29873948997219485,0.4691729323308271,0.17733513827112743
UnifiedBugDataSet_File,Unified-file,GaussianNB,35829,6,0.27840576069664236,3,1,0.589527027027027,0.174937343358396,0.2698105914186316,0.4083093679403152,0.7363940831705275,0.6768882174494446,0.20830736845304135,0.174937343358396,0.04699284471088764
UnifiedBugDataSet_File,Unified-file,DecisionTree,35829,6,0.27840576069664236,3,1,0.3681666046857568,0.49624060150375937,0.4227156276686593,0.5772297904513758,0.6226625732626291,0.5960561333715259,0.15521884931732896,0.49624060150375937,0.3285631405917617
UnifiedBugDataSet_File,Unified-file,RandomForest,35829,6,0.27840576069664236,3,1,0.5026056745801969,0.43508771929824563,0.4664159054271897,0.6023383567073766,0.7228579402735138,0.7153544759209957,0.28187412884997287,0.43508771929824563,0.16611873912202668
UnifiedBugDataSet_File,Unified-file,KNN,35829,6,0.27840576069664236,3,1,0.5283414975507348,0.37844611528822053,0.44100467289719625,0.573688574605239,0.7329053865475859,0.6884269269189218,0.27831309032192375,0.37844611528822053,0.1303422935602398
UnifiedBugDataSet_File,Unified-file,Dummy,35829,6,0.27840576069664236,3,2,0.2621951219512195,0.2586466165413534,0.2604087812263437,0.43129976458425956,0.5909852079263187,0.48892493271469134,-0.0222435655127152,0.2586466165413534,0.2807967511119706
UnifiedBugDataSet_File,Unified-file,LogisticRegression,35829,6,0.27840576069664236,3,2,0.49604966139954854,0.4406015037593985,0.46668436421555615,0.6037485611562015,0.7196483393804075,0.7074196805105007,0.2783277303940201,0.4406015037593985,0.17269386965770644
UnifiedBugDataSet_File,Unified-file,GaussianNB,35829,6,0.27840576069664236,3,2,0.5863247863247864,0.17192982456140352,0.26589147286821707,0.40482539676843565,0.7356963438459392,0.6540287578354124,0.20483188206367145,0.17192982456140352,0.04679945851866177
UnifiedBugDataSet_File,Unified-file,DecisionTree,35829,6,0.27840576069664236,3,2,0.3642408570373107,0.4942355889724311,0.4193960017014037,0.5742345062933125,0.6190343287747697,0.5946219251474267,0.14922709618437052,0.4942355889724311,0.332817636820731
UnifiedBugDataSet_File,Unified-file,RandomForest,35829,6,0.27840576069664236,3,2,0.48398576512455516,0.40902255639097745,0.44335778321108393,0.5832719370833607,0.7140664247837009,0.6995410591844143,0.2544215396030165,0.40902255639097745,0.16824598723651132
UnifiedBugDataSet_File,Unified-file,KNN,35829,6,0.27840576069664236,3,2,0.5074520936834634,0.3583959899749373,0.4200940070505288,0.5570418816593647,0.7245325146525258,0.6775550847724611,0.25282123163954673,0.3583959899749373,0.1342100174047573
UnifiedBugDataSet_File,Unified-file,Dummy,35829,6,0.27840576069664236,3,3,0.2733739837398374,0.2696741854636591,0.2715114812011103,0.4416988545737946,0.5971253139826961,0.4965659652903289,-0.006897039455357006,0.2696741854636591,0.2765422548830013
UnifiedBugDataSet_File,Unified-file,LogisticRegression,35829,6,0.27840576069664236,3,3,0.503426462836057,0.47869674185463656,0.4907502569373073,0.6256937393361479,0.7234161317331845,0.712559051855126,0.30124865941918555,0.47869674185463656,0.1821697930767743
UnifiedBugDataSet_File,Unified-file,GaussianNB,35829,6,0.27840576069664236,3,3,0.559190031152648,0.1799498746867168,0.27227910504361014,0.41243366172941404,0.7322076472229975,0.673589892348353,0.19652301388064358,0.1799498746867168,0.05472829239992265
UnifiedBugDataSet_File,Unified-file,DecisionTree,35829,6,0.27840576069664236,3,3,0.3597335307179867,0.48721804511278194,0.4138812007664467,0.5693990652777512,0.6158247278816634,0.5880083597118885,0.14118189919713042,0.48721804511278194,0.3345581125507639
UnifiedBugDataSet_File,Unified-file,RandomForest,35829,6,0.27840576069664236,3,3,0.49652375434530704,0.4295739348370927,0.46062886320881485,0.5978151200387047,0.7199274351102428,0.7094672961653796,0.27412332809872664,0.4295739348370927,0.16805260104428543
UnifiedBugDataSet_File,Unified-file,KNN,35829,6,0.27840576069664236,3,3,0.5128388017118403,0.36040100250626567,0.42331468943185163,0.5592836847613629,0.7266257326262908,0.6852499649820742,0.2579665057990541,0.36040100250626567,0.13208276929027268
UnifiedBugDataSet_File,Unified-file,Dummy,35829,6,0.27840576069664236,3,4,0.2738821138211382,0.27017543859649124,0.2720161493817815,0.4421682505475905,0.5974044097125314,0.49691328495285786,-0.006199470089113452,0.27017543859649124,0.27634886869077546
UnifiedBugDataSet_File,Unified-file,LogisticRegression,35829,6,0.27840576069664236,3,4,0.47712765957446807,0.4496240601503759,0.46296774193548385,0.6034493712553626,0.7096008931063355,0.6957857804441485,0.26442111943390134,0.4496240601503759,0.1900986269580352
UnifiedBugDataSet_File,Unified-file,GaussianNB,35829,6,0.27840576069664236,3,4,0.5705128205128205,0.17844611528822055,0.2718594883543337,0.4113364794598126,0.7338822216020094,0.6525261131944152,0.20128375028882128,0.17844611528822055,0.05182749951653452
UnifiedBugDataSet_File,Unified-file,DecisionTree,35829,6,0.27840576069664236,3,4,0.3660979228486647,0.49473684210526314,0.4208057983372415,0.5755239341297819,0.6208484510186995,0.5967200441637841,0.15195798483503684,0.49473684210526314,0.3304970025140205
UnifiedBugDataSet_File,Unified-file,RandomForest,35829,6,0.27840576069664236,3,4,0.47485380116959064,0.4070175438596491,0.43832658569500677,0.5799435759856905,0.7096008931063355,0.6910048278693253,0.24538264189915227,0.4070175438596491,0.17366080061883582
UnifiedBugDataSet_File,Unified-file,KNN,35829,6,0.27840576069664236,3,4,0.4759322033898305,0.3518796992481203,0.4046109510086455,0.5470631347020873,0.7116941110801005,0.660945634246126,0.22436862603517357,0.3518796992481203,0.14948752659060144
UnifiedBugDataSet_File,Unified-file,Dummy,35829,6,0.27840576069664236,3,5,0.26676829268292684,0.2631578947368421,0.26495079485238454,0.43555462179342247,0.593440334961619,0.49202382164308256,-0.01601963691292817,0.2631578947368421,0.27911025145067697
UnifiedBugDataSet_File,Unified-file,LogisticRegression,35829,6,0.27840576069664236,3,5,0.48691938067271756,0.45714285714285713,0.47156153050672184,0.6100566428523309,0.7147243545010468,0.69511690250772,0.27671208261770247,0.45714285714285713,0.18588007736943907
UnifiedBugDataSet_File,Unified-file,GaussianNB,35829,6,0.27840576069664236,3,5,0.5705128205128205,0.17844611528822055,0.2718594883543337,0.4113343050032494,0.7338450802512212,0.6575955362293548,0.20126373510248638,0.17844611528822055,0.051837524177949706
UnifiedBugDataSet_File,Unified-file,DecisionTree,35829,6,0.27840576069664236,3,5,0.36960464272760246,0.5107769423558898,0.42887205387205385,0.5822962725006618,0.6212142358688068,0.6051463281026551,0.16085646619707486,0.5107769423558898,0.33617021276595743
UnifiedBugDataSet_File,Unified-file,RandomForest,35829,6,0.27840576069664236,3,5,0.488157134604275,0.42355889724310775,0.45356951154052605,0.5924290743060053,0.715840893230984,0.6996343857710039,0.2640758201224249,0.42355889724310775,0.17137330754352031
UnifiedBugDataSet_File,Unified-file,KNN,35829,6,0.27840576069664236,3,5,0.4982626824183461,0.3593984962406015,0.41758881770529993,0.5560645968205269,0.7208653175157014,0.670875205421678,0.24585720100310615,0.3593984962406015,0.13965183752417795
ApacheJIT,dataset_apachejit_total,Dummy,106272,15,0.26560147545919904,1,1,0.2650988776055585,0.26359610274579276,0.26434535441463847,0.44038603705093987,0.6103505057633498,0.49967120960479894,-0.00065877768638101,0.26359610274579276,0.26425368353619477
ApacheJIT,dataset_apachejit_total,LogisticRegression,106272,15,0.26560147545919904,1,1,0.541994750656168,0.6584588131089459,0.5945773014476525,0.7252348551836949,0.7615149376617266,0.8050217065779074,0.4319609226313622,0.6584588131089459,0.20121716848174248
ApacheJIT,dataset_apachejit_total,GaussianNB,106272,15,0.26560147545919904,1,1,0.0,0.0,0.0,0.0,0.734415431663138,0.6277126072916626,0.0,0.0,0.0
ApacheJIT,dataset_apachejit_total,DecisionTree,106272,15,0.26560147545919904,1,1,0.5297537096527459,0.6134632418069088,0.5685437530783123,0.7018952652921603,0.7527170077628793,0.7213466986766108,0.3986342523035964,0.6134632418069088,0.1969250480461243
ApacheJIT,dataset_apachejit_total,RandomForest,106272,15,0.26560147545919904,1,1,0.7596110357304388,0.5950398582816652,0.6673288963941592,0.7446604641161242,0.8424370736297342,0.8720151341745117,0.5733324312390584,0.5950398582816652,0.06809737347853939
ApacheJIT,dataset_apachejit_total,KNN,106272,15,0.26560147545919904,1,1,0.6684246732400826,0.516386182462356,0.5826504097541475,0.6845084503519697,0.8035285815102329,0.7983964141448243,0.4634332430591246,0.516386182462356,0.09263292761050608
ApacheJIT,dataset_apachejit_total,Dummy,106272,15,0.26560147545919904,1,2,0.27026545519330125,0.2686857952532767,0.2694733102406963,0.44517325550501946,0.6130322277111268,0.5031365423188031,0.006284857895748524,0.2686857952532767,0.26241271061567045
ApacheJIT,dataset_apachejit_total,LogisticRegression,106272,15,0.26560147545919904,1,2,0.5462517680339463,0.6840240878498052,0.6074237181503618,0.7371850365002945,0.7651376146788991,0.8118565029435342,0.44855636570889673,0.6840240878498052,0.20552245499391378
ApacheJIT,dataset_apachejit_total,GaussianNB,106272,15,0.26560147545919904,1,2,0.0,0.0,0.0,0.0,0.7343683839096683,0.6318449461713903,0.0,0.0,0.0
ApacheJIT,dataset_apachejit_total,DecisionTree,106272,15,0.26560147545919904,1,2,0.5472659870250232,0.6275239107332625,0.5846534653465346,0.7139256287151343,0.7631616090331687,0.7332587535275514,0.4220104706756204,0.6275239107332625,0.18777628291370363
ApacheJIT,dataset_apachejit_total,RandomForest,106272,15,0.26560147545919904,1,2,0.7742746173177976,0.6002479631597591,0.6762446373341315,0.7498361009697805,0.8473300399905904,0.8784247439197079,0.5864675502570532,0.6002479631597591,0.06329681593952208
ApacheJIT,dataset_apachejit_total,KNN,106272,15,0.26560147545919904,1,2,0.6737992260414295,0.5242649663478569,0.5897001693395757,0.6900248487870363,0.8062103034580099,0.8016431510954004,0.47170201303705034,0.5242649663478569,0.09180600935357806
ApacheJIT,dataset_apachejit_total,Dummy,106272,15,0.26560147545919904,1,3,0.2697309816497417,0.2682019486271036,0.26896429205898026,0.44471429113153527,0.6127787710548602,0.5027985206009501,0.005607228291573649,0.2682019486271036,0.2626049074252034
ApacheJIT,dataset_apachejit_total,LogisticRegression,106272,15,0.26560147545919904,1,3,0.5397549159304645,0.671036315323295,0.5982784490247177,0.7295049669395575,0.7606568175402277,0.8077994906642684,0.4358474843256329,0.671036315323295,0.20693189826382216
ApacheJIT,dataset_apachejit_total,GaussianNB,106272,15,0.26560147545919904,1,3,0.0,0.0,0.0,0.0,0.7344029359179448,0.6222890305217272,0.0,0.0,0.0
ApacheJIT,dataset_apachejit_total,DecisionTree,106272,15,0.26560147545919904,1,3,0.5424256577923089,0.6171833480956599,0.5773947630096122,0.7077956140908807,0.7600451679683824,0.7270522371861843,0.41249230654638047,0.6171833480956599,0.18828880773912487
ApacheJIT,dataset_apachejit_total,RandomForest,106272,15,0.26560147545919904,1,3,0.7632363052945221,0.5899025686448184,0.6654676258992805,0.7422014237797065,0.8424767102663028,0.8718994418575143,0.5726650879873221,0.5899025686448184,0.0661797680825165
ApacheJIT,dataset_apachejit_total,KNN,106272,15,0.26560147545919904,1,3,0.6769091730682332,0.5307351638618246,0.594975672723662,0.6943432091186997,0.808083184341771,0.8006714688063784,0.4776195677207585,0.5307351638618246,0.0916138125440451
ApacheJIT,dataset_apachejit_total,Dummy,106272,15,0.26560147545919904,1,4,0.26313914127917337,0.26164747564216123,0.26239118848818616,0.4385400189256131,0.6092970734920485,0.4983360704496923,-0.003333916086414786,0.26164747564216123,0.2649753347427766
ApacheJIT,dataset_apachejit_total,LogisticRegression,106272,15,0.26560147545919904,1,4,0.5398737808376363,0.666784765279008,0.5966553063327257,0.7278361926740974,0.7605627176060977,0.8060300372914018,0.43390462542289393,0.666784765279008,0.20552245499391378
ApacheJIT,dataset_apachejit_total,GaussianNB,106272,15,0.26560147545919904,1,4,0.0,0.0,0.0,0.0,0.7344029359179448,0.6330953202545306,0.0,0.0,0.0
ApacheJIT,dataset_apachejit_total,DecisionTree,106272,15,0.26560147545919904,1,4,0.5415647921760391,0.6278122232063773,0.5815079169743211,0.7121437473714952,0.7599981180013174,0.730919246073258,0.4167683878570318,0.6278122232063773,0.19219680953296175
ApacheJIT,dataset_apachejit_total,RandomForest,106272,15,0.26560147545919904,1,4,0.7680495072198029,0.5936226749335696,0.669664268585132,0.745074164541533,0.8444528088830338,0.870448290688283,0.5782039452071144,0.5936226749335696,0.06483439041578576
ApacheJIT,dataset_apachejit_total,KNN,106272,15,0.26560147545919904,1,4,0.660229059061307,0.520814880425155,0.5822935234699941,0.6858072900492482,0.8015432389197328,0.7967468235746213,0.46001525867478227,0.520814880425155,0.09693125760779038
ApacheJIT,dataset_apachejit_total,Dummy,106272,15,0.26560147545919904,1,5,0.2724033493675396,0.270859167404783,0.2716290637768698,0.447202987649034,0.6141902700668109,0.5046076220136222,0.009232016552920311,0.270859167404783,0.2616439233775386
ApacheJIT,dataset_apachejit_total,LogisticRegression,106272,15,0.26560147545919904,1,5,0.5457568309960966,0.6687333923826395,0.6010189460277026,0.730836020719779,0.7641855650701045,0.8073650759387355,0.44061235967889245,0.6687333923826395,0.2012941251841886
ApacheJIT,dataset_apachejit_total,GaussianNB,106272,15,0.26560147545919904,1,5,0.0,0.0,0.0,0.0,0.7344029359179448,0.6268903878386348,0.0,0.0,0.0
ApacheJIT,dataset_apachejit_total,DecisionTree,106272,15,0.26560147545919904,1,5,0.5381263616557734,0.612577502214349,0.5729434181095187,0.7043421792045382,0.7574574197798062,0.7258461752522803,0.406221992090247,0.612577502214349,0.19014671023127683
ApacheJIT,dataset_apachejit_total,RandomForest,106272,15,0.26560147545919904,1,5,0.7695133149678605,0.5937998228520814,0.6703329667033296,0.74538950251463,0.844876258586619,0.8750801770525862,0.5793030428481074,0.5937998228520814,0.06432186559036453
ApacheJIT,dataset_apachejit_total,KNN,106272,15,0.26560147545919904,1,5,0.6687214611872146,0.5188662533215235,0.5843391521197008,0.6860268701625727,0.803942787240049,0.8015486511863968,0.4650378243557884,0.5188662533215235,0.09295919021077584
ApacheJIT,dataset_apachejit_total,Dummy,106272,15,0.26560147545919904,2,1,0.2670586139319437,0.2655447298494243,0.2662995203410908,0.44222243268643335,0.6113855563396848,0.5009978614013297,0.0019993553184392858,0.2655447298494243,0.26354900704676487
ApacheJIT,dataset_apachejit_total,LogisticRegression,106272,15,0.26560147545919904,2,1,0.5411578796149978,0.6673162090345438,0.5976519117880374,0.728543079924859,0.7613737944013174,0.805718110112014,0.43543543406611124,0.6673162090345438,0.20461242793081358
ApacheJIT,dataset_apachejit_total,GaussianNB,106272,15,0.26560147545919904,2,1,0.0,0.0,0.0,0.0,0.734415431663138,0.6328518942400826,0.0,0.0,0.0
ApacheJIT,dataset_apachejit_total,DecisionTree,106272,15,0.26560147545919904,2,1,0.5402422198374981,0.6242692648361382,0.57922419460881,0.7101650383768339,0.7591155022347683,0.7301050234088321,0.41382070957232703,0.6242692648361382,0.19212043561819347
ApacheJIT,dataset_apachejit_total,RandomForest,106272,15,0.26560147545919904,2,1,0.769266589057043,0.5852967227635075,0.6647887323943662,0.7403642294098249,0.8432368854387203,0.8722654563261156,0.5739218951972478,0.5852967227635075,0.06348494554772581
ApacheJIT,dataset_apachejit_total,KNN,106272,15,0.26560147545919904,2,1,0.6729933683969814,0.5213463241806908,0.5875424236374526,0.6881764741006379,0.8055986826629028,0.799808734720141,0.4695003073499659,0.5213463241806908,0.09160794362588084
ApacheJIT,dataset_apachejit_total,Dummy,106272,15,0.26560147545919904,2,2,0.2690183502583289,0.26744597945448106,0.2682298605559996,0.44400992829736297,0.61237355916255,0.5022924048082835,0.004593414338209966,0.26744597945448106,0.262861169837914
ApacheJIT,dataset_apachejit_total,LogisticRegression,106272,15,0.26560147545919904,2,2,0.5413867047891351,0.6707403471484237,0.5991614587453524,0.7299918796390886,0.7616090331686662,0.8058786692791271,0.43728115782552895,0.6707403471484237,0.20552245499391378
ApacheJIT,dataset_apachejit_total,GaussianNB,106272,15,0.26560147545919904,2,2,0.0,0.0,0.0,0.0,0.7343683839096683,0.6236322373848688,0.0,0.0,0.0
ApacheJIT,dataset_apachejit_total,DecisionTree,106272,15,0.26560147545919904,2,2,0.541238717709306,0.6160113354587319,0.576209410205434,0.7068720600727456,0.7593036932486473,0.7264709313842865,0.4107787452890247,0.6160113354587319,0.18886539816772374
ApacheJIT,dataset_apachejit_total,RandomForest,106272,15,0.26560147545919904,2,2,0.768469505178366,0.5913921360255048,0.6684015614052647,0.7438258631918198,0.844130792754646,0.8716140574139912,0.577104171092979,0.5913921360255048,0.06444999679671984
ApacheJIT,dataset_apachejit_total,KNN,106272,15,0.26560147545919904,2,2,0.6686936936936937,0.5258590152320227,0.5887368629783859,0.6901462145886718,0.8048459186073865,0.7989308873753247,0.4689409084981711,0.5258590152320227,0.09424050227432891
ApacheJIT,dataset_apachejit_total,Dummy,106272,15,0.26560147545919904,2,3,0.26171387849634775,0.2602302922940655,0.26096997690531176,0.43719824907941657,0.6085442740190082,0.4973712163629339,-0.005267136492466339,0.2602302922940655,0.2654878595681978
ApacheJIT,dataset_apachejit_total,LogisticRegression,106272,15,0.26560147545919904,2,3,0.5392579810181191,0.6643046944198405,0.5952853401063577,0.7265985129921889,0.7600922179354475,0.8052821267011077,0.43209900378134725,0.6643046944198405,0.20526619258120316
ApacheJIT,dataset_apachejit_total,GaussianNB,106272,15,0.26560147545919904,2,3,0.0,0.0,0.0,0.0,0.7344029359179448,0.629902940894913,0.0,0.0,0.0
ApacheJIT,dataset_apachejit_total,DecisionTree,106272,15,0.26560147545919904,2,3,0.5483519900497512,0.624800708591674,0.5840854516850211,0.713104962864014,0.7636680154323892,0.7326626078922355,0.42174598406927527,0.624800708591674,0.18611057723108462
ApacheJIT,dataset_apachejit_total,RandomForest,106272,15,0.26560147545919904,2,3,0.7611326786937657,0.5904340124003543,0.6650039904229849,0.742204474351129,0.8420062105956526,0.8709067087354669,0.5715597238717677,0.5904340124003543,0.067012620923826
ApacheJIT,dataset_apachejit_total,KNN,106272,15,0.26560147545919904,2,3,0.6684672518568535,0.5261293179805138,0.5888183980967486,0.6902747374839733,0.8048367366142843,0.7976565324415673,0.46895122678038287,0.5261293179805138,0.09436863348068422
ApacheJIT,dataset_apachejit_total,Dummy,106272,15,0.26560147545919904,2,4,0.26420808836629256,0.26271036315323293,0.263457097175342,0.4395447428005108,0.6098616730968288,0.4990597110147612,-0.0018840007818761207,0.26271036315323293,0.2645909411237107
ApacheJIT,dataset_apachejit_total,LogisticRegression,106272,15,0.26560147545919904,2,4,0.5452830188679245,0.6655447298494243,0.5994415636218587,0.7293546684600523,0.7637621153665193,0.805790179985758,0.43859505730172565,0.6655447298494243,0.20071753475558973
ApacheJIT,dataset_apachejit_total,GaussianNB,106272,15,0.26560147545919904,2,4,0.0,0.0,0.0,0.0,0.7344029359179448,0.6220682340098014,0.0,0.0,0.0
ApacheJIT,dataset_apachejit_total,DecisionTree,106272,15,0.26560147545919904,2,4,0.5476600406949444,0.6198405668733392,0.5815190294166528,0.710687932976324,0.7630563658605439,0.7306705762005874,0.41869833590086125,0.6198405668733392,0.1851495931834198
ApacheJIT,dataset_apachejit_total,RandomForest,106272,15,0.26560147545919904,2,4,0.7601727665378495,0.5923826395039858,0.6658701712465154,0.7431984688365845,0.8421003105297826,0.8724383987094724,0.5720928788081624,0.5923826395039858,0.06758921135242488
ApacheJIT,dataset_apachejit_total,KNN,106272,15,0.26560147545919904,2,4,0.6678192715537113,0.5131975199291409,0.5803866573174397,0.6825099831833852,0.8029076879646184,0.7973641856027623,0.4611934636776903,0.5131975199291409,0.0923185341789993
ApacheJIT,dataset_apachejit_total,Dummy,106272,15,0.26560147545919904,2,5,0.26438624621414575,0.2628875110717449,0.2636347486232013,0.43971206391747625,0.6099557730309588,0.499180317775606,-0.0016423482311196766,0.2628875110717449,0.264526875520533
ApacheJIT,dataset_apachejit_total,LogisticRegression,106272,15,0.26560147545919904,2,5,0.5500993471473177,0.6866253321523472,0.6108265700102434,0.7397161568721603,0.7676202126658511,0.8157020310498571,0.45364044090072775,0.6866253321523472,0.20308796207316293
ApacheJIT,dataset_apachejit_total,GaussianNB,106272,15,0.26560147545919904,2,5,0.0,0.0,0.0,0.0,0.7344029359179448,0.6333343604258201,0.0,0.0,0.0
ApacheJIT,dataset_apachejit_total,DecisionTree,106272,15,0.26560147545919904,2,5,0.544035846724351,0.6237378210806023,0.5811669555170422,0.7112070364744356,0.761221417145008,0.7317648098934089,0.41716085072838105,0.6237378210806023,0.18905759497725672
ApacheJIT,dataset_apachejit_total,RandomForest,106272,15,0.26560147545919904,2,5,0.7760345611641656,0.6046058458813109,0.67967738723489,0.7526303370534607,0.8486402559518208,0.8799351978409949,0.5903561399823477,0.6046058458813109,0.0631046191299891
ApacheJIT,dataset_apachejit_total,KNN,106272,15,0.26560147545919904,2,5,0.6824959853177335,0.5270150575730735,0.5947620951619352,0.6930269270438578,0.8092594335183966,0.8093457471930442,0.4794753342822868,0.5270150575730735,0.08866679479787302
ApacheJIT,dataset_apachejit_total,Dummy,106272,15,0.26560147545919904,3,1,0.27026545519330125,0.2687333923826395,0.2694972464025582,0.4452177579692079,0.6130792754645966,0.503168746159289,0.006349027508145224,0.2687333923826395,0.2623959000640615
ApacheJIT,dataset_apachejit_total,LogisticRegression,106272,15,0.26560147545919904,3,1,0.549135446685879,0.6751107174490699,0.6056416368692888,0.7347011866923967,0.7665019995295225,0.8111329579673723,0.44703624926240987,0.6751107174490699,0.20044843049327354
ApacheJIT,dataset_apachejit_total,GaussianNB,106272,15,0.26560147545919904,3,1,0.0,0.0,0.0,0.0,0.734415431663138,0.6256067713401676,0.0,0.0,0.0
ApacheJIT,dataset_apachejit_total,DecisionTree,106272,15,0.26560147545919904,3,1,0.5372412751170872,0.6299379982285208,0.5799086757990868,0.7115696242522161,0.7576099741237355,0.7317675980455852,0.41365007397799614,0.6299379982285208,0.19622037155669442
ApacheJIT,dataset_apachejit_total,RandomForest,106272,15,0.26560147545919904,3,1,0.7738205365402405,0.5927369353410098,0.6712809710101314,0.7453862718703229,0.8458245118795578,0.8789288622303274,0.5815601227473098,0.5927369353410098,0.06265214606021781
ApacheJIT,dataset_apachejit_total,KNN,106272,15,0.26560147545919904,3,1,0.6844919786096256,0.5215234720992028,0.5919967826261814,0.6900628074836792,0.809080216419666,0.8031696426798247,0.477743029710459,0.5215234720992028,0.08693145419602819
ApacheJIT,dataset_apachejit_total,Dummy,106272,15,0.26560147545919904,3,2,0.26171387849634775,0.2601842012043925,0.2609467981170619,0.4371595298437139,0.6085156433780287,0.4973481708180974,-0.005313612213087307,0.2601842012043925,0.2654878595681978
ApacheJIT,dataset_apachejit_total,LogisticRegression,106272,15,0.26560147545919904,3,2,0.5378874856486797,0.6638328019837053,0.594260345647693,0.7258718265838033,0.7592095977417078,0.8044825077641815,0.43049085709349283,0.6638328019837053,0.20629124223204562
ApacheJIT,dataset_apachejit_total,GaussianNB,106272,15,0.26560147545919904,3,2,0.0,0.0,0.0,0.0,0.7343683839096683,0.6251738457474112,0.0,0.0,0.0
ApacheJIT,dataset_apachejit_total,DecisionTree,106272,15,0.26560147545919904,3,2,0.5372128637059724,0.6213248317392844,0.576215505913272,0.7078364636643607,0.7572335920959774,0.7275267770052006,0.4094792037286658,0.6213248317392844,0.19360625280287014
ApacheJIT,dataset_apachejit_total,RandomForest,106272,15,0.26560147545919904,3,2,0.7659867063946826,0.59192348565356,0.6677989809171745,0.7437776481396396,0.8435662197130087,0.8694118164886073,0.5757494404939273,0.59192348565356,0.06541098084438465
ApacheJIT,dataset_apachejit_total,KNN,106272,15,0.26560147545919904,3,2,0.6637433648742211,0.5093871767623096,0.5764104619701372,0.6795874867346738,0.8011291460832746,0.796106242193352,0.45611738482465636,0.5093871767623096,0.09334358382984176
ApacheJIT,dataset_apachejit_total,Dummy,106272,15,0.26560147545919904,3,3,0.26438624621414575,0.2628875110717449,0.2636347486232013,0.43971206391747625,0.6099557730309588,0.499180317775606,-0.0016423482311196766,0.2628875110717449,0.264526875520533
ApacheJIT,dataset_apachejit_total,LogisticRegression,106272,15,0.26560147545919904,3,3,0.5447793172403942,0.6756421612046059,0.6031946860667404,0.7332745184518742,0.7639032652677143,0.8105257118985146,0.44303278625173825,0.6756421612046059,0.20417707732718304
ApacheJIT,dataset_apachejit_total,GaussianNB,106272,15,0.26560147545919904,3,3,0.0,0.0,0.0,0.0,0.7344029359179448,0.6263244371802713,0.0,0.0,0.0
ApacheJIT,dataset_apachejit_total,DecisionTree,106272,15,0.26560147545919904,3,3,0.5501012934393018,0.62533215234721,0.5853092356159841,0.7139134020174934,0.7646560647407546,0.7331726018709767,0.4236457568713834,0.62533215234721,0.18495739637388686
ApacheJIT,dataset_apachejit_total,RandomForest,106272,15,0.26560147545919904,3,3,0.7659574468085106,0.5930912311780336,0.6685303514376997,0.7444599106208105,0.8437941093441235,0.873552164183174,0.5764606563094314,0.5930912311780336,0.06553911205073996
ApacheJIT,dataset_apachejit_total,KNN,106272,15,0.26560147545919904,3,3,0.6690249834180854,0.5360496014171834,0.5952006294256491,0.6961602666544737,0.806342335560365,0.7999537808380972,0.47494077595038847,0.5360496014171834,0.09590620795694792
ApacheJIT,dataset_apachejit_total,Dummy,106272,15,0.26560147545919904,3,4,0.26830571886691607,0.26678476527900796,0.26754308047610587,0.4433836294623537,0.6120259715818199,0.5018336665141917,0.0036740078855220953,0.26678476527900796,0.2631174322506246
ApacheJIT,dataset_apachejit_total,LogisticRegression,106272,15,0.26560147545919904,3,4,0.5415214866434379,0.6607617360496014,0.5952285965052262,0.7260006658739946,0.761315517079138,0.8044372665244286,0.4326034148705709,0.6607617360496014,0.20231917483503106
ApacheJIT,dataset_apachejit_total,GaussianNB,106272,15,0.26560147545919904,3,4,0.0,0.0,0.0,0.0,0.7344029359179448,0.6344810609536264,0.0,0.0,0.0
ApacheJIT,dataset_apachejit_total,DecisionTree,106272,15,0.26560147545919904,3,4,0.5435364509526059,0.6115146147032773,0.5755251750583528,0.7056488780487528,0.7604215677049027,0.7257692908539229,0.41082367533782754,0.6115146147032773,0.1857261836120187
ApacheJIT,dataset_apachejit_total,RandomForest,106272,15,0.26560147545919904,3,4,0.7603760605365741,0.587422497785651,0.6628023186088347,0.7403346609446669,0.8412534111226122,0.8682975646956195,0.5692094092197553,0.587422497785651,0.06694855532064835
ApacheJIT,dataset_apachejit_total,KNN,106272,15,0.26560147545919904,3,4,0.6722493603163526,0.5119574844995571,0.581255028157683,0.6824543088369032,0.804083937141244,0.8037394224369544,0.4636382066046896,0.5119574844995571,0.09026843487731437
ApacheJIT,dataset_apachejit_total,Dummy,106272,15,0.26560147545919904,3,5,0.2656333511491181,0.26412754650132864,0.2648783087582164,0.4408822544858264,0.6106144725698692,0.5000245651015196,4.921962417543271e-05,0.26412754650132864,0.26407841629828943
ApacheJIT,dataset_apachejit_total,LogisticRegression,106272,15,0.26560147545919904,3,5,0.5414003692657293,0.6752878653675819,0.6009774554627147,0.7318418737930736,0.7618330667168532,0.8075997523855926,0.43953647746502394,0.6752878653675819,0.2068678326606445
ApacheJIT,dataset_apachejit_total,GaussianNB,106272,15,0.26560147545919904,3,5,0.0,0.0,0.0,0.0,0.7344029359179448,0.6304145861659949,0.0,0.0,0.0
ApacheJIT,dataset_apachejit_total,DecisionTree,106272,15,0.26560147545919904,3,5,0.5401662049861495,0.6217891939769707,0.5781108457547558,0.709056639690838,0.7589630187258869,0.729001148017022,0.4125517349961905,0.6217891939769707,0.1914280222948299
ApacheJIT,dataset_apachejit_total,RandomForest,106272,15,0.26560147545919904,3,5,0.7694241316270567,0.5964570416297609,0.6719888234707115,0.7469275400377985,0.8453467582572692,0.8754977781038749,0.5808725101951419,0.5964570416297609,0.0646421936062528
ApacheJIT,dataset_apachejit_total,KNN,106272,15,0.26560147545919904,3,5,0.6694802310084407,0.5339238263950399,0.5940672119838376,0.6950000519680039,0.80620118565917,0.7972687511196584,0.4740742088521737,0.5339238263950399,0.09532961752834902
